{"MinimumStandardFee": "-", "IncomePercentage": null, "IsFlagShip": true, "PortfolioHoldings": {"Title": "Portfolio Holdings", "Id": 11631, "URL": "/Assets/za/Personal/PortfolioHoldings/2017/June/2017-June-Balanced-Plus-Fund-Portofolio-Holdings.pdf", "LastUpdated": "/Date(1498773600000)/", "Size": "0.04"}, "SearchTags": "Coronation Balanced Plus Fund,Balanced Plus Fund,Balanced Plus,general investor,general investor report", "DisplayCapital": "R 87.94 billion", "FundSize": "R56.90 billion", "AdviceCosts": "Coronation does not provide financial advice and therefore does not charge advice fees. However, investments are often placed on your behalf by a financial adviser, in which case fees are negotiated directly between you and your adviser, within the following ranges:\u00a0\r\n\r\nInitial          0.00% - 3.00%,\r\nOngoing    0.00% - 1.00% when the initial fee is less than 1.50% and\r\n                 0.00% - 0.50% when the initial fee is more than 1.50%.\r\n\r\nSharing of annual management fees: \r\nA portion of Coronation\u2019s annual management fee may be paid to administration platforms as a subsidy for administrative and advice costs incurred when investing through these channels. Where commission and incentives are paid, these are included in the overall \r\ncosts. ", "CompareFundAnnualManagementFee": "1.25%", "KIID": {"Title": null, "Id": 0, "URL": null, "LastUpdated": "/Date(1507759200000)/", "Size": null}, "MinimumDiscountedFee": null, "Benefits": {"Title": null, "Id": 0, "URL": null, "LastUpdated": "/Date(1507759200000)/", "Size": null}, "MaximumFee": "-", "FundCode": "TMPBF", "NumberOfUnits": "240396307.53870", "FundProjection": "-", "FundHighlights": "Best performing balanced fund in South Africa over 5 years, 10 years and since launch.\r\nOutperformed inflation by on average 9.4% per annum over all rolling 5-year periods since launch.\r\nRepresents Coronation\u2019s best view on asset allocation for long-term investors subject to retirement fund restrictions.", "FundPerformanceChartData": {"TenYears": {"LastPerformanceDate": "2017-09-30", "FundPerformanceSeries": [{"BenchMarkReturn": 103530.87601899999, "NetReturn": null, "PerformanceDate": "2007-10-31", "FundReturn": 104740.00000000001}, {"BenchMarkReturn": 101395.55587081415, "NetReturn": null, "PerformanceDate": "2007-11-30", "FundReturn": 101147.41800000002}, {"BenchMarkReturn": 99056.12430553566, "NetReturn": null, "PerformanceDate": "2007-12-31", "FundReturn": 99306.53499240002}, {"BenchMarkReturn": 95788.04815544237, "NetReturn": null, "PerformanceDate": "2008-01-31", "FundReturn": 94351.13889627926}, {"BenchMarkReturn": 103030.2295658148, "NetReturn": null, "PerformanceDate": "2008-02-29", "FundReturn": 100767.01634122625}, {"BenchMarkReturn": 101478.03877079218, "NetReturn": null, "PerformanceDate": "2008-03-31", "FundReturn": 99265.58779774197}, {"BenchMarkReturn": 103415.97648161763, "NetReturn": null, "PerformanceDate": "2008-04-30", "FundReturn": 101161.56052467883}, {"BenchMarkReturn": 105326.85506825885, "NetReturn": null, "PerformanceDate": "2008-05-31", "FundReturn": 102668.86777649654}, {"BenchMarkReturn": 101216.57345113697, "NetReturn": null, "PerformanceDate": "2008-06-30", "FundReturn": 97699.69457611411}, {"BenchMarkReturn": 98191.97192783085, "NetReturn": null, "PerformanceDate": "2008-07-31", "FundReturn": 96322.1288825909}, {"BenchMarkReturn": 99340.61680403598, "NetReturn": null, "PerformanceDate": "2008-08-31", "FundReturn": 99924.57650279981}, {"BenchMarkReturn": 92515.70076111963, "NetReturn": null, "PerformanceDate": "2008-09-30", "FundReturn": 95457.94793312467}, {"BenchMarkReturn": 86132.75900498715, "NetReturn": null, "PerformanceDate": "2008-10-31", "FundReturn": 89300.91029143812}, {"BenchMarkReturn": 87658.99781664675, "NetReturn": null, "PerformanceDate": "2008-11-30", "FundReturn": 89693.83429672045}, {"BenchMarkReturn": 89932.81638122896, "NetReturn": null, "PerformanceDate": "2008-12-31", "FundReturn": 91173.78256261634}, {"BenchMarkReturn": 87079.93241625241, "NetReturn": null, "PerformanceDate": "2009-01-31", "FundReturn": 89678.53252858944}, {"BenchMarkReturn": 80452.4441248431, "NetReturn": null, "PerformanceDate": "2009-02-28", "FundReturn": 83517.61734387535}, {"BenchMarkReturn": 85884.03529490494, "NetReturn": null, "PerformanceDate": "2009-03-31", "FundReturn": 88495.26733757033}, {"BenchMarkReturn": 86651.46368662734, "NetReturn": null, "PerformanceDate": "2009-04-30", "FundReturn": 89778.4487139651}, {"BenchMarkReturn": 92339.82726450225, "NetReturn": null, "PerformanceDate": "2009-05-31", "FundReturn": 95034.79732927034}, {"BenchMarkReturn": 90432.36345269943, "NetReturn": null, "PerformanceDate": "2009-06-30", "FundReturn": 95234.3704036618}, {"BenchMarkReturn": 96881.17450926182, "NetReturn": null, "PerformanceDate": "2009-07-31", "FundReturn": 101929.34664303923}, {"BenchMarkReturn": 99609.36291561881, "NetReturn": null, "PerformanceDate": "2009-08-31", "FundReturn": 105374.55855957395}, {"BenchMarkReturn": 99703.04472456605, "NetReturn": null, "PerformanceDate": "2009-09-30", "FundReturn": 105701.21969110865}, {"BenchMarkReturn": 103752.41748382652, "NetReturn": null, "PerformanceDate": "2009-10-31", "FundReturn": 109390.19225832833}, {"BenchMarkReturn": 104889.88791871321, "NetReturn": null, "PerformanceDate": "2009-11-30", "FundReturn": 108941.69247006919}, {"BenchMarkReturn": 107113.27086434199, "NetReturn": null, "PerformanceDate": "2009-12-31", "FundReturn": 112122.7898901952}, {"BenchMarkReturn": 105019.86998565712, "NetReturn": null, "PerformanceDate": "2010-01-31", "FundReturn": 111147.3216181505}, {"BenchMarkReturn": 105971.88487392501, "NetReturn": null, "PerformanceDate": "2010-02-28", "FundReturn": 112514.43367405374}, {"BenchMarkReturn": 111405.13070355805, "NetReturn": null, "PerformanceDate": "2010-03-31", "FundReturn": 116767.47926693298}, {"BenchMarkReturn": 112137.23063402779, "NetReturn": null, "PerformanceDate": "2010-04-30", "FundReturn": 117643.23536143498}, {"BenchMarkReturn": 108342.04934160854, "NetReturn": null, "PerformanceDate": "2010-05-31", "FundReturn": 114419.81071253167}, {"BenchMarkReturn": 106129.34554015932, "NetReturn": null, "PerformanceDate": "2010-06-30", "FundReturn": 112943.79515434001}, {"BenchMarkReturn": 112464.55077743641, "NetReturn": null, "PerformanceDate": "2010-07-31", "FundReturn": 118613.57367108788}, {"BenchMarkReturn": 110771.4184462113, "NetReturn": null, "PerformanceDate": "2010-08-31", "FundReturn": 117451.16064911122}, {"BenchMarkReturn": 117058.27278672397, "NetReturn": null, "PerformanceDate": "2010-09-30", "FundReturn": 123493.20070638343}, {"BenchMarkReturn": 120206.64680700877, "NetReturn": null, "PerformanceDate": "2010-10-31", "FundReturn": 126259.44840220641}, {"BenchMarkReturn": 119218.11254136714, "NetReturn": null, "PerformanceDate": "2010-11-30", "FundReturn": 125969.05167088134}, {"BenchMarkReturn": 124109.17115937069, "NetReturn": null, "PerformanceDate": "2010-12-31", "FundReturn": 129420.6036866635}, {"BenchMarkReturn": 122912.54180656317, "NetReturn": null, "PerformanceDate": "2011-01-31", "FundReturn": 129912.40198067282}, {"BenchMarkReturn": 125053.44487391661, "NetReturn": null, "PerformanceDate": "2011-02-28", "FundReturn": 130912.72747592401}, {"BenchMarkReturn": 125310.3705528531, "NetReturn": null, "PerformanceDate": "2011-03-31", "FundReturn": 131174.55293087586}, {"BenchMarkReturn": 127840.8044684699, "NetReturn": null, "PerformanceDate": "2011-04-30", "FundReturn": 133155.28868013207}, {"BenchMarkReturn": 128006.41788407144, "NetReturn": null, "PerformanceDate": "2011-05-31", "FundReturn": 134233.84651844113}, {"BenchMarkReturn": 126290.76079381944, "NetReturn": null, "PerformanceDate": "2011-06-30", "FundReturn": 132274.0323592719}, {"BenchMarkReturn": 125036.54944137874, "NetReturn": null, "PerformanceDate": "2011-07-31", "FundReturn": 131110.0208745103}, {"BenchMarkReturn": 125972.81574643936, "NetReturn": null, "PerformanceDate": "2011-08-31", "FundReturn": 131306.68590582206}, {"BenchMarkReturn": 123822.6138464013, "NetReturn": null, "PerformanceDate": "2011-09-30", "FundReturn": 131135.9872141445}, {"BenchMarkReturn": 132324.59991892442, "NetReturn": null, "PerformanceDate": "2011-10-31", "FundReturn": 137679.6729761303}, {"BenchMarkReturn": 133782.79649971798, "NetReturn": null, "PerformanceDate": "2011-11-30", "FundReturn": 138065.17606046345}, {"BenchMarkReturn": 131965.7027702327, "NetReturn": null, "PerformanceDate": "2011-12-31", "FundReturn": 138175.6282013118}, {"BenchMarkReturn": 137237.60221378913, "NetReturn": null, "PerformanceDate": "2012-01-31", "FundReturn": 141940.91406979755}, {"BenchMarkReturn": 138664.88521648393, "NetReturn": null, "PerformanceDate": "2012-02-29", "FundReturn": 143482.39239659556}, {"BenchMarkReturn": 137968.6467478387, "NetReturn": null, "PerformanceDate": "2012-03-31", "FundReturn": 145347.6634977513}, {"BenchMarkReturn": 141147.35441335122, "NetReturn": null, "PerformanceDate": "2012-04-30", "FundReturn": 147825.84116038794}, {"BenchMarkReturn": 138562.38868084547, "NetReturn": null, "PerformanceDate": "2012-05-31", "FundReturn": 146153.93089686395}, {"BenchMarkReturn": 141023.16303564253, "NetReturn": null, "PerformanceDate": "2012-06-30", "FundReturn": 146514.9311061792}, {"BenchMarkReturn": 145045.91306779656, "NetReturn": null, "PerformanceDate": "2012-07-31", "FundReturn": 149341.2041272174}, {"BenchMarkReturn": 148085.42487477747, "NetReturn": null, "PerformanceDate": "2012-08-31", "FundReturn": 153640.73739404}, {"BenchMarkReturn": 150090.18936350633, "NetReturn": null, "PerformanceDate": "2012-09-30", "FundReturn": 155822.43586503537}, {"BenchMarkReturn": 154436.21889753873, "NetReturn": null, "PerformanceDate": "2012-10-31", "FundReturn": 161234.14906262804}, {"BenchMarkReturn": 157884.15744199482, "NetReturn": null, "PerformanceDate": "2012-11-30", "FundReturn": 164275.02511394923}, {"BenchMarkReturn": 161090.4824893644, "NetReturn": null, "PerformanceDate": "2012-12-31", "FundReturn": 165904.6333630796}, {"BenchMarkReturn": 165941.26728891858, "NetReturn": null, "PerformanceDate": "2013-01-31", "FundReturn": 174626.50704543642}, {"BenchMarkReturn": 164418.9688982474, "NetReturn": null, "PerformanceDate": "2013-02-28", "FundReturn": 174794.14849220004}, {"BenchMarkReturn": 166473.7555015007, "NetReturn": null, "PerformanceDate": "2013-03-31", "FundReturn": 178573.19798260138}, {"BenchMarkReturn": 165372.7934720757, "NetReturn": null, "PerformanceDate": "2013-04-30", "FundReturn": 177237.47046169153}, {"BenchMarkReturn": 174281.5799838599, "NetReturn": null, "PerformanceDate": "2013-05-31", "FundReturn": 190790.8198278971}, {"BenchMarkReturn": 167017.90296685067, "NetReturn": null, "PerformanceDate": "2013-06-30", "FundReturn": 183411.03091695404}, {"BenchMarkReturn": 171864.01059634952, "NetReturn": null, "PerformanceDate": "2013-07-31", "FundReturn": 190107.36765573203}, {"BenchMarkReturn": 174629.57493130158, "NetReturn": null, "PerformanceDate": "2013-08-31", "FundReturn": 192523.6322986364}, {"BenchMarkReturn": 181996.05060375293, "NetReturn": null, "PerformanceDate": "2013-09-30", "FundReturn": 198603.5286066273}, {"BenchMarkReturn": 186857.52601354753, "NetReturn": null, "PerformanceDate": "2013-10-31", "FundReturn": 202601.4176374787}, {"BenchMarkReturn": 185343.01381257077, "NetReturn": null, "PerformanceDate": "2013-11-30", "FundReturn": 202964.07417504978}, {"BenchMarkReturn": 189863.34439110252, "NetReturn": null, "PerformanceDate": "2013-12-31", "FundReturn": 208381.18531478188}, {"BenchMarkReturn": 186695.8039028395, "NetReturn": null, "PerformanceDate": "2014-01-31", "FundReturn": 208195.72605985173}, {"BenchMarkReturn": 193496.54320045444, "NetReturn": null, "PerformanceDate": "2014-02-28", "FundReturn": 212584.49196519342}, {"BenchMarkReturn": 196235.25089717074, "NetReturn": null, "PerformanceDate": "2014-03-31", "FundReturn": 213806.85279399325}, {"BenchMarkReturn": 199798.85204829372, "NetReturn": null, "PerformanceDate": "2014-04-30", "FundReturn": 215564.34512395985}, {"BenchMarkReturn": 202825.92073995844, "NetReturn": null, "PerformanceDate": "2014-05-31", "FundReturn": 220809.0256408258}, {"BenchMarkReturn": 207186.42511194438, "NetReturn": null, "PerformanceDate": "2014-06-30", "FundReturn": 224242.60598954064}, {"BenchMarkReturn": 208748.37249289957, "NetReturn": null, "PerformanceDate": "2014-07-31", "FundReturn": 226431.21382399855}, {"BenchMarkReturn": 209817.5027499234, "NetReturn": null, "PerformanceDate": "2014-08-31", "FundReturn": 227264.48069087084}, {"BenchMarkReturn": 206433.07152571867, "NetReturn": null, "PerformanceDate": "2014-09-30", "FundReturn": 225548.6338616548}, {"BenchMarkReturn": 210376.280735784, "NetReturn": null, "PerformanceDate": "2014-10-31", "FundReturn": 226281.66692170515}, {"BenchMarkReturn": 212789.2968268344, "NetReturn": null, "PerformanceDate": "2014-11-30", "FundReturn": 229187.12352497983}, {"BenchMarkReturn": 213352.70271273734, "NetReturn": null, "PerformanceDate": "2014-12-31", "FundReturn": 231133.44933409098}, {"BenchMarkReturn": 221156.65101715273, "NetReturn": null, "PerformanceDate": "2015-01-31", "FundReturn": 235439.46549518508}, {"BenchMarkReturn": 224618.8992946509, "NetReturn": null, "PerformanceDate": "2015-02-28", "FundReturn": 242271.91878385536}, {"BenchMarkReturn": 225899.44096800103, "NetReturn": null, "PerformanceDate": "2015-03-31", "FundReturn": 241874.59283704986}, {"BenchMarkReturn": 230563.3427062621, "NetReturn": null, "PerformanceDate": "2015-04-30", "FundReturn": 249157.43682737346}, {"BenchMarkReturn": 225562.03320859326, "NetReturn": null, "PerformanceDate": "2015-05-31", "FundReturn": 246142.63184176225}, {"BenchMarkReturn": 225562.65256753826, "NetReturn": null, "PerformanceDate": "2015-06-30", "FundReturn": 242536.64228528042}, {"BenchMarkReturn": 228097.57315463253, "NetReturn": null, "PerformanceDate": "2015-07-31", "FundReturn": 244569.0993476311}, {"BenchMarkReturn": 224405.47445452475, "NetReturn": null, "PerformanceDate": "2015-08-31", "FundReturn": 241022.84740709045}, {"BenchMarkReturn": 223982.37970121118, "NetReturn": null, "PerformanceDate": "2015-09-30", "FundReturn": 238901.84634990804}, {"BenchMarkReturn": 236128.91559846257, "NetReturn": null, "PerformanceDate": "2015-10-31", "FundReturn": 251925.74773496573}, {"BenchMarkReturn": 232544.88948092988, "NetReturn": null, "PerformanceDate": "2015-11-30", "FundReturn": 247651.62588404384}, {"BenchMarkReturn": 229821.4534066313, "NetReturn": null, "PerformanceDate": "2015-12-31", "FundReturn": 249745.79279768193}, {"BenchMarkReturn": 227818.39669450853, "NetReturn": null, "PerformanceDate": "2016-01-31", "FundReturn": 239445.62696364426}, {"BenchMarkReturn": 228580.82183981192, "NetReturn": null, "PerformanceDate": "2016-02-29", "FundReturn": 240187.9084072316}, {"BenchMarkReturn": 237110.95851744802, "NetReturn": null, "PerformanceDate": "2016-03-31", "FundReturn": 253164.75670386665}, {"BenchMarkReturn": 239874.078511903, "NetReturn": null, "PerformanceDate": "2016-04-30", "FundReturn": 255335.5432266996}, {"BenchMarkReturn": 245465.11926086067, "NetReturn": null, "PerformanceDate": "2016-05-31", "FundReturn": 264373.0937121}, {"BenchMarkReturn": 241196.79419134118, "NetReturn": null, "PerformanceDate": "2016-06-30", "FundReturn": 252841.85317173123}, {"BenchMarkReturn": 243050.08836905318, "NetReturn": null, "PerformanceDate": "2016-07-31", "FundReturn": 256626.13718815253}, {"BenchMarkReturn": 244802.75118475303, "NetReturn": null, "PerformanceDate": "2016-08-31", "FundReturn": 263025.2382320077}, {"BenchMarkReturn": 242562.54415643384, "NetReturn": null, "PerformanceDate": "2016-09-30", "FundReturn": 257915.7099541127}, {"BenchMarkReturn": 238280.90246090502, "NetReturn": null, "PerformanceDate": "2016-10-31", "FundReturn": 250565.24117827546}, {"BenchMarkReturn": 239423.48602938867, "NetReturn": null, "PerformanceDate": "2016-11-30", "FundReturn": 249719.0322457682}, {"BenchMarkReturn": 241079.1816021051, "NetReturn": null, "PerformanceDate": "2016-12-31", "FundReturn": 251095.4086357972}, {"BenchMarkReturn": 247484.98776267908, "NetReturn": null, "PerformanceDate": "2017-01-31", "FundReturn": 256142.42634937674}, {"BenchMarkReturn": 243628.5054710273, "NetReturn": null, "PerformanceDate": "2017-02-28", "FundReturn": 255803.08886294908}, {"BenchMarkReturn": 248388.68548528643, "NetReturn": null, "PerformanceDate": "2017-03-31", "FundReturn": 260758.48072009327}, {"BenchMarkReturn": 254086.30450109724, "NetReturn": null, "PerformanceDate": "2017-04-30", "FundReturn": 267549.1530750059}, {"BenchMarkReturn": 253440.6040661586, "NetReturn": null, "PerformanceDate": "2017-05-31", "FundReturn": 266653.66605966387}, {"BenchMarkReturn": 248678.46801146766, "NetReturn": null, "PerformanceDate": "2017-06-30", "FundReturn": 261202.78514880544}, {"BenchMarkReturn": 259572.59179042836, "NetReturn": null, "PerformanceDate": "2017-07-31", "FundReturn": 273160.85761514585}, {"BenchMarkReturn": 263620.30747476575, "NetReturn": null, "PerformanceDate": "2017-08-31", "FundReturn": 274577.52445490955}, {"BenchMarkReturn": 265969.4435073959, "NetReturn": null, "PerformanceDate": "2017-09-30", "FundReturn": 276165.48865208967}], "InitialInvestedAmount": 100000}, "FiveYears": {"LastPerformanceDate": "2017-09-30", "FundPerformanceSeries": [{"BenchMarkReturn": 102895.612, "NetReturn": null, "PerformanceDate": "2012-10-31", "FundReturn": 103473}, {"BenchMarkReturn": 105192.85644953923, "NetReturn": null, "PerformanceDate": "2012-11-30", "FundReturn": 105424.50078000002}, {"BenchMarkReturn": 107329.12202490213, "NetReturn": null, "PerformanceDate": "2012-12-31", "FundReturn": 106470.3118277376}, {"BenchMarkReturn": 110561.03532991234, "NetReturn": null, "PerformanceDate": "2013-01-31", "FundReturn": 112067.62753772382}, {"BenchMarkReturn": 109546.77957000768, "NetReturn": null, "PerformanceDate": "2013-02-28", "FundReturn": 112175.21246016004}, {"BenchMarkReturn": 110915.81415645675, "NetReturn": null, "PerformanceDate": "2013-03-31", "FundReturn": 114600.44055354869}, {"BenchMarkReturn": 110182.28051638746, "NetReturn": null, "PerformanceDate": "2013-04-30", "FundReturn": 113743.22925820814}, {"BenchMarkReturn": 116117.90265769069, "NetReturn": null, "PerformanceDate": "2013-05-31", "FundReturn": 122441.17399958332}, {"BenchMarkReturn": 111278.36114747432, "NetReturn": null, "PerformanceDate": "2013-06-30", "FundReturn": 117705.14938927942}, {"BenchMarkReturn": 114507.15821279213, "NetReturn": null, "PerformanceDate": "2013-07-31", "FundReturn": 122002.56439348203}, {"BenchMarkReturn": 116349.75988228172, "NetReturn": null, "PerformanceDate": "2013-08-31", "FundReturn": 123553.21698692319}, {"BenchMarkReturn": 121257.79264824108, "NetReturn": null, "PerformanceDate": "2013-09-30", "FundReturn": 127455.02757937022}, {"BenchMarkReturn": 124496.82874407842, "NetReturn": null, "PerformanceDate": "2013-10-31", "FundReturn": 130020.69728454294}, {"BenchMarkReturn": 123487.76065814996, "NetReturn": null, "PerformanceDate": "2013-11-30", "FundReturn": 130253.43433268227}, {"BenchMarkReturn": 126499.50352935381, "NetReturn": null, "PerformanceDate": "2013-12-31", "FundReturn": 133729.89849502157}, {"BenchMarkReturn": 124389.07878960518, "NetReturn": null, "PerformanceDate": "2014-01-31", "FundReturn": 133610.87888536102}, {"BenchMarkReturn": 128920.18060675598, "NetReturn": null, "PerformanceDate": "2014-02-28", "FundReturn": 136427.39621226443}, {"BenchMarkReturn": 130744.88860954446, "NetReturn": null, "PerformanceDate": "2014-03-31", "FundReturn": 137211.85374048495}, {"BenchMarkReturn": 133119.1951290014, "NetReturn": null, "PerformanceDate": "2014-04-30", "FundReturn": 138339.73517823173}, {"BenchMarkReturn": 135136.02827745816, "NetReturn": null, "PerformanceDate": "2014-05-31", "FundReturn": 141705.5409351181}, {"BenchMarkReturn": 138041.28437079623, "NetReturn": null, "PerformanceDate": "2014-06-30", "FundReturn": 143909.06209665918}, {"BenchMarkReturn": 139081.95690747502, "NetReturn": null, "PerformanceDate": "2014-07-31", "FundReturn": 145313.6145427226}, {"BenchMarkReturn": 139794.2821177754, "NetReturn": null, "PerformanceDate": "2014-08-31", "FundReturn": 145848.3686442398}, {"BenchMarkReturn": 137539.35044065697, "NetReturn": null, "PerformanceDate": "2014-09-30", "FundReturn": 144747.2134609758}, {"BenchMarkReturn": 140166.5769281359, "NetReturn": null, "PerformanceDate": "2014-10-31", "FundReturn": 145217.64190472395}, {"BenchMarkReturn": 141774.28766611512, "NetReturn": null, "PerformanceDate": "2014-11-30", "FundReturn": 147082.2364267806}, {"BenchMarkReturn": 142149.6658892303, "NetReturn": null, "PerformanceDate": "2014-12-31", "FundReturn": 148331.30290318775}, {"BenchMarkReturn": 147349.17182463483, "NetReturn": null, "PerformanceDate": "2015-01-31", "FundReturn": 151094.71507627412}, {"BenchMarkReturn": 149655.95036371236, "NetReturn": null, "PerformanceDate": "2015-02-28", "FundReturn": 155479.4837077876}, {"BenchMarkReturn": 150509.13182665844, "NetReturn": null, "PerformanceDate": "2015-03-31", "FundReturn": 155224.49735450684}, {"BenchMarkReturn": 153616.53128963432, "NetReturn": null, "PerformanceDate": "2015-04-30", "FundReturn": 159898.30696985105}, {"BenchMarkReturn": 150284.32848618788, "NetReturn": null, "PerformanceDate": "2015-05-31", "FundReturn": 157963.53745551585}, {"BenchMarkReturn": 150284.74114403554, "NetReturn": null, "PerformanceDate": "2015-06-30", "FundReturn": 155649.37163179254}, {"BenchMarkReturn": 151973.67271101152, "NetReturn": null, "PerformanceDate": "2015-07-31", "FundReturn": 156953.71336606698}, {"BenchMarkReturn": 149513.75263511247, "NetReturn": null, "PerformanceDate": "2015-08-31", "FundReturn": 154677.884522259}, {"BenchMarkReturn": 149231.85895831202, "NetReturn": null, "PerformanceDate": "2015-09-30", "FundReturn": 153316.71913846312}, {"BenchMarkReturn": 157324.6836450965, "NetReturn": null, "PerformanceDate": "2015-10-31", "FundReturn": 161674.88740399983}, {"BenchMarkReturn": 154936.76866362328, "NetReturn": null, "PerformanceDate": "2015-11-30", "FundReturn": 158931.94359928105}, {"BenchMarkReturn": 153122.23562462322, "NetReturn": null, "PerformanceDate": "2015-12-31", "FundReturn": 160275.88800755094}, {"BenchMarkReturn": 151787.66690922802, "NetReturn": null, "PerformanceDate": "2016-01-31", "FundReturn": 153665.6936688107}, {"BenchMarkReturn": 152295.6449113457, "NetReturn": null, "PerformanceDate": "2016-02-29", "FundReturn": 154142.05731918404}, {"BenchMarkReturn": 157978.98551729086, "NetReturn": null, "PerformanceDate": "2016-03-31", "FundReturn": 162470.02897781917}, {"BenchMarkReturn": 159819.95860565372, "NetReturn": null, "PerformanceDate": "2016-04-30", "FundReturn": 163863.14448829237}, {"BenchMarkReturn": 163545.07932984483, "NetReturn": null, "PerformanceDate": "2016-05-31", "FundReturn": 169663.04771482656}, {"BenchMarkReturn": 160701.23917772007, "NetReturn": null, "PerformanceDate": "2016-06-30", "FundReturn": 162262.80366373467}, {"BenchMarkReturn": 161936.0261984916, "NetReturn": null, "PerformanceDate": "2016-07-31", "FundReturn": 164691.39104616977}, {"BenchMarkReturn": 163103.7659575874, "NetReturn": null, "PerformanceDate": "2016-08-31", "FundReturn": 168798.05322760154}, {"BenchMarkReturn": 161611.19203398898, "NetReturn": null, "PerformanceDate": "2016-09-30", "FundReturn": 165518.98224560215}, {"BenchMarkReturn": 158758.4794658417, "NetReturn": null, "PerformanceDate": "2016-10-31", "FundReturn": 160801.7740110936}, {"BenchMarkReturn": 159519.744124997, "NetReturn": null, "PerformanceDate": "2016-11-30", "FundReturn": 160258.71425990333}, {"BenchMarkReturn": 160622.8779005874, "NetReturn": null, "PerformanceDate": "2016-12-31", "FundReturn": 161142.01221528964}, {"BenchMarkReturn": 164890.84917022157, "NetReturn": null, "PerformanceDate": "2017-01-31", "FundReturn": 164380.96666081695}, {"BenchMarkReturn": 162321.40588548317, "NetReturn": null, "PerformanceDate": "2017-02-28", "FundReturn": 164163.1947561847}, {"BenchMarkReturn": 165492.95229664157, "NetReturn": null, "PerformanceDate": "2017-03-31", "FundReturn": 167343.34774868205}, {"BenchMarkReturn": 169289.0825034012, "NetReturn": null, "PerformanceDate": "2017-04-30", "FundReturn": 171701.30321075322}, {"BenchMarkReturn": 168858.87421485357, "NetReturn": null, "PerformanceDate": "2017-05-31", "FundReturn": 171126.61894890683}, {"BenchMarkReturn": 165686.0245603319, "NetReturn": null, "PerformanceDate": "2017-06-30", "FundReturn": 167628.4828296771}, {"BenchMarkReturn": 172944.4095521557, "NetReturn": null, "PerformanceDate": "2017-07-31", "FundReturn": 175302.64887640596}, {"BenchMarkReturn": 175641.26515711076, "NetReturn": null, "PerformanceDate": "2017-08-31", "FundReturn": 176211.80347400878}, {"BenchMarkReturn": 177206.41477987575, "NetReturn": null, "PerformanceDate": "2017-09-30", "FundReturn": 177230.88919704003}], "InitialInvestedAmount": 100000}, "ThreeYears": {"LastPerformanceDate": "2017-09-30", "FundPerformanceSeries": [{"BenchMarkReturn": 101910.16351252327, "NetReturn": null, "PerformanceDate": "2014-10-31", "FundReturn": 100578.33}, {"BenchMarkReturn": 103079.07316116443, "NetReturn": null, "PerformanceDate": "2014-11-30", "FundReturn": 101099.94933504601}, {"BenchMarkReturn": 103351.99739841909, "NetReturn": null, "PerformanceDate": "2014-12-31", "FundReturn": 105728.38589556389}, {"BenchMarkReturn": 107132.37437326013, "NetReturn": null, "PerformanceDate": "2015-01-31", "FundReturn": 103567.10737676395}, {"BenchMarkReturn": 108809.55150961196, "NetReturn": null, "PerformanceDate": "2015-02-28", "FundReturn": 103220.46826837392}, {"BenchMarkReturn": 109429.86959328229, "NetReturn": null, "PerformanceDate": "2015-03-31", "FundReturn": 105908.5357030189}, {"BenchMarkReturn": 111689.14990325918, "NetReturn": null, "PerformanceDate": "2015-04-30", "FundReturn": 107960.18526580423}, {"BenchMarkReturn": 109266.4230307165, "NetReturn": null, "PerformanceDate": "2015-05-31", "FundReturn": 107817.15961236409}, {"BenchMarkReturn": 109266.72305965102, "NetReturn": null, "PerformanceDate": "2015-06-30", "FundReturn": 109984.2845205726}, {"BenchMarkReturn": 110494.68550208285, "NetReturn": null, "PerformanceDate": "2015-07-31", "FundReturn": 110590.48490156465}, {"BenchMarkReturn": 108706.16456751555, "NetReturn": null, "PerformanceDate": "2015-08-31", "FundReturn": 110216.99871595508}, {"BenchMarkReturn": 108501.20963941874, "NetReturn": null, "PerformanceDate": "2015-09-30", "FundReturn": 107075.86936104971}, {"BenchMarkReturn": 114385.21640610491, "NetReturn": null, "PerformanceDate": "2015-10-31", "FundReturn": 104995.81352284196}, {"BenchMarkReturn": 112649.04783047717, "NetReturn": null, "PerformanceDate": "2015-11-30", "FundReturn": 107613.93663094078}, {"BenchMarkReturn": 111329.76499746497, "NetReturn": null, "PerformanceDate": "2015-12-31", "FundReturn": 109224.59442049607}, {"BenchMarkReturn": 110359.44725849105, "NetReturn": null, "PerformanceDate": "2016-01-31", "FundReturn": 104460.51251827896}, {"BenchMarkReturn": 110728.78010795572, "NetReturn": null, "PerformanceDate": "2016-02-29", "FundReturn": 108157.87146676093}, {"BenchMarkReturn": 114860.93616928399, "NetReturn": null, "PerformanceDate": "2016-03-31", "FundReturn": 109085.28195143981}, {"BenchMarkReturn": 116199.44262759184, "NetReturn": null, "PerformanceDate": "2016-04-30", "FundReturn": 114978.930656184}, {"BenchMarkReturn": 118907.84623154688, "NetReturn": null, "PerformanceDate": "2016-05-31", "FundReturn": 115335.36534121819}, {"BenchMarkReturn": 116840.19058026346, "NetReturn": null, "PerformanceDate": "2016-06-30", "FundReturn": 110578.63500259646}, {"BenchMarkReturn": 117737.96057613406, "NetReturn": null, "PerformanceDate": "2016-07-31", "FundReturn": 111513.69899804193}, {"BenchMarkReturn": 118586.98287800951, "NetReturn": null, "PerformanceDate": "2016-08-31", "FundReturn": 109621.77988358095}, {"BenchMarkReturn": 117501.78513727828, "NetReturn": null, "PerformanceDate": "2016-09-30", "FundReturn": 115597.8879491803}, {"BenchMarkReturn": 115427.67866592473, "NetReturn": null, "PerformanceDate": "2016-10-31", "FundReturn": 114580.62653522751}, {"BenchMarkReturn": 115981.16729061019, "NetReturn": null, "PerformanceDate": "2016-11-30", "FundReturn": 112919.20745046671}, {"BenchMarkReturn": 116783.21686555447, "NetReturn": null, "PerformanceDate": "2016-12-31", "FundReturn": 113865.47040890163}, {"BenchMarkReturn": 119886.30791256043, "NetReturn": null, "PerformanceDate": "2017-01-31", "FundReturn": 112197.34126741122}, {"BenchMarkReturn": 118018.15652424408, "NetReturn": null, "PerformanceDate": "2017-02-28", "FundReturn": 110839.75343807554}, {"BenchMarkReturn": 120324.07581279475, "NetReturn": null, "PerformanceDate": "2017-03-31", "FundReturn": 114177.138414096}, {"BenchMarkReturn": 123084.10790150054, "NetReturn": null, "PerformanceDate": "2017-04-30", "FundReturn": 113989.88790709688}, {"BenchMarkReturn": 122771.31866178892, "NetReturn": null, "PerformanceDate": "2017-05-31", "FundReturn": 117297.87445416085}, {"BenchMarkReturn": 120464.45183105553, "NetReturn": null, "PerformanceDate": "2017-06-30", "FundReturn": 119483.13385524186}, {"BenchMarkReturn": 125741.76699109444, "NetReturn": null, "PerformanceDate": "2017-07-31", "FundReturn": 120497.82047288072}, {"BenchMarkReturn": 127702.55537370255, "NetReturn": null, "PerformanceDate": "2017-08-31", "FundReturn": 122045.01248775251}, {"BenchMarkReturn": 128840.52033991073, "NetReturn": null, "PerformanceDate": "2017-09-30", "FundReturn": 122441.6587783377}], "InitialInvestedAmount": 100000}, "SinceInception": {"LastPerformanceDate": "2017-09-30", "FundPerformanceSeries": [{"BenchMarkReturn": 99131.66885, "NetReturn": null, "PerformanceDate": "1996-05-31", "FundReturn": 101610}, {"BenchMarkReturn": 102005.1510707119, "NetReturn": null, "PerformanceDate": "1996-06-30", "FundReturn": 107777.727}, {"BenchMarkReturn": 98688.114487924, "NetReturn": null, "PerformanceDate": "1996-07-31", "FundReturn": 108111.83795370001}, {"BenchMarkReturn": 100507.88101148665, "NetReturn": null, "PerformanceDate": "1996-08-31", "FundReturn": 109841.62736095922}, {"BenchMarkReturn": 103139.31941430797, "NetReturn": null, "PerformanceDate": "1996-09-30", "FundReturn": 116666.08766889562}, {"BenchMarkReturn": 103592.06740311866, "NetReturn": null, "PerformanceDate": "1996-10-31", "FundReturn": 119909.40490609092}, {"BenchMarkReturn": 101850.48355355892, "NetReturn": null, "PerformanceDate": "1996-11-30", "FundReturn": 122691.30309991224}, {"BenchMarkReturn": 101808.3610861149, "NetReturn": null, "PerformanceDate": "1996-12-31", "FundReturn": 123231.14483355185}, {"BenchMarkReturn": 103881.80983737009, "NetReturn": null, "PerformanceDate": "1997-01-31", "FundReturn": 128394.52980207768}, {"BenchMarkReturn": 109432.4970280354, "NetReturn": null, "PerformanceDate": "1997-02-28", "FundReturn": 135237.95824052842}, {"BenchMarkReturn": 109569.80811027631, "NetReturn": null, "PerformanceDate": "1997-03-31", "FundReturn": 138267.28850511624}, {"BenchMarkReturn": 111193.46049943111, "NetReturn": null, "PerformanceDate": "1997-04-30", "FundReturn": 139967.97615372916}, {"BenchMarkReturn": 110706.35701940054, "NetReturn": null, "PerformanceDate": "1997-05-31", "FundReturn": 144656.9033548791}, {"BenchMarkReturn": 116439.3401408953, "NetReturn": null, "PerformanceDate": "1997-06-30", "FundReturn": 151962.0769743005}, {"BenchMarkReturn": 118797.65429529037, "NetReturn": null, "PerformanceDate": "1997-07-31", "FundReturn": 157873.40176860077}, {"BenchMarkReturn": 117086.94701061408, "NetReturn": null, "PerformanceDate": "1997-08-31", "FundReturn": 156436.7538125065}, {"BenchMarkReturn": 116158.03790384448, "NetReturn": null, "PerformanceDate": "1997-09-30", "FundReturn": 152838.70847481885}, {"BenchMarkReturn": 110750.59845267724, "NetReturn": null, "PerformanceDate": "1997-10-31", "FundReturn": 146575.37820152077}, {"BenchMarkReturn": 109232.30851986057, "NetReturn": null, "PerformanceDate": "1997-11-30", "FundReturn": 146223.5972938371}, {"BenchMarkReturn": 109147.5871767464, "NetReturn": null, "PerformanceDate": "1997-12-31", "FundReturn": 145653.32526439114}, {"BenchMarkReturn": 114270.33600159182, "NetReturn": null, "PerformanceDate": "1998-01-31", "FundReturn": 155077.09540899724}, {"BenchMarkReturn": 121905.02912199369, "NetReturn": null, "PerformanceDate": "1998-02-28", "FundReturn": 171716.86774638263}, {"BenchMarkReturn": 128353.20596275752, "NetReturn": null, "PerformanceDate": "1998-03-31", "FundReturn": 181539.07258147572}, {"BenchMarkReturn": 136031.83747214577, "NetReturn": null, "PerformanceDate": "1998-04-30", "FundReturn": 196599.55404283493}, {"BenchMarkReturn": 128980.58580949531, "NetReturn": null, "PerformanceDate": "1998-05-31", "FundReturn": 193296.6815349153}, {"BenchMarkReturn": 118217.1119929054, "NetReturn": null, "PerformanceDate": "1998-06-30", "FundReturn": 178026.243693657}, {"BenchMarkReturn": 120754.17982466928, "NetReturn": null, "PerformanceDate": "1998-07-31", "FundReturn": 184132.54385234942}, {"BenchMarkReturn": 92686.08054847716, "NetReturn": null, "PerformanceDate": "1998-08-31", "FundReturn": 129187.39276680835}, {"BenchMarkReturn": 97391.71558885035, "NetReturn": null, "PerformanceDate": "1998-09-30", "FundReturn": 131357.74096529072}, {"BenchMarkReturn": 109625.89080996028, "NetReturn": null, "PerformanceDate": "1998-10-31", "FundReturn": 149835.83438687818}, {"BenchMarkReturn": 107098.51122764249, "NetReturn": null, "PerformanceDate": "1998-11-30", "FundReturn": 143168.1397566621}, {"BenchMarkReturn": 105705.1543487438, "NetReturn": null, "PerformanceDate": "1998-12-31", "FundReturn": 143855.34682749407}, {"BenchMarkReturn": 111501.64575370563, "NetReturn": null, "PerformanceDate": "1999-01-31", "FundReturn": 151048.11416886878}, {"BenchMarkReturn": 115143.16201303988, "NetReturn": null, "PerformanceDate": "1999-02-28", "FundReturn": 155926.96825652325}, {"BenchMarkReturn": 121188.46072973016, "NetReturn": null, "PerformanceDate": "1999-03-31", "FundReturn": 165563.2548947764}, {"BenchMarkReturn": 129499.63982476533, "NetReturn": null, "PerformanceDate": "1999-04-30", "FundReturn": 172993.73377445395}, {"BenchMarkReturn": 122756.18201628447, "NetReturn": null, "PerformanceDate": "1999-05-31", "FundReturn": 163946.16149805}, {"BenchMarkReturn": 130712.06970950814, "NetReturn": null, "PerformanceDate": "1999-06-30", "FundReturn": 173487.82809723652}, {"BenchMarkReturn": 131511.9097653419, "NetReturn": null, "PerformanceDate": "1999-07-31", "FundReturn": 172394.85478022392}, {"BenchMarkReturn": 129856.98502681874, "NetReturn": null, "PerformanceDate": "1999-08-31", "FundReturn": 166792.02199986664}, {"BenchMarkReturn": 129417.91614712744, "NetReturn": null, "PerformanceDate": "1999-09-30", "FundReturn": 161471.3564980709}, {"BenchMarkReturn": 134540.98799260086, "NetReturn": null, "PerformanceDate": "1999-10-31", "FundReturn": 170232.79230165624}, {"BenchMarkReturn": 140878.499793368, "NetReturn": null, "PerformanceDate": "1999-11-30", "FundReturn": 179391.31652748535}, {"BenchMarkReturn": 155039.34802419884, "NetReturn": null, "PerformanceDate": "1999-12-31", "FundReturn": 197186.93512701188}, {"BenchMarkReturn": 155313.71704985452, "NetReturn": null, "PerformanceDate": "2000-01-31", "FundReturn": 197916.52678698182}, {"BenchMarkReturn": 151097.02290896265, "NetReturn": null, "PerformanceDate": "2000-02-29", "FundReturn": 189940.49075746644}, {"BenchMarkReturn": 150517.53012188026, "NetReturn": null, "PerformanceDate": "2000-03-31", "FundReturn": 188724.87161661865}, {"BenchMarkReturn": 144536.5591479622, "NetReturn": null, "PerformanceDate": "2000-04-30", "FundReturn": 179277.30454349073}, {"BenchMarkReturn": 143799.00148786692, "NetReturn": null, "PerformanceDate": "2000-05-31", "FundReturn": 175960.67440943615}, {"BenchMarkReturn": 149199.557583522, "NetReturn": null, "PerformanceDate": "2000-06-30", "FundReturn": 181010.74576498696}, {"BenchMarkReturn": 151076.78434316404, "NetReturn": null, "PerformanceDate": "2000-07-31", "FundReturn": 183219.0768633198}, {"BenchMarkReturn": 161143.7490655661, "NetReturn": null, "PerformanceDate": "2000-08-31", "FundReturn": 196429.17230516515}, {"BenchMarkReturn": 159208.68780835456, "NetReturn": null, "PerformanceDate": "2000-09-30", "FundReturn": 193816.66431350645}, {"BenchMarkReturn": 156984.3313767144, "NetReturn": null, "PerformanceDate": "2000-10-31", "FundReturn": 189982.9706933853}, {"BenchMarkReturn": 154576.10743280966, "NetReturn": null, "PerformanceDate": "2000-11-30", "FundReturn": 190685.90768495083}, {"BenchMarkReturn": 163250.44953619855, "NetReturn": null, "PerformanceDate": "2000-12-31", "FundReturn": 199915.10561690244}, {"BenchMarkReturn": 173713.82866465993, "NetReturn": null, "PerformanceDate": "2001-01-31", "FundReturn": 209830.8948555008}, {"BenchMarkReturn": 174024.06327058884, "NetReturn": null, "PerformanceDate": "2001-02-28", "FundReturn": 208320.1124125412}, {"BenchMarkReturn": 162837.98505603036, "NetReturn": null, "PerformanceDate": "2001-03-31", "FundReturn": 198362.41103922174}, {"BenchMarkReturn": 174010.22661755088, "NetReturn": null, "PerformanceDate": "2001-04-30", "FundReturn": 210524.01046003643}, {"BenchMarkReturn": 180312.13170503592, "NetReturn": null, "PerformanceDate": "2001-05-31", "FundReturn": 219744.96211818603}, {"BenchMarkReturn": 181701.1810332829, "NetReturn": null, "PerformanceDate": "2001-06-30", "FundReturn": 219613.1151409151}, {"BenchMarkReturn": 174957.70035919384, "NetReturn": null, "PerformanceDate": "2001-07-31", "FundReturn": 211509.39119221532}, {"BenchMarkReturn": 180473.73067733645, "NetReturn": null, "PerformanceDate": "2001-08-31", "FundReturn": 218256.540771247}, {"BenchMarkReturn": 170138.48723809188, "NetReturn": null, "PerformanceDate": "2001-09-30", "FundReturn": 204266.29650781007}, {"BenchMarkReturn": 176649.45148587498, "NetReturn": null, "PerformanceDate": "2001-10-31", "FundReturn": 211777.16823040223}, {"BenchMarkReturn": 188843.44489046704, "NetReturn": null, "PerformanceDate": "2001-11-30", "FundReturn": 225923.8830681931}, {"BenchMarkReturn": 198318.3585470847, "NetReturn": null, "PerformanceDate": "2001-12-31", "FundReturn": 241218.92995190978}, {"BenchMarkReturn": 195826.71128177558, "NetReturn": null, "PerformanceDate": "2002-01-31", "FundReturn": 237094.08624973212}, {"BenchMarkReturn": 200982.60313453202, "NetReturn": null, "PerformanceDate": "2002-02-28", "FundReturn": 250300.2268538422}, {"BenchMarkReturn": 201927.91425678864, "NetReturn": null, "PerformanceDate": "2002-03-31", "FundReturn": 254855.69098258213}, {"BenchMarkReturn": 207715.47030296957, "NetReturn": null, "PerformanceDate": "2002-04-30", "FundReturn": 261583.8812245223}, {"BenchMarkReturn": 211680.45231304917, "NetReturn": null, "PerformanceDate": "2002-05-31", "FundReturn": 264696.72941109416}, {"BenchMarkReturn": 205606.51517512903, "NetReturn": null, "PerformanceDate": "2002-06-30", "FundReturn": 255405.87420876476}, {"BenchMarkReturn": 191137.43262820132, "NetReturn": null, "PerformanceDate": "2002-07-31", "FundReturn": 234411.51134880428}, {"BenchMarkReturn": 196688.80931796273, "NetReturn": null, "PerformanceDate": "2002-08-31", "FundReturn": 244444.32403453309}, {"BenchMarkReturn": 194131.98248720422, "NetReturn": null, "PerformanceDate": "2002-09-30", "FundReturn": 241730.99203774976}, {"BenchMarkReturn": 195188.54580189084, "NetReturn": null, "PerformanceDate": "2002-10-31", "FundReturn": 242330.4848980034}, {"BenchMarkReturn": 201242.38734921435, "NetReturn": null, "PerformanceDate": "2002-11-30", "FundReturn": 247395.19203237165}, {"BenchMarkReturn": 197589.5804376262, "NetReturn": null, "PerformanceDate": "2002-12-31", "FundReturn": 242472.02771092745}, {"BenchMarkReturn": 193303.67550633562, "NetReturn": null, "PerformanceDate": "2003-01-31", "FundReturn": 237113.39589851594}, {"BenchMarkReturn": 188253.2855411912, "NetReturn": null, "PerformanceDate": "2003-02-28", "FundReturn": 230806.1795676154}, {"BenchMarkReturn": 178993.91793902367, "NetReturn": null, "PerformanceDate": "2003-03-31", "FundReturn": 216703.9219960341}, {"BenchMarkReturn": 180249.21587904412, "NetReturn": null, "PerformanceDate": "2003-04-30", "FundReturn": 217852.4527826131}, {"BenchMarkReturn": 196408.04097535842, "NetReturn": null, "PerformanceDate": "2003-05-31", "FundReturn": 237219.53583498742}, {"BenchMarkReturn": 196496.59445650593, "NetReturn": null, "PerformanceDate": "2003-06-30", "FundReturn": 238880.0725858323}, {"BenchMarkReturn": 203826.03792734022, "NetReturn": null, "PerformanceDate": "2003-07-31", "FundReturn": 247455.86719166368}, {"BenchMarkReturn": 208860.69863655214, "NetReturn": null, "PerformanceDate": "2003-08-31", "FundReturn": 251167.7051995386}, {"BenchMarkReturn": 207438.33385740736, "NetReturn": null, "PerformanceDate": "2003-09-30", "FundReturn": 250363.96854290008}, {"BenchMarkReturn": 221390.08267520077, "NetReturn": null, "PerformanceDate": "2003-10-31", "FundReturn": 265010.2607026597}, {"BenchMarkReturn": 223825.1953053933, "NetReturn": null, "PerformanceDate": "2003-11-30", "FundReturn": 273570.09212335566}, {"BenchMarkReturn": 233449.59366785703, "NetReturn": null, "PerformanceDate": "2003-12-31", "FundReturn": 285333.6060846599}, {"BenchMarkReturn": 239955.74810014587, "NetReturn": null, "PerformanceDate": "2004-01-31", "FundReturn": 291981.87910643255}, {"BenchMarkReturn": 241407.14179739138, "NetReturn": null, "PerformanceDate": "2004-02-29", "FundReturn": 291748.2936031474}, {"BenchMarkReturn": 240923.08108792568, "NetReturn": null, "PerformanceDate": "2004-03-31", "FundReturn": 294053.10512261227}, {"BenchMarkReturn": 238918.25782557958, "NetReturn": null, "PerformanceDate": "2004-04-30", "FundReturn": 294582.400711833}, {"BenchMarkReturn": 239655.089000846, "NetReturn": null, "PerformanceDate": "2004-05-31", "FundReturn": 294876.98311254475}, {"BenchMarkReturn": 237967.00889179792, "NetReturn": null, "PerformanceDate": "2004-06-30", "FundReturn": 294493.64303449844}, {"BenchMarkReturn": 241675.37252754037, "NetReturn": null, "PerformanceDate": "2004-07-31", "FundReturn": 300471.86398809875}, {"BenchMarkReturn": 255976.65330914783, "NetReturn": null, "PerformanceDate": "2004-08-31", "FundReturn": 317448.5243034263}, {"BenchMarkReturn": 267041.4073107703, "NetReturn": null, "PerformanceDate": "2004-09-30", "FundReturn": 334305.04094393825}, {"BenchMarkReturn": 271101.1296532497, "NetReturn": null, "PerformanceDate": "2004-10-31", "FundReturn": 345036.2327582387}, {"BenchMarkReturn": 287848.30759357277, "NetReturn": null, "PerformanceDate": "2004-11-30", "FundReturn": 365600.39223062975}, {"BenchMarkReturn": 295096.96059854835, "NetReturn": null, "PerformanceDate": "2004-12-31", "FundReturn": 376678.08411521785}, {"BenchMarkReturn": 297850.54239427624, "NetReturn": null, "PerformanceDate": "2005-01-31", "FundReturn": 381348.89235824655}, {"BenchMarkReturn": 307741.06562681834, "NetReturn": null, "PerformanceDate": "2005-02-28", "FundReturn": 391187.6937810893}, {"BenchMarkReturn": 302632.20047182636, "NetReturn": null, "PerformanceDate": "2005-03-31", "FundReturn": 390248.84331601474}, {"BenchMarkReturn": 293257.34429736185, "NetReturn": null, "PerformanceDate": "2005-04-30", "FundReturn": 382170.6922593732}, {"BenchMarkReturn": 314943.92872200604, "NetReturn": null, "PerformanceDate": "2005-05-31", "FundReturn": 409763.41624049994}, {"BenchMarkReturn": 322756.88512906636, "NetReturn": null, "PerformanceDate": "2005-06-30", "FundReturn": 420335.31237950485}, {"BenchMarkReturn": 338806.089693886, "NetReturn": null, "PerformanceDate": "2005-07-31", "FundReturn": 448455.7447776937}, {"BenchMarkReturn": 342893.8674959225, "NetReturn": null, "PerformanceDate": "2005-08-31", "FundReturn": 457155.786226381}, {"BenchMarkReturn": 364782.5209972384, "NetReturn": null, "PerformanceDate": "2005-09-30", "FundReturn": 474481.9905243609}, {"BenchMarkReturn": 360993.6354698005, "NetReturn": null, "PerformanceDate": "2005-10-31", "FundReturn": 471635.0985812147}, {"BenchMarkReturn": 367691.4504913447, "NetReturn": null, "PerformanceDate": "2005-11-30", "FundReturn": 481492.2721415621}, {"BenchMarkReturn": 388324.4279234248, "NetReturn": null, "PerformanceDate": "2005-12-31", "FundReturn": 508503.9886087037}, {"BenchMarkReturn": 412123.42025720613, "NetReturn": null, "PerformanceDate": "2006-01-31", "FundReturn": 540132.9367001652}, {"BenchMarkReturn": 404963.96483803814, "NetReturn": null, "PerformanceDate": "2006-02-28", "FundReturn": 534191.4743964634}, {"BenchMarkReturn": 423910.3256983606, "NetReturn": null, "PerformanceDate": "2006-03-31", "FundReturn": 555879.6482569597}, {"BenchMarkReturn": 436573.2469958011, "NetReturn": null, "PerformanceDate": "2006-04-30", "FundReturn": 567719.884764833}, {"BenchMarkReturn": 432431.483921139, "NetReturn": null, "PerformanceDate": "2006-05-31", "FundReturn": 555684.2232078186}, {"BenchMarkReturn": 440157.6906394872, "NetReturn": null, "PerformanceDate": "2006-06-30", "FundReturn": 561963.454930067}, {"BenchMarkReturn": 435848.2453202843, "NetReturn": null, "PerformanceDate": "2006-07-31", "FundReturn": 556231.4276897802}, {"BenchMarkReturn": 453115.8788272473, "NetReturn": null, "PerformanceDate": "2006-08-31", "FundReturn": 576311.3822293814}, {"BenchMarkReturn": 464932.95527648693, "NetReturn": null, "PerformanceDate": "2006-09-30", "FundReturn": 591295.4781673453}, {"BenchMarkReturn": 480644.5572402201, "NetReturn": null, "PerformanceDate": "2006-10-31", "FundReturn": 619855.049762828}, {"BenchMarkReturn": 490260.2061038394, "NetReturn": null, "PerformanceDate": "2006-11-30", "FundReturn": 638326.7302457603}, {"BenchMarkReturn": 504451.4807430014, "NetReturn": null, "PerformanceDate": "2006-12-31", "FundReturn": 663412.9707444186}, {"BenchMarkReturn": 515435.2697687036, "NetReturn": null, "PerformanceDate": "2007-01-31", "FundReturn": 693332.8957249918}, {"BenchMarkReturn": 521982.0253914343, "NetReturn": null, "PerformanceDate": "2007-02-28", "FundReturn": 697317.202543565}, {"BenchMarkReturn": 542244.1494520176, "NetReturn": null, "PerformanceDate": "2007-03-31", "FundReturn": 717051.2793755479}, {"BenchMarkReturn": 557029.8668703608, "NetReturn": null, "PerformanceDate": "2007-04-30", "FundReturn": 740140.3305714405}, {"BenchMarkReturn": 561099.1853081416, "NetReturn": null, "PerformanceDate": "2007-05-31", "FundReturn": 741620.6112325834}, {"BenchMarkReturn": 554682.7721122071, "NetReturn": null, "PerformanceDate": "2007-06-30", "FundReturn": 731386.2467975738}, {"BenchMarkReturn": 558812.1678034447, "NetReturn": null, "PerformanceDate": "2007-07-31", "FundReturn": 730874.2764248154}, {"BenchMarkReturn": 563100.505886776, "NetReturn": null, "PerformanceDate": "2007-08-31", "FundReturn": 739790.9425971982}, {"BenchMarkReturn": 580571.2708198178, "NetReturn": null, "PerformanceDate": "2007-09-30", "FundReturn": 755548.4896745186}, {"BenchMarkReturn": 601070.5225943982, "NetReturn": null, "PerformanceDate": "2007-10-31", "FundReturn": 791361.4880850909}, {"BenchMarkReturn": 588673.467274004, "NetReturn": null, "PerformanceDate": "2007-11-30", "FundReturn": 764217.7890437723}, {"BenchMarkReturn": 575091.3997055067, "NetReturn": null, "PerformanceDate": "2007-12-31", "FundReturn": 750309.0252831756}, {"BenchMarkReturn": 556117.8884695508, "NetReturn": null, "PerformanceDate": "2008-01-31", "FundReturn": 712868.6049215451}, {"BenchMarkReturn": 598163.9131188266, "NetReturn": null, "PerformanceDate": "2008-02-29", "FundReturn": 761343.6700562102}, {"BenchMarkReturn": 589152.3392946154, "NetReturn": null, "PerformanceDate": "2008-03-31", "FundReturn": 749999.6493723727}, {"BenchMarkReturn": 600403.4488900513, "NetReturn": null, "PerformanceDate": "2008-04-30", "FundReturn": 764324.6426753849}, {"BenchMarkReturn": 611497.4609843381, "NetReturn": null, "PerformanceDate": "2008-05-31", "FundReturn": 775713.0798512481}, {"BenchMarkReturn": 587634.3467655402, "NetReturn": null, "PerformanceDate": "2008-06-30", "FundReturn": 738168.5667864477}, {"BenchMarkReturn": 570074.3792644463, "NetReturn": null, "PerformanceDate": "2008-07-31", "FundReturn": 727760.3899947588}, {"BenchMarkReturn": 576743.0814194372, "NetReturn": null, "PerformanceDate": "2008-08-31", "FundReturn": 754978.6285805628}, {"BenchMarkReturn": 537119.5796166922, "NetReturn": null, "PerformanceDate": "2008-09-30", "FundReturn": 721231.0838830116}, {"BenchMarkReturn": 500062.053547425, "NetReturn": null, "PerformanceDate": "2008-10-31", "FundReturn": 674711.6789725573}, {"BenchMarkReturn": 508922.95761202247, "NetReturn": null, "PerformanceDate": "2008-11-30", "FundReturn": 677680.4103600365}, {"BenchMarkReturn": 522124.09494855435, "NetReturn": null, "PerformanceDate": "2008-12-31", "FundReturn": 688862.1371309771}, {"BenchMarkReturn": 505561.0702580752, "NetReturn": null, "PerformanceDate": "2009-01-31", "FundReturn": 677564.7980820291}, {"BenchMarkReturn": 467083.77726120554, "NetReturn": null, "PerformanceDate": "2009-02-28", "FundReturn": 631016.0964537937}, {"BenchMarkReturn": 498618.0351429706, "NetReturn": null, "PerformanceDate": "2009-03-31", "FundReturn": 668624.6558024399}, {"BenchMarkReturn": 503073.5039094254, "NetReturn": null, "PerformanceDate": "2009-04-30", "FundReturn": 678319.7133115752}, {"BenchMarkReturn": 536098.5086223454, "NetReturn": null, "PerformanceDate": "2009-05-31", "FundReturn": 718033.9758865414}, {"BenchMarkReturn": 525024.3217297336, "NetReturn": null, "PerformanceDate": "2009-06-30", "FundReturn": 719541.8472359031}, {"BenchMarkReturn": 562464.2660335868, "NetReturn": null, "PerformanceDate": "2009-07-31", "FundReturn": 770125.6390965872}, {"BenchMarkReturn": 578303.3441347325, "NetReturn": null, "PerformanceDate": "2009-08-31", "FundReturn": 796155.8856980519}, {"BenchMarkReturn": 578847.2338034644, "NetReturn": null, "PerformanceDate": "2009-09-30", "FundReturn": 798623.9689437159}, {"BenchMarkReturn": 602356.7286921345, "NetReturn": null, "PerformanceDate": "2009-10-31", "FundReturn": 826495.9454598515}, {"BenchMarkReturn": 608960.5552511559, "NetReturn": null, "PerformanceDate": "2009-11-30", "FundReturn": 823107.3120834661}, {"BenchMarkReturn": 621868.877873784, "NetReturn": null, "PerformanceDate": "2009-12-31", "FundReturn": 847142.0455963032}, {"BenchMarkReturn": 609715.19378905, "NetReturn": null, "PerformanceDate": "2010-01-31", "FundReturn": 839771.9097996153}, {"BenchMarkReturn": 615242.3187242608, "NetReturn": null, "PerformanceDate": "2010-02-28", "FundReturn": 850101.1042901506}, {"BenchMarkReturn": 646786.1830841261, "NetReturn": null, "PerformanceDate": "2010-03-31", "FundReturn": 882234.9260323183}, {"BenchMarkReturn": 651036.5449541252, "NetReturn": null, "PerformanceDate": "2010-04-30", "FundReturn": 888851.6879775607}, {"BenchMarkReturn": 629002.8126948108, "NetReturn": null, "PerformanceDate": "2010-05-31", "FundReturn": 864497.1517269756}, {"BenchMarkReturn": 616156.4901152586, "NetReturn": null, "PerformanceDate": "2010-06-30", "FundReturn": 853345.1384696976}, {"BenchMarkReturn": 652936.8716703618, "NetReturn": null, "PerformanceDate": "2010-07-31", "FundReturn": 896183.0644208764}, {"BenchMarkReturn": 643107.031778307, "NetReturn": null, "PerformanceDate": "2010-08-31", "FundReturn": 887400.4703895518}, {"BenchMarkReturn": 679606.7019176123, "NetReturn": null, "PerformanceDate": "2010-09-30", "FundReturn": 933051.0127878014}, {"BenchMarkReturn": 697885.2569773408, "NetReturn": null, "PerformanceDate": "2010-10-31", "FundReturn": 953951.3554742482}, {"BenchMarkReturn": 692146.1110288157, "NetReturn": null, "PerformanceDate": "2010-11-30", "FundReturn": 951757.2673566574}, {"BenchMarkReturn": 720542.1922039011, "NetReturn": null, "PerformanceDate": "2010-12-31", "FundReturn": 977835.41648223}, {"BenchMarkReturn": 713594.9059633036, "NetReturn": null, "PerformanceDate": "2011-01-31", "FundReturn": 981551.1910648624}, {"BenchMarkReturn": 726024.374108458, "NetReturn": null, "PerformanceDate": "2011-02-28", "FundReturn": 989109.1352360619}, {"BenchMarkReturn": 727516.0107877221, "NetReturn": null, "PerformanceDate": "2011-03-31", "FundReturn": 991087.353506534}, {"BenchMarkReturn": 742206.9831288742, "NetReturn": null, "PerformanceDate": "2011-04-30", "FundReturn": 1006052.7725444826}, {"BenchMarkReturn": 743168.4870404802, "NetReturn": null, "PerformanceDate": "2011-05-31", "FundReturn": 1014201.800002093}, {"BenchMarkReturn": 733207.8748686939, "NetReturn": null, "PerformanceDate": "2011-06-30", "FundReturn": 999394.4537220624}, {"BenchMarkReturn": 725926.2840810625, "NetReturn": null, "PerformanceDate": "2011-07-31", "FundReturn": 990599.7825293082}, {"BenchMarkReturn": 731361.9772666107, "NetReturn": null, "PerformanceDate": "2011-08-31", "FundReturn": 992085.6822031023}, {"BenchMarkReturn": 718878.5227703679, "NetReturn": null, "PerformanceDate": "2011-09-30", "FundReturn": 990795.9708162383}, {"BenchMarkReturn": 768238.6113565392, "NetReturn": null, "PerformanceDate": "2011-10-31", "FundReturn": 1040236.6897599687}, {"BenchMarkReturn": 776704.4817767035, "NetReturn": null, "PerformanceDate": "2011-11-30", "FundReturn": 1043149.3524912965}, {"BenchMarkReturn": 766154.9576194434, "NetReturn": null, "PerformanceDate": "2011-12-31", "FundReturn": 1043983.8719732894}, {"BenchMarkReturn": 796762.0912152419, "NetReturn": null, "PerformanceDate": "2012-01-31", "FundReturn": 1072432.4324845616}, {"BenchMarkReturn": 805048.4862821824, "NetReturn": null, "PerformanceDate": "2012-02-29", "FundReturn": 1084079.048701344}, {"BenchMarkReturn": 801006.3257568323, "NetReturn": null, "PerformanceDate": "2012-03-31", "FundReturn": 1098172.0763344613}, {"BenchMarkReturn": 819460.9892461452, "NetReturn": null, "PerformanceDate": "2012-04-30", "FundReturn": 1116895.910235964}, {"BenchMarkReturn": 804453.4208426798, "NetReturn": null, "PerformanceDate": "2012-05-31", "FundReturn": 1104263.8174911952}, {"BenchMarkReturn": 818739.9697863333, "NetReturn": null, "PerformanceDate": "2012-06-30", "FundReturn": 1106991.3491203983}, {"BenchMarkReturn": 842094.9007699146, "NetReturn": null, "PerformanceDate": "2012-07-31", "FundReturn": 1128345.212244931}, {"BenchMarkReturn": 859741.4330944221, "NetReturn": null, "PerformanceDate": "2012-08-31", "FundReturn": 1160830.2709054626}, {"BenchMarkReturn": 871380.5197635796, "NetReturn": null, "PerformanceDate": "2012-09-30", "FundReturn": 1177314.06075232}, {"BenchMarkReturn": 896612.318659516, "NetReturn": null, "PerformanceDate": "2012-10-31", "FundReturn": 1218202.1780822482}, {"BenchMarkReturn": 916630.0592841511, "NetReturn": null, "PerformanceDate": "2012-11-30", "FundReturn": 1241177.4711608796}, {"BenchMarkReturn": 935245.0613582787, "NetReturn": null, "PerformanceDate": "2012-12-31", "FundReturn": 1253489.9516747955}, {"BenchMarkReturn": 963407.324313785, "NetReturn": null, "PerformanceDate": "2013-01-31", "FundReturn": 1319387.9365531616}, {"BenchMarkReturn": 954569.2972013957, "NetReturn": null, "PerformanceDate": "2013-02-28", "FundReturn": 1320654.5489722528}, {"BenchMarkReturn": 966498.7978965389, "NetReturn": null, "PerformanceDate": "2013-03-31", "FundReturn": 1349207.1003210328}, {"BenchMarkReturn": 960106.9286510623, "NetReturn": null, "PerformanceDate": "2013-04-30", "FundReturn": 1339115.0312106314}, {"BenchMarkReturn": 1011828.7837171524, "NetReturn": null, "PerformanceDate": "2013-05-31", "FundReturn": 1441517.1576473084}, {"BenchMarkReturn": 969657.9617512549, "NetReturn": null, "PerformanceDate": "2013-06-30", "FundReturn": 1385759.2739895105}, {"BenchMarkReturn": 997793.0704011323, "NetReturn": null, "PerformanceDate": "2013-07-31", "FundReturn": 1436353.3450828677}, {"BenchMarkReturn": 1013849.1424059032, "NetReturn": null, "PerformanceDate": "2013-08-31", "FundReturn": 1454609.396098871}, {"BenchMarkReturn": 1056616.7838320867, "NetReturn": null, "PerformanceDate": "2013-09-30", "FundReturn": 1500545.9608276733}, {"BenchMarkReturn": 1084841.113399324, "NetReturn": null, "PerformanceDate": "2013-10-31", "FundReturn": 1530751.9510191344}, {"BenchMarkReturn": 1076048.290667392, "NetReturn": null, "PerformanceDate": "2013-11-30", "FundReturn": 1533491.9970114585}, {"BenchMarkReturn": 1102292.0313524308, "NetReturn": null, "PerformanceDate": "2013-12-31", "FundReturn": 1574420.8984116944}, {"BenchMarkReturn": 1083902.20128599, "NetReturn": null, "PerformanceDate": "2014-01-31", "FundReturn": 1573019.663812108}, {"BenchMarkReturn": 1123385.3398512956, "NetReturn": null, "PerformanceDate": "2014-02-28", "FundReturn": 1606178.9183252673}, {"BenchMarkReturn": 1139285.4899301615, "NetReturn": null, "PerformanceDate": "2014-03-31", "FundReturn": 1615414.4471056375}, {"BenchMarkReturn": 1159974.734420186, "NetReturn": null, "PerformanceDate": "2014-04-30", "FundReturn": 1628693.1538608456}, {"BenchMarkReturn": 1177549.0255919725, "NetReturn": null, "PerformanceDate": "2014-05-31", "FundReturn": 1668319.25829428}, {"BenchMarkReturn": 1202864.8612385648, "NetReturn": null, "PerformanceDate": "2014-06-30", "FundReturn": 1694261.622760756}, {"BenchMarkReturn": 1211933.0789977133, "NetReturn": null, "PerformanceDate": "2014-07-31", "FundReturn": 1710797.6161989009}, {"BenchMarkReturn": 1218140.1421176358, "NetReturn": null, "PerformanceDate": "2014-08-31", "FundReturn": 1717093.3514265127}, {"BenchMarkReturn": 1198491.1067492475, "NetReturn": null, "PerformanceDate": "2014-09-30", "FundReturn": 1704129.2966232426}, {"BenchMarkReturn": 1221384.246571208, "NetReturn": null, "PerformanceDate": "2014-10-31", "FundReturn": 1709667.716837268}, {"BenchMarkReturn": 1235393.5247561058, "NetReturn": null, "PerformanceDate": "2014-11-30", "FundReturn": 1731619.8503214587}, {"BenchMarkReturn": 1238664.497467766, "NetReturn": null, "PerformanceDate": "2014-12-31", "FundReturn": 1746325.2855763433}, {"BenchMarkReturn": 1283971.9793128322, "NetReturn": null, "PerformanceDate": "2015-01-31", "FundReturn": 1778859.3256466305}, {"BenchMarkReturn": 1304072.7981364406, "NetReturn": null, "PerformanceDate": "2015-02-28", "FundReturn": 1830481.8232768958}, {"BenchMarkReturn": 1311507.2552027868, "NetReturn": null, "PerformanceDate": "2015-03-31", "FundReturn": 1827479.8330867218}, {"BenchMarkReturn": 1338584.5287943967, "NetReturn": null, "PerformanceDate": "2015-04-30", "FundReturn": 1882505.2508609632}, {"BenchMarkReturn": 1309548.3626861484, "NetReturn": null, "PerformanceDate": "2015-05-31", "FundReturn": 1859726.9373255456}, {"BenchMarkReturn": 1309551.9585062463, "NetReturn": null, "PerformanceDate": "2015-06-30", "FundReturn": 1832481.9376937263}, {"BenchMarkReturn": 1324268.9791730128, "NetReturn": null, "PerformanceDate": "2015-07-31", "FundReturn": 1847838.1363316}, {"BenchMarkReturn": 1302833.7148298752, "NetReturn": null, "PerformanceDate": "2015-08-31", "FundReturn": 1821044.4833547918}, {"BenchMarkReturn": 1300377.3482437907, "NetReturn": null, "PerformanceDate": "2015-09-30", "FundReturn": 1805019.2919012695}, {"BenchMarkReturn": 1370896.6460630484, "NetReturn": null, "PerformanceDate": "2015-10-31", "FundReturn": 1903421.1821127716}, {"BenchMarkReturn": 1350088.8200859749, "NetReturn": null, "PerformanceDate": "2015-11-30", "FundReturn": 1871128.1190212825}, {"BenchMarkReturn": 1334277.3326594543, "NetReturn": null, "PerformanceDate": "2015-12-31", "FundReturn": 1886950.5655085386}, {"BenchMarkReturn": 1322648.1608506416, "NetReturn": null, "PerformanceDate": "2016-01-31", "FundReturn": 1809127.818115496}, {"BenchMarkReturn": 1327074.5822057794, "NetReturn": null, "PerformanceDate": "2016-02-29", "FundReturn": 1814736.1143516542}, {"BenchMarkReturn": 1376598.1051177988, "NetReturn": null, "PerformanceDate": "2016-03-31", "FundReturn": 1912782.4956642338}, {"BenchMarkReturn": 1392639.9859838826, "NetReturn": null, "PerformanceDate": "2016-04-30", "FundReturn": 1929183.8404515563}, {"BenchMarkReturn": 1425099.9623121598, "NetReturn": null, "PerformanceDate": "2016-05-31", "FundReturn": 1997466.916647571}, {"BenchMarkReturn": 1400319.2932133297, "NetReturn": null, "PerformanceDate": "2016-06-30", "FundReturn": 1910342.802904079}, {"BenchMarkReturn": 1411078.986772902, "NetReturn": null, "PerformanceDate": "2016-07-31", "FundReturn": 1938934.9036351442}, {"BenchMarkReturn": 1421254.4435551972, "NetReturn": null, "PerformanceDate": "2016-08-31", "FundReturn": 1987283.2149247383}, {"BenchMarkReturn": 1408248.4451418896, "NetReturn": null, "PerformanceDate": "2016-09-30", "FundReturn": 1948678.2511916102}, {"BenchMarkReturn": 1383390.4635382069, "NetReturn": null, "PerformanceDate": "2016-10-31", "FundReturn": 1893141.895371775}, {"BenchMarkReturn": 1390023.975481931, "NetReturn": null, "PerformanceDate": "2016-11-30", "FundReturn": 1886748.3765627255}, {"BenchMarkReturn": 1399636.4683093582, "NetReturn": null, "PerformanceDate": "2016-12-31", "FundReturn": 1897147.5675898264}, {"BenchMarkReturn": 1436826.7385420569, "NetReturn": null, "PerformanceDate": "2017-01-31", "FundReturn": 1935280.233698382}, {"BenchMarkReturn": 1414437.1102924729, "NetReturn": null, "PerformanceDate": "2017-02-28", "FundReturn": 1932716.3744447783}, {"BenchMarkReturn": 1442073.347894568, "NetReturn": null, "PerformanceDate": "2017-03-31", "FundReturn": 1970156.7627788854}, {"BenchMarkReturn": 1475152.0870211325, "NetReturn": null, "PerformanceDate": "2017-04-30", "FundReturn": 2021463.585195173}, {"BenchMarkReturn": 1471403.3358003201, "NetReturn": null, "PerformanceDate": "2017-05-31", "FundReturn": 2014697.7465755248}, {"BenchMarkReturn": 1443755.7419894324, "NetReturn": null, "PerformanceDate": "2017-06-30", "FundReturn": 1973513.6981795772}, {"BenchMarkReturn": 1507003.8948576285, "NetReturn": null, "PerformanceDate": "2017-07-31", "FundReturn": 2063862.7340931967}, {"BenchMarkReturn": 1530503.769245359, "NetReturn": null, "PerformanceDate": "2017-08-31", "FundReturn": 2074566.3390047508}, {"BenchMarkReturn": 1544142.1781632863, "NetReturn": null, "PerformanceDate": "2017-09-30", "FundReturn": 2086564.1785131171}], "InitialInvestedAmount": 100000}, "PerformanceReturn": {"FiveYearFundReturn": "12.3%", "ThreeYearBenchmarkReturn": "7.9%", "InceptionBenchmarkReturn": "13.6%", "TenYearBenchmarkReturn": "10.5%", "InceptionFundReturn": "15.3%", "TenYearOutperformance": "0.3%", "FiveYearBenchmarkReturn": "12.2%", "FiveYearOutPerformance": "0.1%", "ThreeYearFundReturn": "6.5%", "ThreeYearOutPerformance": "(1.4)%", "InceptionOutperformance": "1.6%", "TenYearFundReturn": "10.9%"}}, "FundQuartileRanking": "-", "Description": "A fully managed investment solution diversified across the \r\nvarious asset classes and sectors. Its asset allocation is \r\ncompliant with Regulation 28 of the Pension Funds Act", "HighestReturn": "49.30%", "InitialFee": "Coronation: 0.00%", "FundNav": "9685.58  cents", "DisplayName": "Balanced Plus", "CompareFundsSortinoRatio": "1.32", "DisplayDisclaimer": "-", "InvestorProfile": "The fund is suitable for investors: \r\n\r\nBuilding up long-term retirement capital. \r\nRequiring a moderate capital growth portfolio.\r\nLooking to preserve the purchasing power of their capital over the  long-term, but not prepared to accept the short-term turbulence of the equity market. \r\nWith a time horizon of five years or longer.", "Regulation28PropertyExposure": 25, "ShowExploreLink": false, "FundProspectus": {"Title": null, "Id": 0, "URL": null, "LastUpdated": "/Date(1507759200000)/", "Size": null}, "HistoricalReportsJson": "[{\"URL\":\"/Assets/za/Personal/HistoricalReports/2014/March/2014-MARCH-CORONATION-BALANCED-PLUS-FUND.pdf\",\"LastUpdated\":\"01-03-2014\"},{\"URL\":\"/assets/factsheet/2013/March/CORONATION BALANCED PLUS FUND.pdf\",\"LastUpdated\":\"01-03-2013\"},{\"URL\":\"/assets/factsheet/2013/June/CORONATION BALANCED PLUS FUND.pdf\",\"LastUpdated\":\"01-06-2013\"},{\"URL\":\"/assets/factsheet/2013/September/CORONATION BALANCED PLUS FUND.pdf\",\"LastUpdated\":\"01-09-2013\"},{\"URL\":\"/assets/factsheet/2013/December/CORONATION BALANCED PLUS FUND.pdf\",\"LastUpdated\":\"01-12-2013\"},{\"URL\":\"/assets/factsheet/2012/March/CORONATION BALANCED PLUS FUND.pdf\",\"LastUpdated\":\"01-03-2012\"},{\"URL\":\"/assets/factsheet/2012/June/CORONATION BALANCED PLUS FUND.pdf\",\"LastUpdated\":\"01-06-2012\"},{\"URL\":\"/assets/factsheet/2012/September/CORONATION BALANCED PLUS FUND.pdf\",\"LastUpdated\":\"01-09-2012\"},{\"URL\":\"/assets/factsheet/2012/December/CORONATION BALANCED PLUS FUND.pdf\",\"LastUpdated\":\"01-12-2012\"},{\"URL\":\"/assets/factsheet/2011/March/CORONATION BALANCED PLUS FUND.pdf\",\"LastUpdated\":\"01-03-2011\"},{\"URL\":\"/assets/factsheet/2011/June/CORONATION BALANCED PLUS FUND.pdf\",\"LastUpdated\":\"01-06-2011\"},{\"URL\":\"/assets/factsheet/2011/September/CORONATION BALANCED PLUS FUND.pdf\",\"LastUpdated\":\"01-09-2011\"},{\"URL\":\"/assets/factsheet/2011/December/CORONATION BALANCED PLUS FUND.pdf\",\"LastUpdated\":\"01-12-2011\"},{\"URL\":\"/assets/factsheet/2010/March/CORONATION BALANCED PLUS FUND.pdf\",\"LastUpdated\":\"01-03-2010\"},{\"URL\":\"/assets/factsheet/2010/June/CORONATION BALANCED PLUS FUND.pdf\",\"LastUpdated\":\"01-06-2010\"},{\"URL\":\"/assets/factsheet/2010/September/CORONATION BALANCED PLUS FUND.pdf\",\"LastUpdated\":\"01-09-2010\"},{\"URL\":\"/assets/factsheet/2010/December/CORONATION BALANCED PLUS FUND.pdf\",\"LastUpdated\":\"01-12-2010\"},{\"URL\":\"/assets/factsheet/2009/March/CORONATION BALANCED PLUS FUND.pdf\",\"LastUpdated\":\"01-03-2009\"},{\"URL\":\"/assets/factsheet/2009/June/CORONATION BALANCED PLUS FUND.pdf\",\"LastUpdated\":\"01-06-2009\"},{\"URL\":\"/assets/factsheet/2009/September/CORONATION BALANCED PLUS FUND.pdf\",\"LastUpdated\":\"01-09-2009\"},{\"URL\":\"/assets/factsheet/2009/December/CORONATION BALANCED PLUS FUND.pdf\",\"LastUpdated\":\"01-12-2009\"},{\"URL\":\"/assets/factsheet/2008/March/Balanced Plus.pdf\",\"LastUpdated\":\"01-03-2008\"},{\"URL\":\"/assets/factsheet/2008/June/Balanced Plus.pdf\",\"LastUpdated\":\"01-06-2008\"},{\"URL\":\"/assets/factsheet/2008/September/Balanced Plus.pdf\",\"LastUpdated\":\"01-09-2008\"},{\"URL\":\"/assets/factsheet/2008/December/Balanced Plus.pdf\",\"LastUpdated\":\"01-12-2008\"},{\"URL\":\"/assets/factsheet/2007/March/Balanced Plus.pdf\",\"LastUpdated\":\"01-03-2007\"},{\"URL\":\"/assets/factsheet/2007/June/Balanced Plus.pdf\",\"LastUpdated\":\"01-06-2007\"},{\"URL\":\"/assets/factsheet/2007/September/Balanced Plus.pdf\",\"LastUpdated\":\"01-09-2007\"},{\"URL\":\"/assets/factsheet/2007/December/Balanced Plus.pdf\",\"LastUpdated\":\"01-12-2007\"},{\"URL\":\"/assets/factsheet/2006/March/Balanced Plus.pdf\",\"LastUpdated\":\"01-03-2006\"},{\"URL\":\"/assets/factsheet/2006/June/Balanced Plus.pdf\",\"LastUpdated\":\"01-06-2006\"},{\"URL\":\"/assets/factsheet/2006/September/Balanced Plus.pdf\",\"LastUpdated\":\"01-09-2006\"},{\"URL\":\"/assets/factsheet/2006/December/Balanced Plus.pdf\",\"LastUpdated\":\"01-12-2006\"},{\"URL\":\"/assets/factsheet/2005/March/Balanced Plus.pdf\",\"LastUpdated\":\"01-03-2005\"},{\"URL\":\"/assets/factsheet/2005/June/Balanced Plus.pdf\",\"LastUpdated\":\"01-06-2005\"},{\"URL\":\"/assets/factsheet/2005/September/Balanced Plus.pdf\",\"LastUpdated\":\"01-09-2005\"},{\"URL\":\"/assets/factsheet/2005/December/Balanced Plus.pdf\",\"LastUpdated\":\"01-12-2005\"},{\"URL\":\"/Assets/za/personal/HistoricalReports/2014/June/CORONATION BALANCED PLUS FUND.pdf\",\"LastUpdated\":\"30-06-2014\"},{\"URL\":\"/Assets/za/Personal/HistoricalReports/2014/September/CORONATION_BALANCED_PLUS_FUND.pdf\",\"LastUpdated\":\"30-09-2014\"},{\"URL\":\"/Assets/za/Personal/HistoricalReports/2014/December/2014-December-Balanced-Plus-Fund_.pdf\",\"LastUpdated\":\"31-12-2014\"},{\"URL\":\"/Assets/za/Personal/HistoricalReports/2015/March/2015-March-Balanced-Plus-Fund-Comprehensive.pdf\",\"LastUpdated\":\"31-03-2015\"},{\"URL\":\"/Assets/za/Personal/HistoricalReports/2015/June/2015-June-Balanced-Plus-Fund-Comprehensive.pdf\",\"LastUpdated\":\"30-06-2015\"},{\"URL\":\"/Assets/za/Personal/HistoricalReports/2015/September/2015-September-Balanced-Plus-Fund-Comprehensive.pdf\",\"LastUpdated\":\"30-09-2015\"},{\"URL\":\"/Assets/za/Personal/HistoricalReports/2015/December/2015-December-Balanced-Plus-Fund-Comprehensive.pdf\",\"LastUpdated\":\"31-12-2015\"},{\"URL\":\"/Assets/za/Personal/HistoricalReports/2016/March/2016-March-Balanced-Plus-Fund-Comprehensive.pdf\",\"LastUpdated\":\"31-03-2016\"},{\"URL\":\"/Assets/za/Personal/HistoricalReports/2016/June/2016-June-Balanced-Plus-Fund-Comprehensive.pdf\",\"LastUpdated\":\"30-06-2016\"},{\"URL\":\"/Assets/za/Personal/HistoricalReports/2016/July/2016-July-Balanced-Plus-Fund-Comprehensive.pdf\",\"LastUpdated\":\"31-07-2016\"},{\"URL\":\"/Assets/za/Personal/HistoricalReports/2016/August/2016-August-Balanced-Plus-Fund-Comprehensive.pdf\",\"LastUpdated\":\"31-08-2016\"},{\"URL\":\"/Assets/za/Personal/HistoricalReports/2016/September/2016-September-Balanced-Plus-Fund-Comprehensive.pdf\",\"LastUpdated\":\"30-09-2016\"},{\"URL\":\"/Assets/za/Personal/HistoricalReports/2016/October/2016-October-Balanced-Plus-Fund-Comprehensive.pdf\",\"LastUpdated\":\"31-10-2016\"},{\"URL\":\"/Assets/za/Personal/HistoricalReports/2016/November/2016-November-Balanced-Plus-Fund-Comprehensive.pdf\",\"LastUpdated\":\"30-11-2016\"},{\"URL\":\"/Assets/za/Personal/HistoricalReports/2016/December/2016-December-Balanced-Plus-Fund-Comprehensive.pdf\",\"LastUpdated\":\"31-12-2016\"},{\"URL\":\"/Assets/za/Personal/HistoricalReports/2017/January/2017-January-Balanced-Plus-Fund-Comprehensive.pdf\",\"LastUpdated\":\"31-01-2017\"},{\"URL\":\"/Assets/za/Personal/HistoricalReports/2017/February/2017-February-Balanced-Plus-Fund-Comprehensive.pdf\",\"LastUpdated\":\"28-02-2017\"},{\"URL\":\"/Assets/za/Personal/HistoricalReports/2017/March/2017-March-Balanced-Plus-Fund-Comprehensive.pdf\",\"LastUpdated\":\"31-03-2017\"},{\"URL\":\"/Assets/za/Personal/HistoricalReports/2017/April/2017-April-Balanced-Plus-Fund-Comprehensive.pdf\",\"LastUpdated\":\"30-04-2017\"},{\"URL\":\"/Assets/za/Personal/HistoricalReports/2017/May/2017-May-Balanced-Plus-Fund-Comprehensive.pdf\",\"LastUpdated\":\"31-05-2017\"},{\"URL\":\"/Assets/za/Personal/HistoricalReports/2017/June/2017-June-Balanced-Plus-Fund-Comprehensive.pdf\",\"LastUpdated\":\"30-06-2017\"},{\"URL\":\"/Assets/za/Personal/HistoricalReports/2017/July/2017-July-Balanced-Plus-Fund-Comprehensive.pdf\",\"LastUpdated\":\"31-07-2017\"}]", "AlternativeDescription": "Best investment views across all asset classes for retirement savers", "PortfolioManagers": "Karl Leinberger, Sarah-Jane Alexander and Adrian Zetler", "BenchmarkReturnPercent": null, "RiskRating": 6, "Name": "Coronation Balanced Plus Fund", "IsReg28Compliant": "Yes", "GrowthPercentage": null, "TERExplanation": "1.62% per annum", "OutperformancePercent": null, "LaunchDate": "15 April 1996", "SuitableFor": null, "TERPerformance": 0, "NotSuitableFor": null, "TERDate": "/Date(1498773600000)/", "MonthlyFactSheet": {"Title": "MONTHLY FACTSHEET", "Id": 227445, "URL": "/Assets/za/Personal/Funds/FactsheetMonthly/2017/August/2017-August-Balanced-Plus-Fund.pdf", "LastUpdated": "/Date(1504130400000)/", "Size": null}, "MDD": {"Title": "Comprehensive Fact Sheet", "Id": 54574, "URL": "/Assets/za/Personal/Funds/FactsheetComprehensive/2017/August/2017-August-Balanced-Plus-Fund-Comprehensive.pdf", "LastUpdated": "/Date(1504130400000)/", "Size": "0.51"}, "Regulation28InternationalExposure": 25, "LowestReturn": "(17.40)%", "FeeExplanation": "The fund charges a fixed annual management fee, to ensure a simple and understandable fee structure. The annual management fee is accrued daily and paid monthly. \r\n", "FundReturnPercent": null, "HighestReturnDate": "Aug 2004 - Jul 2005", "LowestReturnDate": "Sep 1997 - Aug 1998", "TimeHorizon": "5 years +", "HistoricalReports": null, "CompareFundsStandardDeviation": "7.96%", "TERTotal": 1.63, "DisplayCurrency": null, "QuartelyCommentaty": {"Title": "Latest Commentary", "Id": 12, "URL": "/Assets/za/Personal/QuarterlyCommentary/2017/June/2017-June-Balanced-Plus-Fund-Commentary.pdf", "LastUpdated": "/Date(1498773600000)/", "Size": "0.14"}, "Regulation28EquityExposure": 75, "FundPricingClass": "A", "DisplayDescription": "Best investment views across all asset classes for retirement savers.", "SharingRate": "-", "FundCategoryDescription": "South African - Multi Asset - High Equity", "FundDisplayObjective": "The fund aims to achieve the best possible investment growth for retirement savers (within the constraints of Regulation 28 of the Pension Funds Act) over the long term. ", "GraphDisclaimer": null, "HideHoldingsTab": false, "StaticFactSheet": {"Title": "Static Fact Sheet", "Id": 2, "URL": "/Assets/za/Personal/StaticFactSheet/2017/August/2017-August-Balanced-Plus-Fund-Static.pdf", "LastUpdated": "/Date(1504130400000)/", "Size": "0.15"}, "FundCurrency": "ZAR", "Disclaimer": "-", "FundObjective": "The fund aims to achieve the highest possible long-term return achievable within the constraints of the statutory investment restrictions for retirement savings. As it complies with the Pension Funds Act Regulation 28, it is suitable as the complete investment portfolio for investors in retirement annuities, preservation funds, pension funds and provident funds. Balanced Plus has a moderate risk profile.", "GraphHeader": "R100\u00a0000 invested at launch in April 1996, would have grown to R2\u00a0086\u00a0564 as at end September 2017.", "InceptionDate": "/Date(829519200000)/", "BenchmarkDescription": "Composite (52.5% equity, 22.5% bonds, 20% international, 5% cash)", "FundDisplayHighlights": "No. 1 balanced fund\r\nin SA since launch in\r\n1996, outperforming\r\nits average\r\ncompetitor by 2.4%\r\np.a. Outperformed\r\ninflation by on average\r\n8.7% p.a. since launch\r\nand outperformed the\r\nALSI on average by\r\n1.5% p.a.", "Capital": null, "TC": "0,13", "Brochure": {"Title": null, "Id": 0, "URL": null, "LastUpdated": "/Date(1507759200000)/", "Size": null}, "FundPurpose": "Maximising long-term returns for retirement savers", "PageId": 0}