{"MinimumStandardFee": "1.25%", "IncomePercentage": null, "IsFlagShip": true, "PortfolioHoldings": {"Title": "Portfolio Holdings", "Id": 11601, "URL": "/Assets/za/Personal/PortfolioHoldings/2017/June/2017-June-Balanced-Defensive-Fund-Portofolio-Holdings.pdf", "LastUpdated": "/Date(1498773600000)/", "Size": "0.04"}, "SearchTags": "Coronation balanced Defensive Fund,Coronation Balanced Defensive,Balanced Defensive,Income and Growth Fund,General Investor Report", "DisplayCapital": "R 36.79 billion", "FundSize": "R29.61 billion", "AdviceCosts": "Coronation does not provide financial advice and therefore does not charge advice fees. However, investments are often placed on your behalf by a financial adviser, in which case fees are negotiated directly between you and your adviser, within the following ranges: \r\n\r\nInitial         0.00% - 3.00%,\r\nOngoing   0.00% - 1.00% when the initial fee is less than 1.50%,\r\n                 0.00% - 0.50% when the initial fee is more than 1.50%.\r\n\r\nSharing of annual management fees: \r\nA portion of Coronation\u2019s annual management fee may be paid to administration platforms as a subsidy for administrative and advice costs incurred when investing through these channels. Where commission and incentives are paid, these are included in the overall \r\ncosts. ", "CompareFundAnnualManagementFee": "1.25%", "KIID": {"Title": null, "Id": 0, "URL": null, "LastUpdated": "/Date(1507759200000)/", "Size": null}, "MinimumDiscountedFee": null, "Benefits": {"Title": null, "Id": 0, "URL": null, "LastUpdated": "/Date(1507759200000)/", "Size": null}, "MaximumFee": "-", "FundCode": "UTBADE", "NumberOfUnits": "4401840203.81180", "FundProjection": "-", "FundHighlights": "Positive returns over all 12-month periods since launch, including\r\nthe market turbulence of 2008.\r\nSeasoned portfolio managers with more than 50 years combined\r\nexperience.\r\nTop performing conservative fund in South Africa over 5 years.", "FundPerformanceChartData": {"TenYears": {"LastPerformanceDate": "2017-09-30", "FundPerformanceSeries": [{"BenchMarkReturn": 101064.82233180001, "NetReturn": null, "PerformanceDate": "2007-10-31", "FundReturn": 101709.99999999999}, {"BenchMarkReturn": 102134.48793823074, "NetReturn": null, "PerformanceDate": "2007-11-30", "FundReturn": 100764.097}, {"BenchMarkReturn": 103267.84286904887, "NetReturn": null, "PerformanceDate": "2007-12-31", "FundReturn": 100592.79803509999}, {"BenchMarkReturn": 104439.40720344667, "NetReturn": null, "PerformanceDate": "2008-01-31", "FundReturn": 100431.84955824382}, {"BenchMarkReturn": 105577.48780779562, "NetReturn": null, "PerformanceDate": "2008-02-29", "FundReturn": 103354.4163803887}, {"BenchMarkReturn": 106794.88727904782, "NetReturn": null, "PerformanceDate": "2008-03-31", "FundReturn": 103437.099913493}, {"BenchMarkReturn": 107999.42402670997, "NetReturn": null, "PerformanceDate": "2008-04-30", "FundReturn": 103457.7873334757}, {"BenchMarkReturn": 109265.37826323113, "NetReturn": null, "PerformanceDate": "2008-05-31", "FundReturn": 104337.17852581025}, {"BenchMarkReturn": 110541.59514971123, "NetReturn": null, "PerformanceDate": "2008-06-30", "FundReturn": 103377.2764833728}, {"BenchMarkReturn": 111892.90070979211, "NetReturn": null, "PerformanceDate": "2008-07-31", "FundReturn": 104100.91741875639}, {"BenchMarkReturn": 113271.70746857676, "NetReturn": null, "PerformanceDate": "2008-08-31", "FundReturn": 106755.49081293469}, {"BenchMarkReturn": 114626.05695005068, "NetReturn": null, "PerformanceDate": "2008-09-30", "FundReturn": 106200.36226070744}, {"BenchMarkReturn": 116026.7197366067, "NetReturn": null, "PerformanceDate": "2008-10-31", "FundReturn": 103927.6745083283}, {"BenchMarkReturn": 117410.201225883, "NetReturn": null, "PerformanceDate": "2008-11-30", "FundReturn": 106193.29781260986}, {"BenchMarkReturn": 118841.59548346743, "NetReturn": null, "PerformanceDate": "2008-12-31", "FundReturn": 107191.51481204841}, {"BenchMarkReturn": 120267.30185779596, "NetReturn": null, "PerformanceDate": "2009-01-31", "FundReturn": 107877.54050684551}, {"BenchMarkReturn": 121557.61630511834, "NetReturn": null, "PerformanceDate": "2009-02-28", "FundReturn": 105407.14482923875}, {"BenchMarkReturn": 122903.74474029314, "NetReturn": null, "PerformanceDate": "2009-03-31", "FundReturn": 107810.4277313454}, {"BenchMarkReturn": 124153.9647710058, "NetReturn": null, "PerformanceDate": "2009-04-30", "FundReturn": 108586.66281101109}, {"BenchMarkReturn": 125366.4325263251, "NetReturn": null, "PerformanceDate": "2009-05-31", "FundReturn": 111351.38783284224}, {"BenchMarkReturn": 126488.09226645975, "NetReturn": null, "PerformanceDate": "2009-06-30", "FundReturn": 111974.95560470616}, {"BenchMarkReturn": 127599.99254539696, "NetReturn": null, "PerformanceDate": "2009-07-31", "FundReturn": 115591.74667073817}, {"BenchMarkReturn": 128698.15036404076, "NetReturn": null, "PerformanceDate": "2009-08-31", "FundReturn": 117892.02242948586}, {"BenchMarkReturn": 129769.04471316247, "NetReturn": null, "PerformanceDate": "2009-09-30", "FundReturn": 118092.43886761599}, {"BenchMarkReturn": 130857.74159470736, "NetReturn": null, "PerformanceDate": "2009-10-31", "FundReturn": 120879.42042489174}, {"BenchMarkReturn": 131917.81937421966, "NetReturn": null, "PerformanceDate": "2009-11-30", "FundReturn": 120190.40772846984}, {"BenchMarkReturn": 133013.3000364431, "NetReturn": null, "PerformanceDate": "2009-12-31", "FundReturn": 121680.76878430287}, {"BenchMarkReturn": 134123.30147879253, "NetReturn": null, "PerformanceDate": "2010-01-31", "FundReturn": 122289.17262822438}, {"BenchMarkReturn": 135167.31175844808, "NetReturn": null, "PerformanceDate": "2010-02-28", "FundReturn": 123573.20894082072}, {"BenchMarkReturn": 136294.77542181668, "NetReturn": null, "PerformanceDate": "2010-03-31", "FundReturn": 125402.09243314486}, {"BenchMarkReturn": 137390.8332001098, "NetReturn": null, "PerformanceDate": "2010-04-30", "FundReturn": 126568.33189277312}, {"BenchMarkReturn": 138499.35272741324, "NetReturn": null, "PerformanceDate": "2010-05-31", "FundReturn": 125619.06940357732}, {"BenchMarkReturn": 139572.24696577407, "NetReturn": null, "PerformanceDate": "2010-06-30", "FundReturn": 125769.81228686162}, {"BenchMarkReturn": 140670.78634515792, "NetReturn": null, "PerformanceDate": "2010-07-31", "FundReturn": 129241.059105979}, {"BenchMarkReturn": 141776.08594824706, "NetReturn": null, "PerformanceDate": "2010-08-31", "FundReturn": 130210.36704927385}, {"BenchMarkReturn": 142855.67483161713, "NetReturn": null, "PerformanceDate": "2010-09-30", "FundReturn": 133545.90091679155}, {"BenchMarkReturn": 143946.01448411978, "NetReturn": null, "PerformanceDate": "2010-10-31", "FundReturn": 134894.71451605114}, {"BenchMarkReturn": 144995.7109979202, "NetReturn": null, "PerformanceDate": "2010-11-30", "FundReturn": 135407.31443121214}, {"BenchMarkReturn": 146047.63545178482, "NetReturn": null, "PerformanceDate": "2010-12-31", "FundReturn": 136544.7358724343}, {"BenchMarkReturn": 147087.7853970437, "NetReturn": null, "PerformanceDate": "2011-01-31", "FundReturn": 137596.13033865206}, {"BenchMarkReturn": 148057.90362106884, "NetReturn": null, "PerformanceDate": "2011-02-28", "FundReturn": 138270.35137731145}, {"BenchMarkReturn": 149098.40289550935, "NetReturn": null, "PerformanceDate": "2011-03-31", "FundReturn": 138809.60574768297}, {"BenchMarkReturn": 150125.5088423095, "NetReturn": null, "PerformanceDate": "2011-04-30", "FundReturn": 140752.94022815055}, {"BenchMarkReturn": 151182.00510074655, "NetReturn": null, "PerformanceDate": "2011-05-31", "FundReturn": 142287.14727663738}, {"BenchMarkReturn": 152223.71684542898, "NetReturn": null, "PerformanceDate": "2011-06-30", "FundReturn": 141917.2006937181}, {"BenchMarkReturn": 153295.00434396835, "NetReturn": null, "PerformanceDate": "2011-07-31", "FundReturn": 142101.69305461994}, {"BenchMarkReturn": 154374.16116455378, "NetReturn": null, "PerformanceDate": "2011-08-31", "FundReturn": 143664.81167822075}, {"BenchMarkReturn": 155438.36352691075, "NetReturn": null, "PerformanceDate": "2011-09-30", "FundReturn": 144842.86313398217}, {"BenchMarkReturn": 156532.78452663973, "NetReturn": null, "PerformanceDate": "2011-10-31", "FundReturn": 149955.81620261172}, {"BenchMarkReturn": 157611.55384765557, "NetReturn": null, "PerformanceDate": "2011-11-30", "FundReturn": 149700.89131506727}, {"BenchMarkReturn": 158720.85091521108, "NetReturn": null, "PerformanceDate": "2011-12-31", "FundReturn": 150614.0667520892}, {"BenchMarkReturn": 159838.76234202387, "NetReturn": null, "PerformanceDate": "2012-01-31", "FundReturn": 153111.24797883883}, {"BenchMarkReturn": 160918.424910338, "NetReturn": null, "PerformanceDate": "2012-02-29", "FundReturn": 153849.24419409683}, {"BenchMarkReturn": 162053.6480766317, "NetReturn": null, "PerformanceDate": "2012-03-31", "FundReturn": 156335.44798027343}, {"BenchMarkReturn": 163173.38141784983, "NetReturn": null, "PerformanceDate": "2012-04-30", "FundReturn": 158470.99019968396}, {"BenchMarkReturn": 164324.75123572626, "NetReturn": null, "PerformanceDate": "2012-05-31", "FundReturn": 158387.00057487813}, {"BenchMarkReturn": 165460.22902242458, "NetReturn": null, "PerformanceDate": "2012-06-30", "FundReturn": 159465.61604879305}, {"BenchMarkReturn": 166625.88144446697, "NetReturn": null, "PerformanceDate": "2012-07-31", "FundReturn": 163359.7663927046}, {"BenchMarkReturn": 167779.72851589834, "NetReturn": null, "PerformanceDate": "2012-08-31", "FundReturn": 166373.75408265}, {"BenchMarkReturn": 168894.4577032769, "NetReturn": null, "PerformanceDate": "2012-09-30", "FundReturn": 167862.7991816897}, {"BenchMarkReturn": 170018.29155850195, "NetReturn": null, "PerformanceDate": "2012-10-31", "FundReturn": 171567.5311596296}, {"BenchMarkReturn": 171123.13128359747, "NetReturn": null, "PerformanceDate": "2012-11-30", "FundReturn": 174178.78898387917}, {"BenchMarkReturn": 172259.7725333809, "NetReturn": null, "PerformanceDate": "2012-12-31", "FundReturn": 175338.81971851183}, {"BenchMarkReturn": 173405.76615567235, "NetReturn": null, "PerformanceDate": "2013-01-31", "FundReturn": 180388.78988637682}, {"BenchMarkReturn": 174489.79548243523, "NetReturn": null, "PerformanceDate": "2013-02-28", "FundReturn": 180893.87849805865}, {"BenchMarkReturn": 175650.39132443364, "NetReturn": null, "PerformanceDate": "2013-03-31", "FundReturn": 184054.09455541975}, {"BenchMarkReturn": 176795.68492228712, "NetReturn": null, "PerformanceDate": "2013-04-30", "FundReturn": 185513.64352524423}, {"BenchMarkReturn": 177974.171897186, "NetReturn": null, "PerformanceDate": "2013-05-31", "FundReturn": 191941.69127339395}, {"BenchMarkReturn": 179137.90086962705, "NetReturn": null, "PerformanceDate": "2013-06-30", "FundReturn": 186937.77138189657}, {"BenchMarkReturn": 180334.40930625162, "NetReturn": null, "PerformanceDate": "2013-07-31", "FundReturn": 190313.86753305362}, {"BenchMarkReturn": 181539.7127420791, "NetReturn": null, "PerformanceDate": "2013-08-31", "FundReturn": 190513.69709396333}, {"BenchMarkReturn": 182728.6945644432, "NetReturn": null, "PerformanceDate": "2013-09-30", "FundReturn": 195714.72102462855}, {"BenchMarkReturn": 183949.81213976382, "NetReturn": null, "PerformanceDate": "2013-10-31", "FundReturn": 198317.72681425614}, {"BenchMarkReturn": 185154.88648987186, "NetReturn": null, "PerformanceDate": "2013-11-30", "FundReturn": 199085.21641702732}, {"BenchMarkReturn": 186396.40555025238, "NetReturn": null, "PerformanceDate": "2013-12-31", "FundReturn": 202794.17399887653}, {"BenchMarkReturn": 187650.49454652492, "NetReturn": null, "PerformanceDate": "2014-01-31", "FundReturn": 201230.6309173452}, {"BenchMarkReturn": 188850.34081587914, "NetReturn": null, "PerformanceDate": "2014-02-28", "FundReturn": 204078.04434482567}, {"BenchMarkReturn": 190161.37311948295, "NetReturn": null, "PerformanceDate": "2014-03-31", "FundReturn": 205861.68645239944}, {"BenchMarkReturn": 191479.9749000582, "NetReturn": null, "PerformanceDate": "2014-04-30", "FundReturn": 207609.45217038033}, {"BenchMarkReturn": 192852.38406811748, "NetReturn": null, "PerformanceDate": "2014-05-31", "FundReturn": 211018.399375018}, {"BenchMarkReturn": 194210.8395399838, "NetReturn": null, "PerformanceDate": "2014-06-30", "FundReturn": 213341.71195213695}, {"BenchMarkReturn": 195613.46828846613, "NetReturn": null, "PerformanceDate": "2014-07-31", "FundReturn": 214805.23609612862}, {"BenchMarkReturn": 197036.81271952167, "NetReturn": null, "PerformanceDate": "2014-08-31", "FundReturn": 216130.58440284172}, {"BenchMarkReturn": 198455.9327291028, "NetReturn": null, "PerformanceDate": "2014-09-30", "FundReturn": 215899.32467753068}, {"BenchMarkReturn": 199930.84471842172, "NetReturn": null, "PerformanceDate": "2014-10-31", "FundReturn": 217419.25592326047}, {"BenchMarkReturn": 201390.17834074367, "NetReturn": null, "PerformanceDate": "2014-11-30", "FundReturn": 219754.33873187628}, {"BenchMarkReturn": 202891.1220203619, "NetReturn": null, "PerformanceDate": "2014-12-31", "FundReturn": 220610.57415450743}, {"BenchMarkReturn": 204403.53615171398, "NetReturn": null, "PerformanceDate": "2015-01-31", "FundReturn": 224153.57997542882}, {"BenchMarkReturn": 205830.3280230077, "NetReturn": null, "PerformanceDate": "2015-02-28", "FundReturn": 227004.8135127163}, {"BenchMarkReturn": 207367.08997904963, "NetReturn": null, "PerformanceDate": "2015-03-31", "FundReturn": 227213.657941148}, {"BenchMarkReturn": 208882.12057418344, "NetReturn": null, "PerformanceDate": "2015-04-30", "FundReturn": 231030.84739455927}, {"BenchMarkReturn": 210442.31627763185, "NetReturn": null, "PerformanceDate": "2015-05-31", "FundReturn": 229540.6984288644}, {"BenchMarkReturn": 211981.7453827622, "NetReturn": null, "PerformanceDate": "2015-06-30", "FundReturn": 228748.7830192848}, {"BenchMarkReturn": 213569.1253189675, "NetReturn": null, "PerformanceDate": "2015-07-31", "FundReturn": 230899.0215796661}, {"BenchMarkReturn": 215176.86408375806, "NetReturn": null, "PerformanceDate": "2015-08-31", "FundReturn": 230021.60529766337}, {"BenchMarkReturn": 216771.34591467775, "NetReturn": null, "PerformanceDate": "2015-09-30", "FundReturn": 229906.59449501455}, {"BenchMarkReturn": 218422.06230123862, "NetReturn": null, "PerformanceDate": "2015-10-31", "FundReturn": 236864.2117828983}, {"BenchMarkReturn": 220052.95688435045, "NetReturn": null, "PerformanceDate": "2015-11-30", "FundReturn": 236569.0789750168}, {"BenchMarkReturn": 221744.17318712955, "NetReturn": null, "PerformanceDate": "2015-12-31", "FundReturn": 238514.33919761257}, {"BenchMarkReturn": 223467.65595284555, "NetReturn": null, "PerformanceDate": "2016-01-31", "FundReturn": 235566.37351943186}, {"BenchMarkReturn": 225157.00283671462, "NetReturn": null, "PerformanceDate": "2016-02-29", "FundReturn": 236320.18591469407}, {"BenchMarkReturn": 226969.23971309498, "NetReturn": null, "PerformanceDate": "2016-03-31", "FundReturn": 241782.37253183336}, {"BenchMarkReturn": 228747.62412164654, "NetReturn": null, "PerformanceDate": "2016-04-30", "FundReturn": 242954.34004796966}, {"BenchMarkReturn": 230695.07593644215, "NetReturn": null, "PerformanceDate": "2016-05-31", "FundReturn": 249828.10141834282}, {"BenchMarkReturn": 232589.13554365234, "NetReturn": null, "PerformanceDate": "2016-06-30", "FundReturn": 245163.7607992421}, {"BenchMarkReturn": 234550.81929316727, "NetReturn": null, "PerformanceDate": "2016-07-31", "FundReturn": 247100.0886984106}, {"BenchMarkReturn": 236532.85938158052, "NetReturn": null, "PerformanceDate": "2016-08-31", "FundReturn": 251682.38687326055}, {"BenchMarkReturn": 238488.97874219337, "NetReturn": null, "PerformanceDate": "2016-09-30", "FundReturn": 248710.0933890034}, {"BenchMarkReturn": 240508.1331208519, "NetReturn": null, "PerformanceDate": "2016-10-31", "FundReturn": 245491.66042550298}, {"BenchMarkReturn": 242498.41588810095, "NetReturn": null, "PerformanceDate": "2016-11-30", "FundReturn": 247090.10572486554}, {"BenchMarkReturn": 244552.2219658781, "NetReturn": null, "PerformanceDate": "2016-12-31", "FundReturn": 247812.86899312132}, {"BenchMarkReturn": 246623.48451919027, "NetReturn": null, "PerformanceDate": "2017-01-31", "FundReturn": 250514.02926514632}, {"BenchMarkReturn": 248568.9743965497, "NetReturn": null, "PerformanceDate": "2017-02-28", "FundReturn": 250780.6262950903}, {"BenchMarkReturn": 250672.0414690805, "NetReturn": null, "PerformanceDate": "2017-03-31", "FundReturn": 254218.47758871916}, {"BenchMarkReturn": 252743.78562458477, "NetReturn": null, "PerformanceDate": "2017-04-30", "FundReturn": 257915.5769082919}, {"BenchMarkReturn": 254880.6527181182, "NetReturn": null, "PerformanceDate": "2017-05-31", "FundReturn": 258057.2757262453}, {"BenchMarkReturn": 256986.49527836207, "NetReturn": null, "PerformanceDate": "2017-06-30", "FundReturn": 255705.10946372815}, {"BenchMarkReturn": 259157.09953702666, "NetReturn": null, "PerformanceDate": "2017-07-31", "FundReturn": 261625.7567092732}, {"BenchMarkReturn": 261330.55633818638, "NetReturn": null, "PerformanceDate": "2017-08-31", "FundReturn": 262554.7112836208}, {"BenchMarkReturn": 263404.21912067744, "NetReturn": null, "PerformanceDate": "2017-09-30", "FundReturn": 266027.62747165374}], "InitialInvestedAmount": 100000}, "FiveYears": {"LastPerformanceDate": "2017-09-30", "FundPerformanceSeries": [{"BenchMarkReturn": 100665.406, "NetReturn": null, "PerformanceDate": "2012-10-31", "FundReturn": 102207}, {"BenchMarkReturn": 101319.56584640335, "NetReturn": null, "PerformanceDate": "2012-11-30", "FundReturn": 103762.59054}, {"BenchMarkReturn": 101992.5549220901, "NetReturn": null, "PerformanceDate": "2012-12-31", "FundReturn": 104453.64939299642}, {"BenchMarkReturn": 102671.08140417561, "NetReturn": null, "PerformanceDate": "2013-01-31", "FundReturn": 107462.04088443048}, {"BenchMarkReturn": 103312.91971047892, "NetReturn": null, "PerformanceDate": "2013-02-28", "FundReturn": 107762.93459890687}, {"BenchMarkReturn": 104000.09195862777, "NetReturn": null, "PerformanceDate": "2013-03-31", "FundReturn": 109645.55306634978}, {"BenchMarkReturn": 104678.2039662258, "NetReturn": null, "PerformanceDate": "2013-04-30", "FundReturn": 110515.04230216594}, {"BenchMarkReturn": 105375.96929904052, "NetReturn": null, "PerformanceDate": "2013-05-31", "FundReturn": 114344.388517936}, {"BenchMarkReturn": 106064.99662904655, "NetReturn": null, "PerformanceDate": "2013-06-30", "FundReturn": 111363.4303092734}, {"BenchMarkReturn": 106773.43221236608, "NetReturn": null, "PerformanceDate": "2013-07-31", "FundReturn": 113374.65386065887}, {"BenchMarkReturn": 107487.07518929848, "NetReturn": null, "PerformanceDate": "2013-08-31", "FundReturn": 113493.69724721256}, {"BenchMarkReturn": 108191.05437164262, "NetReturn": null, "PerformanceDate": "2013-09-30", "FundReturn": 116592.07518206148}, {"BenchMarkReturn": 108914.06067506196, "NetReturn": null, "PerformanceDate": "2013-10-31", "FundReturn": 118142.74978198292}, {"BenchMarkReturn": 109627.5680136066, "NetReturn": null, "PerformanceDate": "2013-11-30", "FundReturn": 118599.96222363919}, {"BenchMarkReturn": 110362.65374540821, "NetReturn": null, "PerformanceDate": "2013-12-31", "FundReturn": 120809.47951986558}, {"BenchMarkReturn": 111105.18195700635, "NetReturn": null, "PerformanceDate": "2014-01-31", "FundReturn": 119878.03843276741}, {"BenchMarkReturn": 111815.59382348819, "NetReturn": null, "PerformanceDate": "2014-02-28", "FundReturn": 121574.31267659109}, {"BenchMarkReturn": 112591.83735535535, "NetReturn": null, "PerformanceDate": "2014-03-31", "FundReturn": 122636.87216938449}, {"BenchMarkReturn": 113372.56266659786, "NetReturn": null, "PerformanceDate": "2014-04-30", "FundReturn": 123678.05921410257}, {"BenchMarkReturn": 114185.14656468549, "NetReturn": null, "PerformanceDate": "2014-05-31", "FundReturn": 125708.85294639814}, {"BenchMarkReturn": 114989.46867823461, "NetReturn": null, "PerformanceDate": "2014-06-30", "FundReturn": 127092.90741733798}, {"BenchMarkReturn": 115819.94515896469, "NetReturn": null, "PerformanceDate": "2014-07-31", "FundReturn": 127964.76476222093}, {"BenchMarkReturn": 116662.68709994426, "NetReturn": null, "PerformanceDate": "2014-08-31", "FundReturn": 128754.30736080384}, {"BenchMarkReturn": 117502.92782120837, "NetReturn": null, "PerformanceDate": "2014-09-30", "FundReturn": 128616.54025192777}, {"BenchMarkReturn": 118376.20217809115, "NetReturn": null, "PerformanceDate": "2014-10-31", "FundReturn": 129522.00069530134}, {"BenchMarkReturn": 119240.25280601985, "NetReturn": null, "PerformanceDate": "2014-11-30", "FundReturn": 130913.06698276887}, {"BenchMarkReturn": 120128.94015552137, "NetReturn": null, "PerformanceDate": "2014-12-31", "FundReturn": 131423.14749304584}, {"BenchMarkReturn": 121024.41899592784, "NetReturn": null, "PerformanceDate": "2015-01-31", "FundReturn": 133533.80324178416}, {"BenchMarkReturn": 121869.20211711254, "NetReturn": null, "PerformanceDate": "2015-02-28", "FundReturn": 135232.35321901966}, {"BenchMarkReturn": 122779.09695732204, "NetReturn": null, "PerformanceDate": "2015-03-31", "FundReturn": 135356.76698398116}, {"BenchMarkReturn": 123676.12496862334, "NetReturn": null, "PerformanceDate": "2015-04-30", "FundReturn": 137630.76066931203}, {"BenchMarkReturn": 124599.89459651097, "NetReturn": null, "PerformanceDate": "2015-05-31", "FundReturn": 136743.04226299498}, {"BenchMarkReturn": 125511.36861766264, "NetReturn": null, "PerformanceDate": "2015-06-30", "FundReturn": 136271.27876718764}, {"BenchMarkReturn": 126451.23364212313, "NetReturn": null, "PerformanceDate": "2015-07-31", "FundReturn": 137552.22878759922}, {"BenchMarkReturn": 127403.15283867552, "NetReturn": null, "PerformanceDate": "2015-08-31", "FundReturn": 137029.53031820635}, {"BenchMarkReturn": 128347.22279372459, "NetReturn": null, "PerformanceDate": "2015-09-30", "FundReturn": 136961.01555304727}, {"BenchMarkReturn": 129324.58842727364, "NetReturn": null, "PerformanceDate": "2015-10-31", "FundReturn": 141105.83937452603}, {"BenchMarkReturn": 130290.21785365605, "NetReturn": null, "PerformanceDate": "2015-11-30", "FundReturn": 140930.02149866536}, {"BenchMarkReturn": 131291.56291007603, "NetReturn": null, "PerformanceDate": "2015-12-31", "FundReturn": 142088.86087944458}, {"BenchMarkReturn": 132312.0124790867, "NetReturn": null, "PerformanceDate": "2016-01-31", "FundReturn": 140332.6851856329}, {"BenchMarkReturn": 133312.25067922764, "NetReturn": null, "PerformanceDate": "2016-02-29", "FundReturn": 140781.74977822695}, {"BenchMarkReturn": 134385.25029154422, "NetReturn": null, "PerformanceDate": "2016-03-31", "FundReturn": 144035.708751726}, {"BenchMarkReturn": 135438.20634038976, "NetReturn": null, "PerformanceDate": "2016-04-30", "FundReturn": 144733.87863918734}, {"BenchMarkReturn": 136591.2647896001, "NetReturn": null, "PerformanceDate": "2016-05-31", "FundReturn": 148828.7474271987}, {"BenchMarkReturn": 137712.7104740629, "NetReturn": null, "PerformanceDate": "2016-06-30", "FundReturn": 146050.0849469834}, {"BenchMarkReturn": 138874.19544887557, "NetReturn": null, "PerformanceDate": "2016-07-31", "FundReturn": 147203.60312290318}, {"BenchMarkReturn": 140047.73312167203, "NetReturn": null, "PerformanceDate": "2016-08-31", "FundReturn": 149933.39090029526}, {"BenchMarkReturn": 141205.92350116305, "NetReturn": null, "PerformanceDate": "2016-09-30", "FundReturn": 148162.72253378003}, {"BenchMarkReturn": 142401.4360159703, "NetReturn": null, "PerformanceDate": "2016-10-31", "FundReturn": 146245.42282283166}, {"BenchMarkReturn": 143579.85406136623, "NetReturn": null, "PerformanceDate": "2016-11-30", "FundReturn": 147197.65601991568}, {"BenchMarkReturn": 144795.88335309434, "NetReturn": null, "PerformanceDate": "2016-12-31", "FundReturn": 147628.22388353953}, {"BenchMarkReturn": 146022.24837506036, "NetReturn": null, "PerformanceDate": "2017-01-31", "FundReturn": 149237.3715238701}, {"BenchMarkReturn": 147174.14518909162, "NetReturn": null, "PerformanceDate": "2017-02-28", "FundReturn": 149396.1899346458}, {"BenchMarkReturn": 148419.34121335996, "NetReturn": null, "PerformanceDate": "2017-03-31", "FundReturn": 151444.20254398388}, {"BenchMarkReturn": 149645.99138511636, "NetReturn": null, "PerformanceDate": "2017-04-30", "FundReturn": 153646.65558158103}, {"BenchMarkReturn": 150911.19991983785, "NetReturn": null, "PerformanceDate": "2017-05-31", "FundReturn": 153731.06905415753}, {"BenchMarkReturn": 152158.03927080313, "NetReturn": null, "PerformanceDate": "2017-06-30", "FundReturn": 152329.82573283577}, {"BenchMarkReturn": 153443.22309991257, "NetReturn": null, "PerformanceDate": "2017-07-31", "FundReturn": 155856.900983819}, {"BenchMarkReturn": 154730.0958787566, "NetReturn": null, "PerformanceDate": "2017-08-31", "FundReturn": 156410.30208214224}, {"BenchMarkReturn": 155957.8820421926, "NetReturn": null, "PerformanceDate": "2017-09-30", "FundReturn": 158479.20371190354}], "InitialInvestedAmount": 100000}, "ThreeYears": {"LastPerformanceDate": "2017-09-30", "FundPerformanceSeries": [{"BenchMarkReturn": 100743.1937, "NetReturn": null, "PerformanceDate": "2014-10-31", "FundReturn": 101322.73999999999}, {"BenchMarkReturn": 101478.5376135095, "NetReturn": null, "PerformanceDate": "2014-11-30", "FundReturn": 101682.50665291797}, {"BenchMarkReturn": 102234.84842718874, "NetReturn": null, "PerformanceDate": "2014-12-31", "FundReturn": 104036.88374846097}, {"BenchMarkReturn": 102996.93908910741, "NetReturn": null, "PerformanceDate": "2015-01-31", "FundReturn": 103088.59795678212}, {"BenchMarkReturn": 103715.88553312293, "NetReturn": null, "PerformanceDate": "2015-02-28", "FundReturn": 103145.23483249957}, {"BenchMarkReturn": 104490.24482533903, "NetReturn": null, "PerformanceDate": "2015-03-31", "FundReturn": 104645.27598266861}, {"BenchMarkReturn": 105253.6538977208, "NetReturn": null, "PerformanceDate": "2015-04-30", "FundReturn": 106079.81621300461}, {"BenchMarkReturn": 106039.82122564751, "NetReturn": null, "PerformanceDate": "2015-05-31", "FundReturn": 106192.7063534185}, {"BenchMarkReturn": 106815.52446815612, "NetReturn": null, "PerformanceDate": "2015-06-30", "FundReturn": 107350.20685267076}, {"BenchMarkReturn": 107615.38966461367, "NetReturn": null, "PerformanceDate": "2015-07-31", "FundReturn": 107664.2169427355}, {"BenchMarkReturn": 108425.51347531634, "NetReturn": null, "PerformanceDate": "2015-08-31", "FundReturn": 108365.24019209304}, {"BenchMarkReturn": 109228.95724693501, "NetReturn": null, "PerformanceDate": "2015-09-30", "FundReturn": 106962.93980138726}, {"BenchMarkReturn": 110060.7370601463, "NetReturn": null, "PerformanceDate": "2015-10-31", "FundReturn": 105699.73957121481}, {"BenchMarkReturn": 110882.52886081676, "NetReturn": null, "PerformanceDate": "2015-11-30", "FundReturn": 107659.8672517453}, {"BenchMarkReturn": 111734.71618498593, "NetReturn": null, "PerformanceDate": "2015-12-31", "FundReturn": 108510.1756492863}, {"BenchMarkReturn": 112603.16226367716, "NetReturn": null, "PerformanceDate": "2016-01-31", "FundReturn": 106484.268967879}, {"BenchMarkReturn": 113454.40760597443, "NetReturn": null, "PerformanceDate": "2016-02-29", "FundReturn": 109496.96449922583}, {"BenchMarkReturn": 114367.57601140281, "NetReturn": null, "PerformanceDate": "2016-03-31", "FundReturn": 110027.71818554647}, {"BenchMarkReturn": 115263.68648998401, "NetReturn": null, "PerformanceDate": "2016-04-30", "FundReturn": 112570.8438498281}, {"BenchMarkReturn": 116244.98837802278, "NetReturn": null, "PerformanceDate": "2016-05-31", "FundReturn": 112931.07055014756}, {"BenchMarkReturn": 117199.38645580443, "NetReturn": null, "PerformanceDate": "2016-06-30", "FundReturn": 111535.2763974689}, {"BenchMarkReturn": 118187.85967630152, "NetReturn": null, "PerformanceDate": "2016-07-31", "FundReturn": 112452.40866823001}, {"BenchMarkReturn": 119186.59025651492, "NetReturn": null, "PerformanceDate": "2016-08-31", "FundReturn": 112312.2929670294}, {"BenchMarkReturn": 120172.25963596502, "NetReturn": null, "PerformanceDate": "2016-09-30", "FundReturn": 115711.17742663201}, {"BenchMarkReturn": 121189.6917433814, "NetReturn": null, "PerformanceDate": "2016-10-31", "FundReturn": 115653.3218379187}, {"BenchMarkReturn": 122192.57572869708, "NetReturn": null, "PerformanceDate": "2016-11-30", "FundReturn": 115213.8392149346}, {"BenchMarkReturn": 123227.46848777657, "NetReturn": null, "PerformanceDate": "2016-12-31", "FundReturn": 116296.84930355499}, {"BenchMarkReturn": 124271.1573938369, "NetReturn": null, "PerformanceDate": "2017-01-31", "FundReturn": 115895.62517345774}, {"BenchMarkReturn": 125251.47068082493, "NetReturn": null, "PerformanceDate": "2017-02-28", "FundReturn": 115148.09839108895}, {"BenchMarkReturn": 126311.18557249388, "NetReturn": null, "PerformanceDate": "2017-03-31", "FundReturn": 117082.58644405923}, {"BenchMarkReturn": 127355.11715317999, "NetReturn": null, "PerformanceDate": "2017-04-30", "FundReturn": 117190.30242358777}, {"BenchMarkReturn": 128431.86354425427, "NetReturn": null, "PerformanceDate": "2017-05-31", "FundReturn": 118680.9630704158}, {"BenchMarkReturn": 129492.97697698718, "NetReturn": null, "PerformanceDate": "2017-06-30", "FundReturn": 120586.97933732667}, {"BenchMarkReturn": 130586.72319500905, "NetReturn": null, "PerformanceDate": "2017-07-31", "FundReturn": 121056.82600252806}, {"BenchMarkReturn": 131681.90678124456, "NetReturn": null, "PerformanceDate": "2017-08-31", "FundReturn": 122356.97631379521}, {"BenchMarkReturn": 132726.8051392703, "NetReturn": null, "PerformanceDate": "2017-09-30", "FundReturn": 123218.36942704432}], "InitialInvestedAmount": 100000}, "SinceInception": {"LastPerformanceDate": "2017-09-30", "FundPerformanceSeries": [{"BenchMarkReturn": 103712.6008327, "NetReturn": null, "PerformanceDate": "2007-03-31", "FundReturn": 101250}, {"BenchMarkReturn": 104434.6527540433, "NetReturn": null, "PerformanceDate": "2007-04-30", "FundReturn": 102930.75}, {"BenchMarkReturn": 105184.55163305234, "NetReturn": null, "PerformanceDate": "2007-05-31", "FundReturn": 103342.473}, {"BenchMarkReturn": 105922.91793359876, "NetReturn": null, "PerformanceDate": "2007-06-30", "FundReturn": 102722.418162}, {"BenchMarkReturn": 106708.14588200061, "NetReturn": null, "PerformanceDate": "2007-07-31", "FundReturn": 103020.31317466979}, {"BenchMarkReturn": 107519.4205807219, "NetReturn": null, "PerformanceDate": "2007-08-31", "FundReturn": 103854.77771138461}, {"BenchMarkReturn": 108329.57014982511, "NetReturn": null, "PerformanceDate": "2007-09-30", "FundReturn": 105069.87861060782}, {"BenchMarkReturn": 109187.81900939482, "NetReturn": null, "PerformanceDate": "2007-10-31", "FundReturn": 106866.5735348492}, {"BenchMarkReturn": 110046.23663839392, "NetReturn": null, "PerformanceDate": "2007-11-30", "FundReturn": 105872.7144009751}, {"BenchMarkReturn": 110966.48013894926, "NetReturn": null, "PerformanceDate": "2007-12-31", "FundReturn": 105692.73078649344}, {"BenchMarkReturn": 111921.43388772692, "NetReturn": null, "PerformanceDate": "2008-01-31", "FundReturn": 105523.62241723505}, {"BenchMarkReturn": 112836.05174027722, "NetReturn": null, "PerformanceDate": "2008-02-29", "FundReturn": 108594.35982957658}, {"BenchMarkReturn": 114107.46351867494, "NetReturn": null, "PerformanceDate": "2008-03-31", "FundReturn": 108681.23531744024}, {"BenchMarkReturn": 115365.16283037038, "NetReturn": null, "PerformanceDate": "2008-04-30", "FundReturn": 108702.97156450372}, {"BenchMarkReturn": 116686.57515637384, "NetReturn": null, "PerformanceDate": "2008-05-31", "FundReturn": 109626.946822802}, {"BenchMarkReturn": 118018.35772770637, "NetReturn": null, "PerformanceDate": "2008-06-30", "FundReturn": 108618.37891203222}, {"BenchMarkReturn": 119428.03300950007, "NetReturn": null, "PerformanceDate": "2008-07-31", "FundReturn": 109378.70756441643}, {"BenchMarkReturn": 120865.9879872231, "NetReturn": null, "PerformanceDate": "2008-08-31", "FundReturn": 112167.86460730905}, {"BenchMarkReturn": 122278.10810982427, "NetReturn": null, "PerformanceDate": "2008-09-30", "FundReturn": 111584.59171135105}, {"BenchMarkReturn": 123738.07987295446, "NetReturn": null, "PerformanceDate": "2008-10-31", "FundReturn": 109196.68144872814}, {"BenchMarkReturn": 125179.79700367115, "NetReturn": null, "PerformanceDate": "2008-11-30", "FundReturn": 111577.16910431042}, {"BenchMarkReturn": 126670.99752478715, "NetReturn": null, "PerformanceDate": "2008-12-31", "FundReturn": 112625.99449389095}, {"BenchMarkReturn": 128155.89838113626, "NetReturn": null, "PerformanceDate": "2009-01-31", "FundReturn": 113346.80085865184}, {"BenchMarkReturn": 129499.64023446591, "NetReturn": null, "PerformanceDate": "2009-02-28", "FundReturn": 110751.15911898871}, {"BenchMarkReturn": 130901.10283849458, "NetReturn": null, "PerformanceDate": "2009-03-31", "FundReturn": 113276.28554690165}, {"BenchMarkReturn": 132202.5606759132, "NetReturn": null, "PerformanceDate": "2009-04-30", "FundReturn": 114091.87480283936}, {"BenchMarkReturn": 133464.51724721922, "NetReturn": null, "PerformanceDate": "2009-05-31", "FundReturn": 116996.76802719444}, {"BenchMarkReturn": 134631.88653280167, "NetReturn": null, "PerformanceDate": "2009-06-30", "FundReturn": 117651.94992814673}, {"BenchMarkReturn": 135788.91269302636, "NetReturn": null, "PerformanceDate": "2009-07-31", "FundReturn": 121452.10791082587}, {"BenchMarkReturn": 136931.46877494885, "NetReturn": null, "PerformanceDate": "2009-08-31", "FundReturn": 123869.00485825131}, {"BenchMarkReturn": 138045.52887401314, "NetReturn": null, "PerformanceDate": "2009-09-30", "FundReturn": 124079.58216651034}, {"BenchMarkReturn": 139177.88983707025, "NetReturn": null, "PerformanceDate": "2009-10-31", "FundReturn": 127007.86030564}, {"BenchMarkReturn": 140280.3679313408, "NetReturn": null, "PerformanceDate": "2009-11-30", "FundReturn": 126283.91550189785}, {"BenchMarkReturn": 141419.40906276408, "NetReturn": null, "PerformanceDate": "2009-12-31", "FundReturn": 127849.83605412138}, {"BenchMarkReturn": 142573.33112273025, "NetReturn": null, "PerformanceDate": "2010-01-31", "FundReturn": 128489.08523439197}, {"BenchMarkReturn": 143658.6257071753, "NetReturn": null, "PerformanceDate": "2010-02-28", "FundReturn": 129838.22062935308}, {"BenchMarkReturn": 144830.29862356794, "NetReturn": null, "PerformanceDate": "2010-03-31", "FundReturn": 131759.8262946675}, {"BenchMarkReturn": 145969.22331535007, "NetReturn": null, "PerformanceDate": "2010-04-30", "FundReturn": 132985.19267920792}, {"BenchMarkReturn": 147120.89072910437, "NetReturn": null, "PerformanceDate": "2010-05-31", "FundReturn": 131987.80373411387}, {"BenchMarkReturn": 148235.46158796904, "NetReturn": null, "PerformanceDate": "2010-06-30", "FundReturn": 132146.18909859483}, {"BenchMarkReturn": 149376.44296555407, "NetReturn": null, "PerformanceDate": "2010-07-31", "FundReturn": 135793.42391771605}, {"BenchMarkReturn": 150524.25811644495, "NetReturn": null, "PerformanceDate": "2010-08-31", "FundReturn": 136811.87459709894}, {"BenchMarkReturn": 151645.27344765718, "NetReturn": null, "PerformanceDate": "2010-09-30", "FundReturn": 140316.51598271553}, {"BenchMarkReturn": 152777.26336075482, "NetReturn": null, "PerformanceDate": "2010-10-31", "FundReturn": 141733.71279414094}, {"BenchMarkReturn": 153867.0118241271, "NetReturn": null, "PerformanceDate": "2010-11-30", "FundReturn": 142272.30090275867}, {"BenchMarkReturn": 154958.92257049095, "NetReturn": null, "PerformanceDate": "2010-12-31", "FundReturn": 143467.38823034184}, {"BenchMarkReturn": 156038.50319811903, "NetReturn": null, "PerformanceDate": "2011-01-31", "FundReturn": 144572.08711971546}, {"BenchMarkReturn": 157045.47433974285, "NetReturn": null, "PerformanceDate": "2011-02-28", "FundReturn": 145280.49034660205}, {"BenchMarkReturn": 158125.15474319312, "NetReturn": null, "PerformanceDate": "2011-03-31", "FundReturn": 145847.0842589538}, {"BenchMarkReturn": 159190.84469322427, "NetReturn": null, "PerformanceDate": "2011-04-30", "FundReturn": 147888.94343857915}, {"BenchMarkReturn": 160286.8048118084, "NetReturn": null, "PerformanceDate": "2011-05-31", "FundReturn": 149500.93292205964}, {"BenchMarkReturn": 161367.33767744352, "NetReturn": null, "PerformanceDate": "2011-06-30", "FundReturn": 149112.2304964623}, {"BenchMarkReturn": 162478.3201901936, "NetReturn": null, "PerformanceDate": "2011-07-31", "FundReturn": 149306.0763961077}, {"BenchMarkReturn": 163597.29820288133, "NetReturn": null, "PerformanceDate": "2011-08-31", "FundReturn": 150948.44323646487}, {"BenchMarkReturn": 164700.67751062772, "NetReturn": null, "PerformanceDate": "2011-09-30", "FundReturn": 152186.22047100388}, {"BenchMarkReturn": 165835.15249095333, "NetReturn": null, "PerformanceDate": "2011-10-31", "FundReturn": 157558.3940536303}, {"BenchMarkReturn": 166953.31118677033, "NetReturn": null, "PerformanceDate": "2011-11-30", "FundReturn": 157290.5447837391}, {"BenchMarkReturn": 168102.87279817718, "NetReturn": null, "PerformanceDate": "2011-12-31", "FundReturn": 158250.01710691993}, {"BenchMarkReturn": 169261.18753972813, "NetReturn": null, "PerformanceDate": "2012-01-31", "FundReturn": 160873.80239055268}, {"BenchMarkReturn": 170379.85206371214, "NetReturn": null, "PerformanceDate": "2012-02-29", "FundReturn": 161649.21411807515}, {"BenchMarkReturn": 171555.75835023852, "NetReturn": null, "PerformanceDate": "2012-03-31", "FundReturn": 164261.46541822323}, {"BenchMarkReturn": 172715.52252207682, "NetReturn": null, "PerformanceDate": "2012-04-30", "FundReturn": 166505.27703583616}, {"BenchMarkReturn": 173907.80272273725, "NetReturn": null, "PerformanceDate": "2012-05-31", "FundReturn": 166417.02923900716}, {"BenchMarkReturn": 175083.52861367835, "NetReturn": null, "PerformanceDate": "2012-06-30", "FundReturn": 167550.32920812478}, {"BenchMarkReturn": 176290.2494203929, "NetReturn": null, "PerformanceDate": "2012-07-31", "FundReturn": 171641.9082473872}, {"BenchMarkReturn": 177484.63633306246, "NetReturn": null, "PerformanceDate": "2012-08-31", "FundReturn": 174808.7014545515}, {"BenchMarkReturn": 178638.51962186614, "NetReturn": null, "PerformanceDate": "2012-09-30", "FundReturn": 176373.23933256976}, {"BenchMarkReturn": 179801.66081982473, "NetReturn": null, "PerformanceDate": "2012-10-31", "FundReturn": 180265.79672463957}, {"BenchMarkReturn": 180945.07753603416, "NetReturn": null, "PerformanceDate": "2012-11-30", "FundReturn": 183009.44215078859}, {"BenchMarkReturn": 182121.15992932557, "NetReturn": null, "PerformanceDate": "2012-12-31", "FundReturn": 184228.28503551285}, {"BenchMarkReturn": 183306.7487308783, "NetReturn": null, "PerformanceDate": "2013-01-31", "FundReturn": 189534.2825607605}, {"BenchMarkReturn": 184428.32203229028, "NetReturn": null, "PerformanceDate": "2013-02-28", "FundReturn": 190064.97855193063}, {"BenchMarkReturn": 185628.69739609753, "NetReturn": null, "PerformanceDate": "2013-03-31", "FundReturn": 193385.41372723287}, {"BenchMarkReturn": 186813.1632510674, "NetReturn": null, "PerformanceDate": "2013-04-30", "FundReturn": 194918.9600580898}, {"BenchMarkReturn": 188031.69902932463, "NetReturn": null, "PerformanceDate": "2013-05-31", "FundReturn": 201672.90202410263}, {"BenchMarkReturn": 189234.88809754467, "NetReturn": null, "PerformanceDate": "2013-06-30", "FundReturn": 196415.28946833426}, {"BenchMarkReturn": 190471.70772588474, "NetReturn": null, "PerformanceDate": "2013-07-31", "FundReturn": 199962.54959613236}, {"BenchMarkReturn": 191717.4412139967, "NetReturn": null, "PerformanceDate": "2013-08-31", "FundReturn": 200172.5102732083}, {"BenchMarkReturn": 192946.2207932406, "NetReturn": null, "PerformanceDate": "2013-09-30", "FundReturn": 205637.2198036669}, {"BenchMarkReturn": 194207.94970194902, "NetReturn": null, "PerformanceDate": "2013-10-31", "FundReturn": 208372.19482705567}, {"BenchMarkReturn": 195453.01445357615, "NetReturn": null, "PerformanceDate": "2013-11-30", "FundReturn": 209178.59522103638}, {"BenchMarkReturn": 196735.45220165106, "NetReturn": null, "PerformanceDate": "2013-12-31", "FundReturn": 213075.59245000427}, {"BenchMarkReturn": 198030.67595957778, "NetReturn": null, "PerformanceDate": "2014-01-31", "FundReturn": 211432.77963221475}, {"BenchMarkReturn": 199269.92859225586, "NetReturn": null, "PerformanceDate": "2014-02-28", "FundReturn": 214424.55346401062}, {"BenchMarkReturn": 200623.44415561244, "NetReturn": null, "PerformanceDate": "2014-03-31", "FundReturn": 216298.62406128607}, {"BenchMarkReturn": 201984.57896708403, "NetReturn": null, "PerformanceDate": "2014-04-30", "FundReturn": 218134.9993795664}, {"BenchMarkReturn": 203400.8898471449, "NetReturn": null, "PerformanceDate": "2014-05-31", "FundReturn": 221716.77606937892}, {"BenchMarkReturn": 204802.66705160224, "NetReturn": null, "PerformanceDate": "2014-06-30", "FundReturn": 224157.87777390276}, {"BenchMarkReturn": 206249.687623239, "NetReturn": null, "PerformanceDate": "2014-07-31", "FundReturn": 225695.60081543174}, {"BenchMarkReturn": 207717.81574031833, "NetReturn": null, "PerformanceDate": "2014-08-31", "FundReturn": 227088.14267246294}, {"BenchMarkReturn": 209181.40710275515, "NetReturn": null, "PerformanceDate": "2014-09-30", "FundReturn": 226845.1583598034}, {"BenchMarkReturn": 210702.14714999835, "NetReturn": null, "PerformanceDate": "2014-10-31", "FundReturn": 228442.1482746564}, {"BenchMarkReturn": 212206.67192760058, "NetReturn": null, "PerformanceDate": "2014-11-30", "FundReturn": 230895.61694712623}, {"BenchMarkReturn": 213753.74706587242, "NetReturn": null, "PerformanceDate": "2014-12-31", "FundReturn": 231795.2624663058}, {"BenchMarkReturn": 215312.3933248564, "NetReturn": null, "PerformanceDate": "2015-01-31", "FundReturn": 235517.89438151466}, {"BenchMarkReturn": 216782.8859412332, "NetReturn": null, "PerformanceDate": "2015-02-28", "FundReturn": 238513.68199804754}, {"BenchMarkReturn": 218366.1249597824, "NetReturn": null, "PerformanceDate": "2015-03-31", "FundReturn": 238733.11458548575}, {"BenchMarkReturn": 219926.8343565254, "NetReturn": null, "PerformanceDate": "2015-04-30", "FundReturn": 242743.83091052188}, {"BenchMarkReturn": 221533.70150888377, "NetReturn": null, "PerformanceDate": "2015-05-31", "FundReturn": 241178.13320114903}, {"BenchMarkReturn": 223119.0332208788, "NetReturn": null, "PerformanceDate": "2015-06-30", "FundReturn": 240346.0686416051}, {"BenchMarkReturn": 224753.36282837472, "NetReturn": null, "PerformanceDate": "2015-07-31", "FundReturn": 242605.3216868362}, {"BenchMarkReturn": 226408.3571090505, "NetReturn": null, "PerformanceDate": "2015-08-31", "FundReturn": 241683.4214644262}, {"BenchMarkReturn": 228049.52166325488, "NetReturn": null, "PerformanceDate": "2015-09-30", "FundReturn": 241562.579753694}, {"BenchMarkReturn": 229748.14533793766, "NetReturn": null, "PerformanceDate": "2015-10-31", "FundReturn": 248872.9397922641}, {"BenchMarkReturn": 231426.20141262992, "NetReturn": null, "PerformanceDate": "2015-11-30", "FundReturn": 248562.84410928295}, {"BenchMarkReturn": 233165.8810287776, "NetReturn": null, "PerformanceDate": "2015-12-31", "FundReturn": 250606.72666382475}, {"BenchMarkReturn": 234938.39287454437, "NetReturn": null, "PerformanceDate": "2016-01-31", "FundReturn": 247509.30270427788}, {"BenchMarkReturn": 236675.6575675988, "NetReturn": null, "PerformanceDate": "2016-02-29", "FundReturn": 248301.3324729316}, {"BenchMarkReturn": 238538.6265055935, "NetReturn": null, "PerformanceDate": "2016-03-31", "FundReturn": 254040.4453210447}, {"BenchMarkReturn": 240366.62515265125, "NetReturn": null, "PerformanceDate": "2016-04-30", "FundReturn": 255271.83016760487}, {"BenchMarkReturn": 242367.56691132672, "NetReturn": null, "PerformanceDate": "2016-05-31", "FundReturn": 262494.0828954388}, {"BenchMarkReturn": 244313.49286486124, "NetReturn": null, "PerformanceDate": "2016-06-30", "FundReturn": 257593.2658689644}, {"BenchMarkReturn": 246328.37205341915, "NetReturn": null, "PerformanceDate": "2016-07-31", "FundReturn": 259627.76324212409}, {"BenchMarkReturn": 248363.77068896365, "NetReturn": null, "PerformanceDate": "2016-08-31", "FundReturn": 264442.378372015}, {"BenchMarkReturn": 250372.30487540597, "NetReturn": null, "PerformanceDate": "2016-09-30", "FundReturn": 261319.39321615503}, {"BenchMarkReturn": 252445.04413486246, "NetReturn": null, "PerformanceDate": "2016-10-31", "FundReturn": 257937.78960824138}, {"BenchMarkReturn": 254487.90198725072, "NetReturn": null, "PerformanceDate": "2016-11-30", "FundReturn": 259617.2741439386}, {"BenchMarkReturn": 256595.43518807023, "NetReturn": null, "PerformanceDate": "2016-12-31", "FundReturn": 260376.680632537}, {"BenchMarkReturn": 258720.4853881198, "NetReturn": null, "PerformanceDate": "2017-01-31", "FundReturn": 263214.78645143163}, {"BenchMarkReturn": 260716.55034299454, "NetReturn": null, "PerformanceDate": "2017-02-28", "FundReturn": 263494.89962717326}, {"BenchMarkReturn": 262873.46448497614, "NetReturn": null, "PerformanceDate": "2017-03-31", "FundReturn": 267107.0458082023}, {"BenchMarkReturn": 264998.00446681166, "NetReturn": null, "PerformanceDate": "2017-04-30", "FundReturn": 270991.583575391}, {"BenchMarkReturn": 267188.78357978543, "NetReturn": null, "PerformanceDate": "2017-05-31", "FundReturn": 271140.4663514073}, {"BenchMarkReturn": 269347.5000638373, "NetReturn": null, "PerformanceDate": "2017-06-30", "FundReturn": 268669.04811466084}, {"BenchMarkReturn": 271572.05692768015, "NetReturn": null, "PerformanceDate": "2017-07-31", "FundReturn": 274889.8649885173}, {"BenchMarkReturn": 273799.1696283308, "NetReturn": null, "PerformanceDate": "2017-08-31", "FundReturn": 275865.916432132}, {"BenchMarkReturn": 275923.9862393252, "NetReturn": null, "PerformanceDate": "2017-09-30", "FundReturn": 279514.9052551464}], "InitialInvestedAmount": 100000}, "PerformanceReturn": {"FiveYearFundReturn": "9.6%", "ThreeYearBenchmarkReturn": "9.6%", "InceptionBenchmarkReturn": "10.1%", "TenYearBenchmarkReturn": "10.0%", "InceptionFundReturn": "10.1%", "TenYearOutperformance": "0.3%", "FiveYearBenchmarkReturn": "9.1%", "FiveYearOutPerformance": "0.5%", "ThreeYearFundReturn": "6.7%", "ThreeYearOutPerformance": "(2.9)%", "InceptionOutperformance": "0.1%", "TenYearFundReturn": "10.3%"}}, "FundQuartileRanking": "-", "Description": "The fund aims to provide a reasonable level of current \r\nincome and seeks to preserve capital in real terms, with lower \r\nvolatility over the medium to long-term.", "HighestReturn": "21.20%", "InitialFee": "Coronation: 0.00%", "FundNav": "Benchmark", "DisplayName": "Balanced Defensive", "CompareFundsSortinoRatio": "1.52", "DisplayDisclaimer": "-", "InvestorProfile": "The fund is suitable for investors: \r\n\r\nSeeking a defensive investment solution enabling an annual\r\nincome drawdown.\r\nRequiring a reasonable rate of return over investment horizons of 3 years and longer.\r\nWith a low tolerance for the volatility of returns associated with\r\nequity investing.\r\n\r\nThis fund is not suitable for investors seeking to aggressively \r\naccumulate capital over an extended period of time. ", "Regulation28PropertyExposure": 25, "ShowExploreLink": false, "FundProspectus": {"Title": null, "Id": 0, "URL": null, "LastUpdated": "/Date(1507759200000)/", "Size": null}, "HistoricalReportsJson": "[{\"URL\":\"/assets/factsheet/2014/March/CORONATION BALANCED DEFENSIVE FUND.pdf\",\"LastUpdated\":\"01-03-2014\"},{\"URL\":\"/assets/factsheet/2013/March/CORONATION BALANCED DEFENSIVE FUND.pdf\",\"LastUpdated\":\"01-03-2013\"},{\"URL\":\"/assets/factsheet/2013/June/CORONATION BALANCED DEFENSIVE FUND.pdf\",\"LastUpdated\":\"01-06-2013\"},{\"URL\":\"/assets/factsheet/2013/September/CORONATION BALANCED DEFENSIVE FUND.pdf\",\"LastUpdated\":\"01-09-2013\"},{\"URL\":\"/assets/factsheet/2013/December/CORONATION BALANCED DEFENSIVE FUND.pdf\",\"LastUpdated\":\"01-12-2013\"},{\"URL\":\"/assets/factsheet/2012/March/CORONATION BALANCED DEFENSIVE FUND.pdf\",\"LastUpdated\":\"01-03-2012\"},{\"URL\":\"/assets/factsheet/2012/June/CORONATION BALANCED DEFENSIVE FUND.pdf\",\"LastUpdated\":\"01-06-2012\"},{\"URL\":\"/assets/factsheet/2012/September/CORONATION BALANCED DEFENSIVE FUND.pdf\",\"LastUpdated\":\"01-09-2012\"},{\"URL\":\"/assets/factsheet/2012/December/CORONATION BALANCED DEFENSIVE FUND.pdf\",\"LastUpdated\":\"01-12-2012\"},{\"URL\":\"/assets/factsheet/2011/March/CORONATION BALANCED DEFENSIVE FUND.pdf\",\"LastUpdated\":\"01-03-2011\"},{\"URL\":\"/assets/factsheet/2011/June/CORONATION BALANCED DEFENSIVE FUND.pdf\",\"LastUpdated\":\"01-06-2011\"},{\"URL\":\"/assets/factsheet/2011/September/CORONATION BALANCED DEFENSIVE FUND.pdf\",\"LastUpdated\":\"01-09-2011\"},{\"URL\":\"/assets/factsheet/2011/December/CORONATION BALANCED DEFENSIVE FUND.pdf\",\"LastUpdated\":\"01-12-2011\"},{\"URL\":\"/assets/factsheet/2010/March/CORONATION BALANCED DEFENSIVE FUND.pdf\",\"LastUpdated\":\"01-03-2010\"},{\"URL\":\"/assets/factsheet/2010/June/CORONATION BALANCED DEFENSIVE FUND.pdf\",\"LastUpdated\":\"01-06-2010\"},{\"URL\":\"/assets/factsheet/2010/September/CORONATION BALANCED DEFENSIVE FUND.pdf\",\"LastUpdated\":\"01-09-2010\"},{\"URL\":\"/assets/factsheet/2010/December/CORONATION BALANCED DEFENSIVE FUND.pdf\",\"LastUpdated\":\"01-12-2010\"},{\"URL\":\"/assets/factsheet/2009/March/CORONATION BALANCED DEFENSIVE FUND.pdf\",\"LastUpdated\":\"01-03-2009\"},{\"URL\":\"/assets/factsheet/2009/June/CORONATION BALANCED DEFENSIVE FUND.pdf\",\"LastUpdated\":\"01-06-2009\"},{\"URL\":\"/assets/factsheet/2009/September/CORONATION BALANCED DEFENSIVE FUND.pdf\",\"LastUpdated\":\"01-09-2009\"},{\"URL\":\"/assets/factsheet/2009/December/CORONATION BALANCED DEFENSIVE FUND.pdf\",\"LastUpdated\":\"01-12-2009\"},{\"URL\":\"/assets/factsheet/2008/March/Balanced Defensive.pdf\",\"LastUpdated\":\"01-03-2008\"},{\"URL\":\"/assets/factsheet/2008/June/Balanced Defensive.pdf\",\"LastUpdated\":\"01-06-2008\"},{\"URL\":\"/assets/factsheet/2008/September/Balanced Defensive.pdf\",\"LastUpdated\":\"01-09-2008\"},{\"URL\":\"/assets/factsheet/2008/December/Balanced Defensive.pdf\",\"LastUpdated\":\"01-12-2008\"},{\"URL\":\"/assets/factsheet/2007/March/Balanced Defensive.pdf\",\"LastUpdated\":\"01-03-2007\"},{\"URL\":\"/assets/factsheet/2007/June/Balanced Defensive.pdf\",\"LastUpdated\":\"01-06-2007\"},{\"URL\":\"/assets/factsheet/2007/September/Balanced Defensive.pdf\",\"LastUpdated\":\"01-09-2007\"},{\"URL\":\"/assets/factsheet/2007/December/Balanced Defensive.pdf\",\"LastUpdated\":\"01-12-2007\"},{\"URL\":\"/Assets/za/personal/HistoricalReports/2014/June/CORONATION BALANCED DEFENSIVE FUND.pdf\",\"LastUpdated\":\"30-06-2014\"},{\"URL\":\"/Assets/za/Personal/HistoricalReports/2014/September/CORONATION_BALANCED_DEFENSIVE_ FUND.pdf\",\"LastUpdated\":\"30-09-2014\"},{\"URL\":\"/Assets/za/Personal/HistoricalReports/2014/December/2014-December-Balanced-Defensive-Fund.pdf\",\"LastUpdated\":\"31-12-2014\"},{\"URL\":\"/Assets/za/Personal/HistoricalReports/2015/March/2015-March-Balanced-Defensive-Fund-Comprehensive.pdf\",\"LastUpdated\":\"31-03-2015\"},{\"URL\":\"/Assets/za/Personal/HistoricalReports/2015/June/2015-June-Balanced-Defensive-Fund-Comprehensive.pdf\",\"LastUpdated\":\"30-06-2015\"},{\"URL\":\"/Assets/za/Personal/HistoricalReports/2015/September/2015-September-Balanced-Defensive-Fund-Comprehensive.pdf\",\"LastUpdated\":\"30-09-2015\"},{\"URL\":\"/Assets/za/Personal/HistoricalReports/2015/December/2015-December-Balanced-Defensive-Fund-Comprehensive.pdf\",\"LastUpdated\":\"31-12-2015\"},{\"URL\":\"/Assets/za/Personal/HistoricalReports/2016/March/2016-March-Balanced-Defensive-Fund-Comprehensive.pdf\",\"LastUpdated\":\"31-03-2016\"},{\"URL\":\"/Assets/za/Personal/HistoricalReports/2016/June/2016-June-Balanced-Defensive-Fund-Comprehensive.pdf\",\"LastUpdated\":\"30-06-2016\"},{\"URL\":\"/Assets/za/Personal/HistoricalReports/2016/July/2016-July-Balanced-Defensive-Fund-Comprehensive.pdf\",\"LastUpdated\":\"31-07-2016\"},{\"URL\":\"/Assets/za/Personal/HistoricalReports/2016/August/2016-August-Balanced-Defensive-Fund-Comprehensive.pdf\",\"LastUpdated\":\"31-08-2016\"},{\"URL\":\"/Assets/za/Personal/HistoricalReports/2016/September/2016-September-Balanced-Defensive-Fund-Comprehensive.pdf\",\"LastUpdated\":\"30-09-2016\"},{\"URL\":\"/Assets/za/Personal/HistoricalReports/2016/October/2016-October-Balanced-Defensive-Fund-Comprehensive.pdf\",\"LastUpdated\":\"31-10-2016\"},{\"URL\":\"/Assets/za/Personal/HistoricalReports/2016/November/2016-November-Balanced-Defensive-Fund-Comprehensive.pdf\",\"LastUpdated\":\"30-11-2016\"},{\"URL\":\"/Assets/za/Personal/HistoricalReports/2016/December/2016-December-Balanced-Defensive-Fund-Comprehensive.pdf\",\"LastUpdated\":\"31-12-2016\"},{\"URL\":\"/Assets/za/Personal/HistoricalReports/2017/January/2017-January-Balanced-Defensive-Fund-Comprehensive.pdf\",\"LastUpdated\":\"31-01-2017\"},{\"URL\":\"/Assets/za/Personal/HistoricalReports/2017/February/2017-February-Balanced-Defensive-Fund-Comprehensive.pdf\",\"LastUpdated\":\"28-02-2017\"},{\"URL\":\"/Assets/za/Personal/HistoricalReports/2017/March/2017-March-Balanced-Defensive-Fund-Comprehensive.pdf\",\"LastUpdated\":\"31-03-2017\"},{\"URL\":\"/Assets/za/Personal/HistoricalReports/2017/April/2017-April-Balanced-Defensive-Fund-Comprehensive.pdf\",\"LastUpdated\":\"30-04-2017\"},{\"URL\":\"/Assets/za/Personal/HistoricalReports/2017/May/2017-May-Balanced-Defensive-Fund-Comprehensive.pdf\",\"LastUpdated\":\"31-05-2017\"},{\"URL\":\"/Assets/za/Personal/HistoricalReports/2017/June/2017-June-Balanced-Defensive-Fund-Comprehensive.pdf\",\"LastUpdated\":\"30-06-2017\"},{\"URL\":\"/Assets/za/Personal/HistoricalReports/2017/July/2017-July-Balanced-Defensive-Fund-Comprehensive.pdf\",\"LastUpdated\":\"31-07-2017\"}]", "AlternativeDescription": "A lower risk alternative to Capital Plus for investors requiring a growing regular income.", "PortfolioManagers": "Charles de Kock and Duane Cable", "BenchmarkReturnPercent": null, "RiskRating": 3, "Name": "Coronation Balanced Defensive Fund", "IsReg28Compliant": "Yes", "GrowthPercentage": null, "TERExplanation": "1.81% per annum", "OutperformancePercent": null, "LaunchDate": "01 February 2007", "SuitableFor": null, "TERPerformance": 0, "NotSuitableFor": null, "TERDate": "/Date(1498773600000)/", "MonthlyFactSheet": {"Title": "MONTHLY FACTSHEET", "Id": 227444, "URL": "/Assets/za/Personal/Funds/FactsheetMonthly/2017/August/2017-August-Balanced-Defensive-Fund.pdf", "LastUpdated": "/Date(1504130400000)/", "Size": null}, "MDD": {"Title": "Comprehensive Fact Sheet", "Id": 54509, "URL": "/Assets/za/Personal/Funds/FactsheetComprehensive/2017/August/2017-August-Balanced-Defensive-Fund-Comprehensive.pdf", "LastUpdated": "/Date(1504130400000)/", "Size": "0.60"}, "Regulation28InternationalExposure": 25, "LowestReturn": "2.00%", "FeeExplanation": "<p>The fund charges a fixed annual management fee of 1.25%. This fee was introduced on 1 October 2017. The discount to 0.75% p.a. that was previously applied for negative performance over a rolling 12-month period will still be in effect until 30 September 2018. The annual management fee is accrued daily and paid monthly.</p>\r\n", "FundReturnPercent": null, "HighestReturnDate": "Jun 2012 - May 2013", "LowestReturnDate": "Mar 2008 - Feb 2009", "TimeHorizon": "2 years +", "HistoricalReports": null, "CompareFundsStandardDeviation": "4.23%", "TERTotal": 1.76, "DisplayCurrency": null, "QuartelyCommentaty": {"Title": "Latest Commentary", "Id": 10, "URL": "/Assets/za/Personal/QuarterlyCommentary/2017/June/2017-June-Balanced-Defensive-Fund-Commentary.pdf", "LastUpdated": "/Date(1498773600000)/", "Size": "0.24"}, "Regulation28EquityExposure": 40, "FundPricingClass": "A", "DisplayDescription": "A lower risk alternative to Capital Plus for investors requiring a growing regular income.", "SharingRate": "-", "FundCategoryDescription": "South African - Multi Asset - Low Equity", "FundDisplayObjective": "The fund is in the first instance managed to protect capital over any twelve-month period. In addition, we aim to achieve reasonable investment growth over the long run. It is specifically managed to suit very cautious investors who want to draw an income over an extended period of time.", "GraphDisclaimer": null, "HideHoldingsTab": false, "StaticFactSheet": {"Title": "Static Fact Sheet", "Id": 9, "URL": "/Assets/za/Personal/StaticFactSheet/2017/August/2017-August-Balanced-Defensive-Fund-Static.pdf", "LastUpdated": "/Date(1504130400000)/", "Size": "0.15"}, "FundCurrency": "ZAR", "Disclaimer": "-", "FundObjective": "The fund is specifically managed to be a suitable investment portfolio for investors intending to draw an income over an extended period of time. \r\nThe fund deploys the minimum risk budget that we believe to be consistent with this investor goal. To improve the probability of achieving its dual objectives of short-term capital preservation and long term growth our focus is on constructing a portfolio that can produce reasonable real returns in the long term while strongly focusing on reducing the variability of returns year to year. Our intent is to preserve capital over any 12-month period, while maintaining the ability to produce a medium-term return in excess of cash + 3%.", "GraphHeader": "R100\u00a0000 invested at launch in February 2007, would have grown to R279\u00a0515 as at end September 2017.", "InceptionDate": "/Date(1170280800000)/", "BenchmarkDescription": "Alexander Forbes 3-month (SteFI) Index + 3% p.a.", "FundDisplayHighlights": "Outperformed inflation\r\nby 3.7% p.a. (after\r\nfees) since launch,\r\nwhile producing\r\npositive returns over\r\nall 12-month periods.\r\nA top-performing\r\nconservative fund in\r\nSA over 5 years.", "Capital": null, "TC": "0,05", "Brochure": {"Title": null, "Id": 0, "URL": null, "LastUpdated": "/Date(1507759200000)/", "Size": null}, "FundPurpose": "A multi-asset fund for cautious investors requiring stable returns", "PageId": 0}