{"MinimumStandardFee": "1.25%", "IncomePercentage": null, "IsFlagShip": true, "PortfolioHoldings": {"Title": "Portfolio Holdings", "Id": 11707, "URL": "/Assets/za/Personal/PortfolioHoldings/2017/June/2017-June-Capital-Plus-Fund-Portofolio-Holdings.pdf", "LastUpdated": "/Date(1498773600000)/", "Size": "0.04"}, "SearchTags": "Coronation Capital Plus Fund,Coronation Capital Plus,Capital Plus,General Investor Report", "DisplayCapital": "R 18.37 billion", "FundSize": "R 22.95 billion", "AdviceCosts": "Coronation does not provide financial advice and therefore does not charge advice fees. However, investments are often placed on your behalf by a financial adviser, in which case fees are negotiated directly between you and your adviser, within the following ranges: \r\n\r\nInitial           0.00% - 3.00%, \r\nOngoing     0.00% - 1.00% when the initial fee is less than 1.50%, \r\n                   0.00% - 0.50% when the initial fee is more than 1.50%. \r\n\r\nSharing of annual management fees: \r\nA portion of Coronation\u2019s annual management fee may be paid to administration platforms as a subsidy for administrative and advice costs incurred when investing through these channels. Where commission and incentives are paid, these are included in the overall costs. ", "CompareFundAnnualManagementFee": "1.25%", "KIID": {"Title": null, "Id": 0, "URL": null, "LastUpdated": "/Date(1507759200000)/", "Size": null}, "MinimumDiscountedFee": null, "Benefits": {"Title": null, "Id": 0, "URL": null, "LastUpdated": "/Date(1507759200000)/", "Size": null}, "MaximumFee": null, "FundCode": "UTCAPP", "NumberOfUnits": "142788891.59510", "FundProjection": "-", "FundHighlights": "Managed by the team that pioneered Absolute Return investing in South Africa.\r\nFirst quartile performer over 5 years, 10 years and first in category since launch.\r\nOutperformed inflation by more than 8% per annum since launch.", "FundPerformanceChartData": {"TenYears": {"LastPerformanceDate": "2017-09-30", "FundPerformanceSeries": [{"BenchMarkReturn": 101052.75779376499, "NetReturn": null, "PerformanceDate": "2007-10-31", "FundReturn": 102709.99999999999}, {"BenchMarkReturn": 101848.9310369886, "NetReturn": null, "PerformanceDate": "2007-11-30", "FundReturn": 100347.66999999998}, {"BenchMarkReturn": 102912.62801767443, "NetReturn": null, "PerformanceDate": "2007-12-31", "FundReturn": 99745.58397999998}, {"BenchMarkReturn": 104510.70216006269, "NetReturn": null, "PerformanceDate": "2008-01-31", "FundReturn": 95785.68429599398}, {"BenchMarkReturn": 105322.97409378189, "NetReturn": null, "PerformanceDate": "2008-02-29", "FundReturn": 99406.38316238255}, {"BenchMarkReturn": 107336.3450586651, "NetReturn": null, "PerformanceDate": "2008-03-31", "FundReturn": 98034.57507474168}, {"BenchMarkReturn": 109361.88207051082, "NetReturn": null, "PerformanceDate": "2008-04-30", "FundReturn": 97799.2920945623}, {"BenchMarkReturn": 110931.14253551947, "NetReturn": null, "PerformanceDate": "2008-05-31", "FundReturn": 98122.02975847437}, {"BenchMarkReturn": 112509.60587169236, "NetReturn": null, "PerformanceDate": "2008-06-30", "FundReturn": 94138.27535028031}, {"BenchMarkReturn": 115646.84974904079, "NetReturn": null, "PerformanceDate": "2008-07-31", "FundReturn": 95032.58896610799}, {"BenchMarkReturn": 117046.19239752469, "NetReturn": null, "PerformanceDate": "2008-08-31", "FundReturn": 98520.28498116415}, {"BenchMarkReturn": 117571.97353057755, "NetReturn": null, "PerformanceDate": "2008-09-30", "FundReturn": 97190.26113391844}, {"BenchMarkReturn": 118167.99810555094, "NetReturn": null, "PerformanceDate": "2008-10-31", "FundReturn": 96393.30099262031}, {"BenchMarkReturn": 118766.68862642218, "NetReturn": null, "PerformanceDate": "2008-11-30", "FundReturn": 98224.77371148008}, {"BenchMarkReturn": 118135.18397321361, "NetReturn": null, "PerformanceDate": "2008-12-31", "FundReturn": 100454.47607473067}, {"BenchMarkReturn": 118989.08544160204, "NetReturn": null, "PerformanceDate": "2009-01-31", "FundReturn": 100534.83965559045}, {"BenchMarkReturn": 120770.651704843, "NetReturn": null, "PerformanceDate": "2009-02-28", "FundReturn": 96252.0554862623}, {"BenchMarkReturn": 122794.30314220529, "NetReturn": null, "PerformanceDate": "2009-03-31", "FundReturn": 98821.9853677455}, {"BenchMarkReturn": 123784.47985097313, "NetReturn": null, "PerformanceDate": "2009-04-30", "FundReturn": 98970.21834579713}, {"BenchMarkReturn": 124663.32630390985, "NetReturn": null, "PerformanceDate": "2009-05-31", "FundReturn": 102579.26632799495}, {"BenchMarkReturn": 125546.65053406272, "NetReturn": null, "PerformanceDate": "2009-06-30", "FundReturn": 102507.46084156535}, {"BenchMarkReturn": 127373.13915422319, "NetReturn": null, "PerformanceDate": "2009-07-31", "FundReturn": 108606.65476163848}, {"BenchMarkReturn": 128150.87652740124, "NetReturn": null, "PerformanceDate": "2009-08-31", "FundReturn": 111484.7311128219}, {"BenchMarkReturn": 129050.49175066338, "NetReturn": null, "PerformanceDate": "2009-09-30", "FundReturn": 111908.37309105063}, {"BenchMarkReturn": 129480.66006940398, "NetReturn": null, "PerformanceDate": "2009-10-31", "FundReturn": 114985.85335105452}, {"BenchMarkReturn": 129912.26228258341, "NetReturn": null, "PerformanceDate": "2009-11-30", "FundReturn": 114180.95237759715}, {"BenchMarkReturn": 130703.18818515226, "NetReturn": null, "PerformanceDate": "2009-12-31", "FundReturn": 116007.8476156387}, {"BenchMarkReturn": 131497.94020495398, "NetReturn": null, "PerformanceDate": "2010-01-31", "FundReturn": 116332.66958896248}, {"BenchMarkReturn": 132776.89276566438, "NetReturn": null, "PerformanceDate": "2010-02-28", "FundReturn": 117461.09648397543}, {"BenchMarkReturn": 134303.8671753501, "NetReturn": null, "PerformanceDate": "2010-03-31", "FundReturn": 120010.0022776777}, {"BenchMarkReturn": 134993.317868213, "NetReturn": null, "PerformanceDate": "2010-04-30", "FundReturn": 120934.07929521582}, {"BenchMarkReturn": 135685.86508731777, "NetReturn": null, "PerformanceDate": "2010-05-31", "FundReturn": 119386.12308023706}, {"BenchMarkReturn": 136138.15131784408, "NetReturn": null, "PerformanceDate": "2010-06-30", "FundReturn": 118359.40242174701}, {"BenchMarkReturn": 137446.62414527376, "NetReturn": null, "PerformanceDate": "2010-07-31", "FundReturn": 122419.12992481294}, {"BenchMarkReturn": 138027.2810620068, "NetReturn": null, "PerformanceDate": "2010-08-31", "FundReturn": 122737.41966261744}, {"BenchMarkReturn": 138610.21627902534, "NetReturn": null, "PerformanceDate": "2010-09-30", "FundReturn": 127239.87007055302}, {"BenchMarkReturn": 139318.88766911678, "NetReturn": null, "PerformanceDate": "2010-10-31", "FundReturn": 128970.33230351255}, {"BenchMarkReturn": 140030.7420303062, "NetReturn": null, "PerformanceDate": "2010-11-30", "FundReturn": 129060.611536125}, {"BenchMarkReturn": 140745.79267756405, "NetReturn": null, "PerformanceDate": "2010-12-31", "FundReturn": 130944.89646455241}, {"BenchMarkReturn": 141837.71434760062, "NetReturn": null, "PerformanceDate": "2011-01-31", "FundReturn": 131691.28237440035}, {"BenchMarkReturn": 143310.24390115435, "NetReturn": null, "PerformanceDate": "2011-02-28", "FundReturn": 132389.2461709847}, {"BenchMarkReturn": 145543.27579396393, "NetReturn": null, "PerformanceDate": "2011-03-31", "FundReturn": 132203.90122634533}, {"BenchMarkReturn": 146405.80109847925, "NetReturn": null, "PerformanceDate": "2011-04-30", "FundReturn": 133777.12765093884}, {"BenchMarkReturn": 147651.0918507572, "NetReturn": null, "PerformanceDate": "2011-05-31", "FundReturn": 135048.01036362277}, {"BenchMarkReturn": 148776.4144012126, "NetReturn": null, "PerformanceDate": "2011-06-30", "FundReturn": 134224.2175004047}, {"BenchMarkReturn": 150542.84321637615, "NetReturn": null, "PerformanceDate": "2011-07-31", "FundReturn": 133418.87219540225}, {"BenchMarkReturn": 151299.59398789413, "NetReturn": null, "PerformanceDate": "2011-08-31", "FundReturn": 133979.23145862293}, {"BenchMarkReturn": 152443.40020772614, "NetReturn": null, "PerformanceDate": "2011-09-30", "FundReturn": 135185.04454175054}, {"BenchMarkReturn": 153721.46103005135, "NetReturn": null, "PerformanceDate": "2011-10-31", "FundReturn": 140240.96520761203}, {"BenchMarkReturn": 154620.10075544158, "NetReturn": null, "PerformanceDate": "2011-11-30", "FundReturn": 140858.02545452552}, {"BenchMarkReturn": 155393.8471589197, "NetReturn": null, "PerformanceDate": "2011-12-31", "FundReturn": 140815.76804688916}, {"BenchMarkReturn": 156819.04669714495, "NetReturn": null, "PerformanceDate": "2012-01-31", "FundReturn": 144346.01935182465}, {"BenchMarkReturn": 158252.0035273749, "NetReturn": null, "PerformanceDate": "2012-02-29", "FundReturn": 145354.9980270939}, {"BenchMarkReturn": 160475.53332556318, "NetReturn": null, "PerformanceDate": "2012-03-31", "FundReturn": 147307.11565059779}, {"BenchMarkReturn": 161664.91961897, "NetReturn": null, "PerformanceDate": "2012-04-30", "FundReturn": 149462.21875256603}, {"BenchMarkReturn": 162335.1308584892, "NetReturn": null, "PerformanceDate": "2012-05-31", "FundReturn": 148356.19833379705}, {"BenchMarkReturn": 163271.54455677478, "NetReturn": null, "PerformanceDate": "2012-06-30", "FundReturn": 148641.04223459793}, {"BenchMarkReturn": 164344.59769306314, "NetReturn": null, "PerformanceDate": "2012-07-31", "FundReturn": 150898.8996661415}, {"BenchMarkReturn": 165290.34190785768, "NetReturn": null, "PerformanceDate": "2012-08-31", "FundReturn": 153471.7259054492}, {"BenchMarkReturn": 167305.2338754567, "NetReturn": null, "PerformanceDate": "2012-09-30", "FundReturn": 155700.13536559633}, {"BenchMarkReturn": 168931.10786707915, "NetReturn": null, "PerformanceDate": "2012-10-31", "FundReturn": 159642.46279305324}, {"BenchMarkReturn": 169896.1094771761, "NetReturn": null, "PerformanceDate": "2012-11-30", "FundReturn": 161111.17345074934}, {"BenchMarkReturn": 170865.66432646313, "NetReturn": null, "PerformanceDate": "2012-12-31", "FundReturn": 163871.0078519607}, {"BenchMarkReturn": 171947.81353386404, "NetReturn": null, "PerformanceDate": "2013-01-31", "FundReturn": 169679.67955759607}, {"BenchMarkReturn": 174235.3080885461, "NetReturn": null, "PerformanceDate": "2013-02-28", "FundReturn": 169002.65763616125}, {"BenchMarkReturn": 176880.0842569288, "NetReturn": null, "PerformanceDate": "2013-03-31", "FundReturn": 171926.40361326686}, {"BenchMarkReturn": 178159.94827691276, "NetReturn": null, "PerformanceDate": "2013-04-30", "FundReturn": 170269.03308243497}, {"BenchMarkReturn": 178234.3979936453, "NetReturn": null, "PerformanceDate": "2013-05-31", "FundReturn": 179618.50568899148}, {"BenchMarkReturn": 179349.6659339664, "NetReturn": null, "PerformanceDate": "2013-06-30", "FundReturn": 173313.89613930788}, {"BenchMarkReturn": 181864.74428908373, "NetReturn": null, "PerformanceDate": "2013-07-31", "FundReturn": 177090.4059361834}, {"BenchMarkReturn": 182995.56987272814, "NetReturn": null, "PerformanceDate": "2013-08-31", "FundReturn": 179029.54588118463}, {"BenchMarkReturn": 184482.8109802096, "NetReturn": null, "PerformanceDate": "2013-09-30", "FundReturn": 184686.87953103008}, {"BenchMarkReturn": 185449.82012650315, "NetReturn": null, "PerformanceDate": "2013-10-31", "FundReturn": 188243.94883079772}, {"BenchMarkReturn": 186244.60507873338, "NetReturn": null, "PerformanceDate": "2013-11-30", "FundReturn": 187387.43886361757}, {"BenchMarkReturn": 187397.04149960307, "NetReturn": null, "PerformanceDate": "2013-12-31", "FundReturn": 191341.31382363988}, {"BenchMarkReturn": 189266.27064451782, "NetReturn": null, "PerformanceDate": "2014-01-31", "FundReturn": 190692.66676977774}, {"BenchMarkReturn": 192037.77582195538, "NetReturn": null, "PerformanceDate": "2014-02-28", "FundReturn": 192212.48732393287}, {"BenchMarkReturn": 195183.52038253212, "NetReturn": null, "PerformanceDate": "2014-03-31", "FundReturn": 194215.3414418483}, {"BenchMarkReturn": 196731.94039713245, "NetReturn": null, "PerformanceDate": "2014-04-30", "FundReturn": 196652.7439769435}, {"BenchMarkReturn": 197748.0284740908, "NetReturn": null, "PerformanceDate": "2014-05-31", "FundReturn": 200273.12099355902}, {"BenchMarkReturn": 198949.45914512695, "NetReturn": null, "PerformanceDate": "2014-06-30", "FundReturn": 202648.3602085426}, {"BenchMarkReturn": 201244.84376901627, "NetReturn": null, "PerformanceDate": "2014-07-31", "FundReturn": 204573.51963052378}, {"BenchMarkReturn": 202643.48946294724, "NetReturn": null, "PerformanceDate": "2014-08-31", "FundReturn": 205334.5331235493}, {"BenchMarkReturn": 203318.96776115708, "NetReturn": null, "PerformanceDate": "2014-09-30", "FundReturn": 203802.73750644762}, {"BenchMarkReturn": 204363.03817644424, "NetReturn": null, "PerformanceDate": "2014-10-31", "FundReturn": 203900.56282045072}, {"BenchMarkReturn": 205044.24830369907, "NetReturn": null, "PerformanceDate": "2014-11-30", "FundReturn": 206147.5470227321}, {"BenchMarkReturn": 205358.94454310474, "NetReturn": null, "PerformanceDate": "2014-12-31", "FundReturn": 206889.17106904823}, {"BenchMarkReturn": 205673.45820125274, "NetReturn": null, "PerformanceDate": "2015-01-31", "FundReturn": 210046.29981956191}, {"BenchMarkReturn": 207658.41754540039, "NetReturn": null, "PerformanceDate": "2015-02-28", "FundReturn": 214030.878127139}, {"BenchMarkReturn": 211330.4640468427, "NetReturn": null, "PerformanceDate": "2015-03-31", "FundReturn": 212892.23385550262}, {"BenchMarkReturn": 213903.42646486714, "NetReturn": null, "PerformanceDate": "2015-04-30", "FundReturn": 217810.0444575647}, {"BenchMarkReturn": 215178.84839022826, "NetReturn": null, "PerformanceDate": "2015-05-31", "FundReturn": 215884.60366455984}, {"BenchMarkReturn": 216836.5781331566, "NetReturn": null, "PerformanceDate": "2015-06-30", "FundReturn": 213693.37493736457}, {"BenchMarkReturn": 219823.97845918188, "NetReturn": null, "PerformanceDate": "2015-07-31", "FundReturn": 214890.05783701382}, {"BenchMarkReturn": 220556.72505404582, "NetReturn": null, "PerformanceDate": "2015-08-31", "FundReturn": 212590.73421815777}, {"BenchMarkReturn": 221291.91413755933, "NetReturn": null, "PerformanceDate": "2015-09-30", "FundReturn": 210337.27243544528}, {"BenchMarkReturn": 222601.36757674004, "NetReturn": null, "PerformanceDate": "2015-10-31", "FundReturn": 217959.89518850582}, {"BenchMarkReturn": 223534.61042362536, "NetReturn": null, "PerformanceDate": "2015-11-30", "FundReturn": 214512.09658646645}, {"BenchMarkReturn": 224855.35139880865, "NetReturn": null, "PerformanceDate": "2015-12-31", "FundReturn": 216374.68366991705}, {"BenchMarkReturn": 227337.4875374735, "NetReturn": null, "PerformanceDate": "2016-01-31", "FundReturn": 212670.11107333604}, {"BenchMarkReturn": 231185.6783242293, "NetReturn": null, "PerformanceDate": "2016-02-29", "FundReturn": 213818.52967313206}, {"BenchMarkReturn": 233700.36355819873, "NetReturn": null, "PerformanceDate": "2016-03-31", "FundReturn": 220269.24227669372}, {"BenchMarkReturn": 236423.62737279007, "NetReturn": null, "PerformanceDate": "2016-04-30", "FundReturn": 222338.6277540348}, {"BenchMarkReturn": 237601.84412576296, "NetReturn": null, "PerformanceDate": "2016-05-31", "FundReturn": 228975.4802602183}, {"BenchMarkReturn": 239763.87737995345, "NetReturn": null, "PerformanceDate": "2016-06-30", "FundReturn": 223423.32860996455}, {"BenchMarkReturn": 242526.75837840614, "NetReturn": null, "PerformanceDate": "2016-07-31", "FundReturn": 225449.08558813826}, {"BenchMarkReturn": 243138.164851977, "NetReturn": null, "PerformanceDate": "2016-08-31", "FundReturn": 229637.7943289145}, {"BenchMarkReturn": 244343.97202068497, "NetReturn": null, "PerformanceDate": "2016-09-30", "FundReturn": 226749.68571719862}, {"BenchMarkReturn": 246348.4388114433, "NetReturn": null, "PerformanceDate": "2016-10-31", "FundReturn": 222918.74977700654}, {"BenchMarkReturn": 247965.55645770696, "NetReturn": null, "PerformanceDate": "2016-11-30", "FundReturn": 224969.02268620557}, {"BenchMarkReturn": 249790.35934500443, "NetReturn": null, "PerformanceDate": "2016-12-31", "FundReturn": 225612.99651364484}, {"BenchMarkReturn": 252121.7360322245, "NetReturn": null, "PerformanceDate": "2017-01-31", "FundReturn": 228523.40416867085}, {"BenchMarkReturn": 255718.94012551403, "NetReturn": null, "PerformanceDate": "2017-02-28", "FundReturn": 228470.31818188247}, {"BenchMarkReturn": 258080.00290602393, "NetReturn": null, "PerformanceDate": "2017-03-31", "FundReturn": 231640.45808181516}, {"BenchMarkReturn": 259192.5472000763, "NetReturn": null, "PerformanceDate": "2017-04-30", "FundReturn": 235276.7499927835}, {"BenchMarkReturn": 260815.87552303515, "NetReturn": null, "PerformanceDate": "2017-05-31", "FundReturn": 234461.56310940848}, {"BenchMarkReturn": 262193.17974074365, "NetReturn": null, "PerformanceDate": "2017-06-30", "FundReturn": 230803.18900174345}, {"BenchMarkReturn": 263831.56860928884, "NetReturn": null, "PerformanceDate": "2017-07-31", "FundReturn": 237276.41064208085}, {"BenchMarkReturn": 264966.6579160963, "NetReturn": null, "PerformanceDate": "2017-08-31", "FundReturn": 238148.44890647262}, {"BenchMarkReturn": 266106.6307466655, "NetReturn": null, "PerformanceDate": "2017-09-30", "FundReturn": 240446.7719571792}], "InitialInvestedAmount": 100000}, "FiveYears": {"LastPerformanceDate": "2017-09-30", "FundPerformanceSeries": [{"BenchMarkReturn": 100971.80103333334, "NetReturn": null, "PerformanceDate": "2012-10-31", "FundReturn": 102532}, {"BenchMarkReturn": 101548.59208029801, "NetReturn": null, "PerformanceDate": "2012-11-30", "FundReturn": 103475.29440000001}, {"BenchMarkReturn": 102128.10464355037, "NetReturn": null, "PerformanceDate": "2012-12-31", "FundReturn": 105247.82619307202}, {"BenchMarkReturn": 102774.91597295951, "NetReturn": null, "PerformanceDate": "2013-01-31", "FundReturn": 108978.50484148561}, {"BenchMarkReturn": 104142.17418819555, "NetReturn": null, "PerformanceDate": "2013-02-28", "FundReturn": 108543.68060716808}, {"BenchMarkReturn": 105722.98317254058, "NetReturn": null, "PerformanceDate": "2013-03-31", "FundReturn": 110421.4862816721}, {"BenchMarkReturn": 106487.97060917792, "NetReturn": null, "PerformanceDate": "2013-04-30", "FundReturn": 109357.02315391679}, {"BenchMarkReturn": 106532.46994432005, "NetReturn": null, "PerformanceDate": "2013-05-31", "FundReturn": 115361.81729529836}, {"BenchMarkReturn": 107199.07666933817, "NetReturn": null, "PerformanceDate": "2013-06-30", "FundReturn": 111312.61750823338}, {"BenchMarkReturn": 108702.3639825071, "NetReturn": null, "PerformanceDate": "2013-07-31", "FundReturn": 113738.11944373779}, {"BenchMarkReturn": 109378.26966546153, "NetReturn": null, "PerformanceDate": "2013-08-31", "FundReturn": 114983.55185164671}, {"BenchMarkReturn": 110267.20844701127, "NetReturn": null, "PerformanceDate": "2013-09-30", "FundReturn": 118617.03209015875}, {"BenchMarkReturn": 110845.19941829998, "NetReturn": null, "PerformanceDate": "2013-10-31", "FundReturn": 120901.59612821521}, {"BenchMarkReturn": 111320.25027822817, "NetReturn": null, "PerformanceDate": "2013-11-30", "FundReturn": 120351.49386583183}, {"BenchMarkReturn": 112009.07297323577, "NetReturn": null, "PerformanceDate": "2013-12-31", "FundReturn": 122890.91038640086}, {"BenchMarkReturn": 113126.3297987492, "NetReturn": null, "PerformanceDate": "2014-01-31", "FundReturn": 122474.31020019097}, {"BenchMarkReturn": 114782.8859705069, "NetReturn": null, "PerformanceDate": "2014-02-28", "FundReturn": 123450.4304524865}, {"BenchMarkReturn": 116663.12873859536, "NetReturn": null, "PerformanceDate": "2014-03-31", "FundReturn": 124736.78393780142}, {"BenchMarkReturn": 117588.63476057252, "NetReturn": null, "PerformanceDate": "2014-04-30", "FundReturn": 126302.23057622083}, {"BenchMarkReturn": 118195.96069618234, "NetReturn": null, "PerformanceDate": "2014-05-31", "FundReturn": 128627.45464112905}, {"BenchMarkReturn": 118914.06774113618, "NetReturn": null, "PerformanceDate": "2014-06-30", "FundReturn": 130152.97625317283}, {"BenchMarkReturn": 120286.04192910332, "NetReturn": null, "PerformanceDate": "2014-07-31", "FundReturn": 131389.42952757797}, {"BenchMarkReturn": 121122.02635202468, "NetReturn": null, "PerformanceDate": "2014-08-31", "FundReturn": 131878.19820542054}, {"BenchMarkReturn": 121525.76643986478, "NetReturn": null, "PerformanceDate": "2014-09-30", "FundReturn": 130894.3868468081}, {"BenchMarkReturn": 122149.81769702054, "NetReturn": null, "PerformanceDate": "2014-10-31", "FundReturn": 130957.21615249458}, {"BenchMarkReturn": 122556.98375601061, "NetReturn": null, "PerformanceDate": "2014-11-30", "FundReturn": 132400.36467449507}, {"BenchMarkReturn": 122745.08082393614, "NetReturn": null, "PerformanceDate": "2014-12-31", "FundReturn": 132876.68028242612}, {"BenchMarkReturn": 122933.06876123052, "NetReturn": null, "PerformanceDate": "2015-01-31", "FundReturn": 134904.37842353596}, {"BenchMarkReturn": 124119.49867628343, "NetReturn": null, "PerformanceDate": "2015-02-28", "FundReturn": 137463.51448223044}, {"BenchMarkReturn": 126314.31734177467, "NetReturn": null, "PerformanceDate": "2015-03-31", "FundReturn": 136732.20858518497}, {"BenchMarkReturn": 127852.20253426049, "NetReturn": null, "PerformanceDate": "2015-04-30", "FundReturn": 139890.72260350274}, {"BenchMarkReturn": 128614.53488682189, "NetReturn": null, "PerformanceDate": "2015-05-31", "FundReturn": 138654.0886156878}, {"BenchMarkReturn": 129605.37641910913, "NetReturn": null, "PerformanceDate": "2015-06-30", "FundReturn": 137246.74961623858}, {"BenchMarkReturn": 131390.97526549615, "NetReturn": null, "PerformanceDate": "2015-07-31", "FundReturn": 138015.3314140895}, {"BenchMarkReturn": 131828.94518304782, "NetReturn": null, "PerformanceDate": "2015-08-31", "FundReturn": 136538.56736795875}, {"BenchMarkReturn": 132268.37500032465, "NetReturn": null, "PerformanceDate": "2015-09-30", "FundReturn": 135091.25855385838}, {"BenchMarkReturn": 133051.04832670456, "NetReturn": null, "PerformanceDate": "2015-10-31", "FundReturn": 139986.96576385022}, {"BenchMarkReturn": 133608.85684546258, "NetReturn": null, "PerformanceDate": "2015-11-30", "FundReturn": 137772.58194591478}, {"BenchMarkReturn": 134398.27684422155, "NetReturn": null, "PerformanceDate": "2015-12-31", "FundReturn": 138968.84749769294}, {"BenchMarkReturn": 135881.87426742743, "NetReturn": null, "PerformanceDate": "2016-01-31", "FundReturn": 136589.5479628002}, {"BenchMarkReturn": 138181.9761217546, "NetReturn": null, "PerformanceDate": "2016-02-29", "FundReturn": 137327.1315217993}, {"BenchMarkReturn": 139685.02846250887, "NetReturn": null, "PerformanceDate": "2016-03-31", "FundReturn": 141470.1674853936}, {"BenchMarkReturn": 141312.7502925495, "NetReturn": null, "PerformanceDate": "2016-04-30", "FundReturn": 142799.25141488537}, {"BenchMarkReturn": 142016.98214811116, "NetReturn": null, "PerformanceDate": "2016-05-31", "FundReturn": 147061.83762946998}, {"BenchMarkReturn": 143309.25089793396, "NetReturn": null, "PerformanceDate": "2016-06-30", "FundReturn": 143495.91160299812}, {"BenchMarkReturn": 144960.65231225517, "NetReturn": null, "PerformanceDate": "2016-07-31", "FundReturn": 144796.97468391136}, {"BenchMarkReturn": 145326.096034133, "NetReturn": null, "PerformanceDate": "2016-08-31", "FundReturn": 147487.21559535363}, {"BenchMarkReturn": 146046.81895521365, "NetReturn": null, "PerformanceDate": "2016-09-30", "FundReturn": 145632.298382254}, {"BenchMarkReturn": 147244.90866485806, "NetReturn": null, "PerformanceDate": "2016-10-31", "FundReturn": 143171.8407010858}, {"BenchMarkReturn": 148211.47594360047, "NetReturn": null, "PerformanceDate": "2016-11-30", "FundReturn": 144488.64938874997}, {"BenchMarkReturn": 149302.17875368462, "NetReturn": null, "PerformanceDate": "2016-12-31", "FundReturn": 144902.24814762527}, {"BenchMarkReturn": 150695.66575538568, "NetReturn": null, "PerformanceDate": "2017-01-31", "FundReturn": 146771.48714872962}, {"BenchMarkReturn": 152845.75037017264, "NetReturn": null, "PerformanceDate": "2017-02-28", "FundReturn": 146737.39213226497}, {"BenchMarkReturn": 154256.9810446819, "NetReturn": null, "PerformanceDate": "2017-03-31", "FundReturn": 148773.4468167962}, {"BenchMarkReturn": 154921.95981927335, "NetReturn": null, "PerformanceDate": "2017-04-30", "FundReturn": 151108.89238492626}, {"BenchMarkReturn": 155892.2392811623, "NetReturn": null, "PerformanceDate": "2017-05-31", "FundReturn": 150585.33029459097}, {"BenchMarkReturn": 156715.46769177722, "NetReturn": null, "PerformanceDate": "2017-06-30", "FundReturn": 148235.70221040538}, {"BenchMarkReturn": 157694.7489913478, "NetReturn": null, "PerformanceDate": "2017-07-31", "FundReturn": 152393.19483244952}, {"BenchMarkReturn": 158373.203143985, "NetReturn": null, "PerformanceDate": "2017-08-31", "FundReturn": 152953.27030209772}, {"BenchMarkReturn": 159054.5762272789, "NetReturn": null, "PerformanceDate": "2017-09-30", "FundReturn": 154429.3917231292}], "InitialInvestedAmount": 100000}, "ThreeYears": {"LastPerformanceDate": "2017-09-30", "FundPerformanceSeries": [{"BenchMarkReturn": 100513.51353333333, "NetReturn": null, "PerformanceDate": "2014-10-31", "FundReturn": 100965.08}, {"BenchMarkReturn": 100848.55857844446, "NetReturn": null, "PerformanceDate": "2014-11-30", "FundReturn": 101336.146862016}, {"BenchMarkReturn": 101003.3381560072, "NetReturn": null, "PerformanceDate": "2014-12-31", "FundReturn": 104178.27110498154}, {"BenchMarkReturn": 101158.02793316438, "NetReturn": null, "PerformanceDate": "2015-01-31", "FundReturn": 102552.74628744919}, {"BenchMarkReturn": 102134.30642110134, "NetReturn": null, "PerformanceDate": "2015-02-28", "FundReturn": 102197.42153211244}, {"BenchMarkReturn": 103940.35852822984, "NetReturn": null, "PerformanceDate": "2015-03-31", "FundReturn": 103801.71665532353}, {"BenchMarkReturn": 105205.8392880215, "NetReturn": null, "PerformanceDate": "2015-04-30", "FundReturn": 105242.01737477447}, {"BenchMarkReturn": 105833.1402916639, "NetReturn": null, "PerformanceDate": "2015-05-31", "FundReturn": 105217.56965413831}, {"BenchMarkReturn": 106648.47481808926, "NetReturn": null, "PerformanceDate": "2015-06-30", "FundReturn": 106574.87630267668}, {"BenchMarkReturn": 108117.79190095712, "NetReturn": null, "PerformanceDate": "2015-07-31", "FundReturn": 106879.9468860931}, {"BenchMarkReturn": 108478.18454062699, "NetReturn": null, "PerformanceDate": "2015-08-31", "FundReturn": 107862.96450958324}, {"BenchMarkReturn": 108839.77848909576, "NetReturn": null, "PerformanceDate": "2015-09-30", "FundReturn": 106040.61972419384}, {"BenchMarkReturn": 109483.8174853585, "NetReturn": null, "PerformanceDate": "2015-10-31", "FundReturn": 104706.9680580466}, {"BenchMarkReturn": 109942.8218060875, "NetReturn": null, "PerformanceDate": "2015-11-30", "FundReturn": 106652.36070038426}, {"BenchMarkReturn": 110592.41244178991, "NetReturn": null, "PerformanceDate": "2015-12-31", "FundReturn": 107619.36698961859}, {"BenchMarkReturn": 111813.22138352165, "NetReturn": null, "PerformanceDate": "2016-01-31", "FundReturn": 105009.8341027277}, {"BenchMarkReturn": 113705.90794844477, "NetReturn": null, "PerformanceDate": "2016-02-29", "FundReturn": 108144.39865266095}, {"BenchMarkReturn": 114942.7257729989, "NetReturn": null, "PerformanceDate": "2016-03-31", "FundReturn": 109160.39364912297}, {"BenchMarkReturn": 116282.1304751664, "NetReturn": null, "PerformanceDate": "2016-04-30", "FundReturn": 112453.66448116272}, {"BenchMarkReturn": 116861.62227858583, "NetReturn": null, "PerformanceDate": "2016-05-31", "FundReturn": 113060.914269361}, {"BenchMarkReturn": 117924.99244911033, "NetReturn": null, "PerformanceDate": "2016-06-30", "FundReturn": 111125.18705006385}, {"BenchMarkReturn": 119283.88238883218, "NetReturn": null, "PerformanceDate": "2016-07-31", "FundReturn": 112090.07593670084}, {"BenchMarkReturn": 119584.59534262263, "NetReturn": null, "PerformanceDate": "2016-08-31", "FundReturn": 110316.97907049615}, {"BenchMarkReturn": 120177.65716168738, "NetReturn": null, "PerformanceDate": "2016-09-30", "FundReturn": 114314.86639201094}, {"BenchMarkReturn": 121163.53015368144, "NetReturn": null, "PerformanceDate": "2016-10-31", "FundReturn": 113103.12880825561}, {"BenchMarkReturn": 121958.89010660196, "NetReturn": null, "PerformanceDate": "2016-11-30", "FundReturn": 111892.92533000727}, {"BenchMarkReturn": 122856.39755875523, "NetReturn": null, "PerformanceDate": "2016-12-31", "FundReturn": 112519.52571185533}, {"BenchMarkReturn": 124003.05726930362, "NetReturn": null, "PerformanceDate": "2017-01-31", "FundReturn": 111377.45252588}, {"BenchMarkReturn": 125772.2990340539, "NetReturn": null, "PerformanceDate": "2017-02-28", "FundReturn": 110392.87584555123}, {"BenchMarkReturn": 126933.55949416182, "NetReturn": null, "PerformanceDate": "2017-03-31", "FundReturn": 112942.95127758344}, {"BenchMarkReturn": 127480.75108494311, "NetReturn": null, "PerformanceDate": "2017-04-30", "FundReturn": 112342.0947767867}, {"BenchMarkReturn": 128279.1656848371, "NetReturn": null, "PerformanceDate": "2017-05-31", "FundReturn": 114473.22431470234}, {"BenchMarkReturn": 128956.57627415626, "NetReturn": null, "PerformanceDate": "2017-06-30", "FundReturn": 116220.0857177447}, {"BenchMarkReturn": 129762.3982230803, "NetReturn": null, "PerformanceDate": "2017-07-31", "FundReturn": 116638.19212491771}, {"BenchMarkReturn": 130320.67830845868, "NetReturn": null, "PerformanceDate": "2017-08-31", "FundReturn": 117923.54500213431}, {"BenchMarkReturn": 130881.36029652997, "NetReturn": null, "PerformanceDate": "2017-09-30", "FundReturn": 117980.14830373535}], "InitialInvestedAmount": 100000}, "SinceInception": {"LastPerformanceDate": "2017-09-30", "FundPerformanceSeries": [{"BenchMarkReturn": 104655.43071, "NetReturn": null, "PerformanceDate": "2001-07-31", "FundReturn": 100069.99999999999}, {"BenchMarkReturn": 104749.06367301349, "NetReturn": null, "PerformanceDate": "2001-08-31", "FundReturn": 103042.079}, {"BenchMarkReturn": 104936.32959470371, "NetReturn": null, "PerformanceDate": "2001-09-30", "FundReturn": 102166.2213285}, {"BenchMarkReturn": 105404.4943863265, "NetReturn": null, "PerformanceDate": "2001-10-31", "FundReturn": 104219.76237720286}, {"BenchMarkReturn": 105966.29213865373, "NetReturn": null, "PerformanceDate": "2001-11-30", "FundReturn": 109451.59444853844}, {"BenchMarkReturn": 106528.0898942085, "NetReturn": null, "PerformanceDate": "2001-12-31", "FundReturn": 114847.55805485137}, {"BenchMarkReturn": 108494.38203000862, "NetReturn": null, "PerformanceDate": "2002-01-31", "FundReturn": 112022.30812670203}, {"BenchMarkReturn": 108962.54682004241, "NetReturn": null, "PerformanceDate": "2002-02-28", "FundReturn": 111809.4657412613}, {"BenchMarkReturn": 110086.14232344198, "NetReturn": null, "PerformanceDate": "2002-03-31", "FundReturn": 111775.92290153893}, {"BenchMarkReturn": 111116.10487408239, "NetReturn": null, "PerformanceDate": "2002-04-30", "FundReturn": 118037.61010248313}, {"BenchMarkReturn": 111958.80150685713, "NetReturn": null, "PerformanceDate": "2002-05-31", "FundReturn": 119206.18244249771}, {"BenchMarkReturn": 112895.13109641787, "NetReturn": null, "PerformanceDate": "2002-06-30", "FundReturn": 118836.64327692597}, {"BenchMarkReturn": 114108.84918752471, "NetReturn": null, "PerformanceDate": "2002-07-31", "FundReturn": 116935.25698449515}, {"BenchMarkReturn": 115140.66140859143, "NetReturn": null, "PerformanceDate": "2002-08-31", "FundReturn": 119425.9779582649}, {"BenchMarkReturn": 116650.26238864631, "NetReturn": null, "PerformanceDate": "2002-09-30", "FundReturn": 120082.82083703537}, {"BenchMarkReturn": 118168.10827093458, "NetReturn": null, "PerformanceDate": "2002-10-31", "FundReturn": 122861.53731120436}, {"BenchMarkReturn": 119028.91367529653, "NetReturn": null, "PerformanceDate": "2002-11-30", "FundReturn": 126006.7926663712}, {"BenchMarkReturn": 119608.01890116802, "NetReturn": null, "PerformanceDate": "2002-12-31", "FundReturn": 124557.71455070794}, {"BenchMarkReturn": 121145.04993514996, "NetReturn": null, "PerformanceDate": "2003-01-31", "FundReturn": 124520.34723634273}, {"BenchMarkReturn": 121444.58034173706, "NetReturn": null, "PerformanceDate": "2003-02-28", "FundReturn": 121345.078381816}, {"BenchMarkReturn": 123090.8263711282, "NetReturn": null, "PerformanceDate": "2003-03-31", "FundReturn": 117134.40416196699}, {"BenchMarkReturn": 123878.32223941226, "NetReturn": null, "PerformanceDate": "2003-04-30", "FundReturn": 115670.2241099424}, {"BenchMarkReturn": 124282.73505535298, "NetReturn": null, "PerformanceDate": "2003-05-31", "FundReturn": 125247.71866624562}, {"BenchMarkReturn": 124300.42351027665, "NetReturn": null, "PerformanceDate": "2003-06-30", "FundReturn": 125886.48203144349}, {"BenchMarkReturn": 125971.77673519612, "NetReturn": null, "PerformanceDate": "2003-07-31", "FundReturn": 128341.26843105665}, {"BenchMarkReturn": 126871.33037024007, "NetReturn": null, "PerformanceDate": "2003-08-31", "FundReturn": 129842.86127170002}, {"BenchMarkReturn": 127579.49847437897, "NetReturn": null, "PerformanceDate": "2003-09-30", "FundReturn": 129531.23840464794}, {"BenchMarkReturn": 127996.22433896094, "NetReturn": null, "PerformanceDate": "2003-10-31", "FundReturn": 137341.9720804482}, {"BenchMarkReturn": 128710.02689168285, "NetReturn": null, "PerformanceDate": "2003-11-30", "FundReturn": 139237.2912951584}, {"BenchMarkReturn": 129229.40411049759, "NetReturn": null, "PerformanceDate": "2003-12-31", "FundReturn": 144402.99480220876}, {"BenchMarkReturn": 131039.95482693618, "NetReturn": null, "PerformanceDate": "2004-01-31", "FundReturn": 148330.75626082887}, {"BenchMarkReturn": 132164.30821864813, "NetReturn": null, "PerformanceDate": "2004-02-29", "FundReturn": 147114.44405949008}, {"BenchMarkReturn": 133394.23173190205, "NetReturn": null, "PerformanceDate": "2004-03-31", "FundReturn": 147482.2301696388}, {"BenchMarkReturn": 134230.33515721525, "NetReturn": null, "PerformanceDate": "2004-04-30", "FundReturn": 150505.6158881164}, {"BenchMarkReturn": 134769.28623686952, "NetReturn": null, "PerformanceDate": "2004-05-31", "FundReturn": 147435.3013239988}, {"BenchMarkReturn": 135511.77124388923, "NetReturn": null, "PerformanceDate": "2004-06-30", "FundReturn": 146816.07305843802}, {"BenchMarkReturn": 136358.67935715173, "NetReturn": null, "PerformanceDate": "2004-07-31", "FundReturn": 148401.68664746915}, {"BenchMarkReturn": 136601.589422455, "NetReturn": null, "PerformanceDate": "2004-08-31", "FundReturn": 155628.8487872009}, {"BenchMarkReturn": 137454.71084289698, "NetReturn": null, "PerformanceDate": "2004-09-30", "FundReturn": 161854.00273868893}, {"BenchMarkReturn": 138515.87306139298, "NetReturn": null, "PerformanceDate": "2004-10-31", "FundReturn": 165657.57180304814}, {"BenchMarkReturn": 139786.98820187495, "NetReturn": null, "PerformanceDate": "2004-11-30", "FundReturn": 172681.45284749736}, {"BenchMarkReturn": 139935.98595469465, "NetReturn": null, "PerformanceDate": "2004-12-31", "FundReturn": 176877.61215169154}, {"BenchMarkReturn": 141011.0932392389, "NetReturn": null, "PerformanceDate": "2005-01-31", "FundReturn": 178239.56976525957}, {"BenchMarkReturn": 141575.28877979566, "NetReturn": null, "PerformanceDate": "2005-02-28", "FundReturn": 181572.64971986992}, {"BenchMarkReturn": 143488.36602863745, "NetReturn": null, "PerformanceDate": "2005-03-31", "FundReturn": 181245.81895037415}, {"BenchMarkReturn": 144684.69979113562, "NetReturn": null, "PerformanceDate": "2005-04-30", "FundReturn": 180412.0881832024}, {"BenchMarkReturn": 145470.29993638932, "NetReturn": null, "PerformanceDate": "2005-05-31", "FundReturn": 188530.6321514465}, {"BenchMarkReturn": 145632.10816882597, "NetReturn": null, "PerformanceDate": "2005-06-30", "FundReturn": 191264.32631764247}, {"BenchMarkReturn": 147576.63636206588, "NetReturn": null, "PerformanceDate": "2005-07-31", "FundReturn": 198628.0028808717}, {"BenchMarkReturn": 148585.07016162164, "NetReturn": null, "PerformanceDate": "2005-08-31", "FundReturn": 202342.346534744}, {"BenchMarkReturn": 149387.3842769151, "NetReturn": null, "PerformanceDate": "2005-09-30", "FundReturn": 206551.06734266665}, {"BenchMarkReturn": 150193.33866282148, "NetReturn": null, "PerformanceDate": "2005-10-31", "FundReturn": 208017.5799207996}, {"BenchMarkReturn": 150578.1105712056, "NetReturn": null, "PerformanceDate": "2005-11-30", "FundReturn": 210617.79966980958}, {"BenchMarkReturn": 151176.9388490793, "NetReturn": null, "PerformanceDate": "2005-12-31", "FundReturn": 217947.29909831894}, {"BenchMarkReturn": 152740.0716035742, "NetReturn": null, "PerformanceDate": "2006-01-31", "FundReturn": 226011.34916495671}, {"BenchMarkReturn": 153561.0759234237, "NetReturn": null, "PerformanceDate": "2006-02-28", "FundReturn": 226598.9786727856}, {"BenchMarkReturn": 154708.45485042126, "NetReturn": null, "PerformanceDate": "2006-03-31", "FundReturn": 232377.25262894164}, {"BenchMarkReturn": 155861.59247207438, "NetReturn": null, "PerformanceDate": "2006-04-30", "FundReturn": 233608.85206787506}, {"BenchMarkReturn": 157236.94819838452, "NetReturn": null, "PerformanceDate": "2006-05-31", "FundReturn": 232627.69488919}, {"BenchMarkReturn": 158510.90329840573, "NetReturn": null, "PerformanceDate": "2006-06-30", "FundReturn": 231301.7170283216}, {"BenchMarkReturn": 160662.37339668677, "NetReturn": null, "PerformanceDate": "2006-07-31", "FundReturn": 231297.09099398105}, {"BenchMarkReturn": 161952.071346937, "NetReturn": null, "PerformanceDate": "2006-08-31", "FundReturn": 238004.70663280648}, {"BenchMarkReturn": 162919.7161342212, "NetReturn": null, "PerformanceDate": "2006-09-30", "FundReturn": 243835.82194531022}, {"BenchMarkReturn": 163672.12531879963, "NetReturn": null, "PerformanceDate": "2006-10-31", "FundReturn": 252101.85630925625}, {"BenchMarkReturn": 164096.95665682436, "NetReturn": null, "PerformanceDate": "2006-11-30", "FundReturn": 259236.3388428082}, {"BenchMarkReturn": 164744.0677106327, "NetReturn": null, "PerformanceDate": "2006-12-31", "FundReturn": 266728.2690353654}, {"BenchMarkReturn": 166946.97441770174, "NetReturn": null, "PerformanceDate": "2007-01-31", "FundReturn": 278010.87481556134}, {"BenchMarkReturn": 167270.18952663307, "NetReturn": null, "PerformanceDate": "2007-02-28", "FundReturn": 278913.9931423997}, {"BenchMarkReturn": 169380.08070099348, "NetReturn": null, "PerformanceDate": "2007-03-31", "FundReturn": 283460.2912306208}, {"BenchMarkReturn": 171949.2646296607, "NetReturn": null, "PerformanceDate": "2007-04-30", "FundReturn": 291170.4111520937}, {"BenchMarkReturn": 173522.08850036038, "NetReturn": null, "PerformanceDate": "2007-05-31", "FundReturn": 291898.3371799739}, {"BenchMarkReturn": 174990.50314776483, "NetReturn": null, "PerformanceDate": "2007-06-30", "FundReturn": 288103.65879663423}, {"BenchMarkReturn": 177483.22877469135, "NetReturn": null, "PerformanceDate": "2007-07-31", "FundReturn": 285914.0709897798}, {"BenchMarkReturn": 178630.01304168548, "NetReturn": null, "PerformanceDate": "2007-08-31", "FundReturn": 289030.53436356835}, {"BenchMarkReturn": 180350.66115420946, "NetReturn": null, "PerformanceDate": "2007-09-30", "FundReturn": 292701.22214998567}, {"BenchMarkReturn": 182194.38558737276, "NetReturn": null, "PerformanceDate": "2007-10-31", "FundReturn": 300633.42527025024}, {"BenchMarkReturn": 183590.50512243708, "NetReturn": null, "PerformanceDate": "2007-11-30", "FundReturn": 293718.8564890345}, {"BenchMarkReturn": 185452.5019677243, "NetReturn": null, "PerformanceDate": "2007-12-31", "FundReturn": 291956.5433501003}, {"BenchMarkReturn": 188244.71438329673, "NetReturn": null, "PerformanceDate": "2008-01-31", "FundReturn": 280365.86857910134}, {"BenchMarkReturn": 189667.78708979784, "NetReturn": null, "PerformanceDate": "2008-02-29", "FundReturn": 290963.6984113914}, {"BenchMarkReturn": 193181.10341583105, "NetReturn": null, "PerformanceDate": "2008-03-31", "FundReturn": 286948.39937331417}, {"BenchMarkReturn": 196713.83295712707, "NetReturn": null, "PerformanceDate": "2008-04-30", "FundReturn": 286259.7232148182}, {"BenchMarkReturn": 199451.5931191201, "NetReturn": null, "PerformanceDate": "2008-05-31", "FundReturn": 287204.38030142715}, {"BenchMarkReturn": 202204.34917885557, "NetReturn": null, "PerformanceDate": "2008-06-30", "FundReturn": 275543.88246118923}, {"BenchMarkReturn": 207663.52531649193, "NetReturn": null, "PerformanceDate": "2008-07-31", "FundReturn": 278161.54934457055}, {"BenchMarkReturn": 210102.32468210024, "NetReturn": null, "PerformanceDate": "2008-08-31", "FundReturn": 288370.07820551627}, {"BenchMarkReturn": 211024.19896179528, "NetReturn": null, "PerformanceDate": "2008-09-30", "FundReturn": 284477.0821497418}, {"BenchMarkReturn": 212067.9536194937, "NetReturn": null, "PerformanceDate": "2008-10-31", "FundReturn": 282144.37007611396}, {"BenchMarkReturn": 213116.26797159883, "NetReturn": null, "PerformanceDate": "2008-11-30", "FundReturn": 287505.1131075601}, {"BenchMarkReturn": 212029.6447753972, "NetReturn": null, "PerformanceDate": "2008-12-31", "FundReturn": 294031.4791751017}, {"BenchMarkReturn": 213520.993276634, "NetReturn": null, "PerformanceDate": "2009-01-31", "FundReturn": 294266.70435844176}, {"BenchMarkReturn": 216621.34590210958, "NetReturn": null, "PerformanceDate": "2009-02-28", "FundReturn": 281730.9427527721}, {"BenchMarkReturn": 220140.21656957106, "NetReturn": null, "PerformanceDate": "2009-03-31", "FundReturn": 289253.1589242711}, {"BenchMarkReturn": 221866.43288701697, "NetReturn": null, "PerformanceDate": "2009-04-30", "FundReturn": 289687.03866265755}, {"BenchMarkReturn": 223399.41666731087, "NetReturn": null, "PerformanceDate": "2009-05-31", "FundReturn": 300250.76621453}, {"BenchMarkReturn": 224939.9425145114, "NetReturn": null, "PerformanceDate": "2009-06-30", "FundReturn": 300040.5906781798}, {"BenchMarkReturn": 228113.92257089348, "NetReturn": null, "PerformanceDate": "2009-07-31", "FundReturn": 317893.0058235315}, {"BenchMarkReturn": 229470.86444888904, "NetReturn": null, "PerformanceDate": "2009-08-31", "FundReturn": 326317.1704778551}, {"BenchMarkReturn": 231038.67664670193, "NetReturn": null, "PerformanceDate": "2009-09-30", "FundReturn": 327557.17572567094}, {"BenchMarkReturn": 231793.61455668142, "NetReturn": null, "PerformanceDate": "2009-10-31", "FundReturn": 336564.9980581269}, {"BenchMarkReturn": 232551.04700021856, "NetReturn": null, "PerformanceDate": "2009-11-30", "FundReturn": 334209.04307172}, {"BenchMarkReturn": 233930.41394281836, "NetReturn": null, "PerformanceDate": "2009-12-31", "FundReturn": 339556.38776086754}, {"BenchMarkReturn": 235316.25692695548, "NetReturn": null, "PerformanceDate": "2010-01-31", "FundReturn": 340507.14564659796}, {"BenchMarkReturn": 237539.6527033887, "NetReturn": null, "PerformanceDate": "2010-02-28", "FundReturn": 343810.06495936995}, {"BenchMarkReturn": 240191.48524878608, "NetReturn": null, "PerformanceDate": "2010-03-31", "FundReturn": 351270.7433689883}, {"BenchMarkReturn": 241394.4737627271, "NetReturn": null, "PerformanceDate": "2010-04-30", "FundReturn": 353975.5280929295}, {"BenchMarkReturn": 242602.73320544764, "NetReturn": null, "PerformanceDate": "2010-05-31", "FundReturn": 349444.64133334}, {"BenchMarkReturn": 243395.55419467037, "NetReturn": null, "PerformanceDate": "2010-06-30", "FundReturn": 346439.4174178733}, {"BenchMarkReturn": 245668.29859966846, "NetReturn": null, "PerformanceDate": "2010-07-31", "FundReturn": 358322.28943530633}, {"BenchMarkReturn": 246682.8627799178, "NetReturn": null, "PerformanceDate": "2010-08-31", "FundReturn": 359253.9273878381}, {"BenchMarkReturn": 247701.33195032814, "NetReturn": null, "PerformanceDate": "2010-09-30", "FundReturn": 372432.65475856257}, {"BenchMarkReturn": 248937.00975164372, "NetReturn": null, "PerformanceDate": "2010-10-31", "FundReturn": 377497.73886327905}, {"BenchMarkReturn": 250178.1014266058, "NetReturn": null, "PerformanceDate": "2010-11-30", "FundReturn": 377761.9872804833}, {"BenchMarkReturn": 251424.6289249098, "NetReturn": null, "PerformanceDate": "2010-12-31", "FundReturn": 383277.31229477836}, {"BenchMarkReturn": 253321.90807263376, "NetReturn": null, "PerformanceDate": "2011-01-31", "FundReturn": 385461.9929748586}, {"BenchMarkReturn": 255875.97374359757, "NetReturn": null, "PerformanceDate": "2011-02-28", "FundReturn": 387504.9415376254}, {"BenchMarkReturn": 259741.8235755067, "NetReturn": null, "PerformanceDate": "2011-03-31", "FundReturn": 386962.4346194727}, {"BenchMarkReturn": 261241.86797331565, "NetReturn": null, "PerformanceDate": "2011-04-30", "FundReturn": 391567.28759144444}, {"BenchMarkReturn": 263402.03567327256, "NetReturn": null, "PerformanceDate": "2011-05-31", "FundReturn": 395287.1768235632}, {"BenchMarkReturn": 265354.9073492596, "NetReturn": null, "PerformanceDate": "2011-06-30", "FundReturn": 392875.92504493945}, {"BenchMarkReturn": 268412.8013641796, "NetReturn": null, "PerformanceDate": "2011-07-31", "FundReturn": 390518.6694946698}, {"BenchMarkReturn": 269729.5181041929, "NetReturn": null, "PerformanceDate": "2011-08-31", "FundReturn": 392158.8479065474}, {"BenchMarkReturn": 271713.2343776489, "NetReturn": null, "PerformanceDate": "2011-09-30", "FundReturn": 395688.2775377063}, {"BenchMarkReturn": 273927.9671676487, "NetReturn": null, "PerformanceDate": "2011-10-31", "FundReturn": 410487.0191176166}, {"BenchMarkReturn": 275488.66895478533, "NetReturn": null, "PerformanceDate": "2011-11-30", "FundReturn": 412293.1620017341}, {"BenchMarkReturn": 276834.0890970656, "NetReturn": null, "PerformanceDate": "2011-12-31", "FundReturn": 412169.47405313357}, {"BenchMarkReturn": 279301.3514567044, "NetReturn": null, "PerformanceDate": "2012-01-31", "FundReturn": 422502.5627676456}, {"BenchMarkReturn": 281781.45496836916, "NetReturn": null, "PerformanceDate": "2012-02-29", "FundReturn": 425455.85568139143}, {"BenchMarkReturn": 285621.6764482028, "NetReturn": null, "PerformanceDate": "2012-03-31", "FundReturn": 431169.72782319254}, {"BenchMarkReturn": 287681.3392236165, "NetReturn": null, "PerformanceDate": "2012-04-30", "FundReturn": 437477.7409412458}, {"BenchMarkReturn": 288847.51968544663, "NetReturn": null, "PerformanceDate": "2012-05-31", "FundReturn": 434240.4056582806}, {"BenchMarkReturn": 290471.5936210593, "NetReturn": null, "PerformanceDate": "2012-06-30", "FundReturn": 435074.14723714447}, {"BenchMarkReturn": 292330.52072234266, "NetReturn": null, "PerformanceDate": "2012-07-31", "FundReturn": 441682.9235336767}, {"BenchMarkReturn": 293970.3006001491, "NetReturn": null, "PerformanceDate": "2012-08-31", "FundReturn": 449213.6173799259}, {"BenchMarkReturn": 297447.97611855884, "NetReturn": null, "PerformanceDate": "2012-09-30", "FundReturn": 455736.1991042825}, {"BenchMarkReturn": 300256.08273998357, "NetReturn": null, "PerformanceDate": "2012-10-31", "FundReturn": 467275.4396656029}, {"BenchMarkReturn": 301928.0510210912, "NetReturn": null, "PerformanceDate": "2012-11-30", "FundReturn": 471574.3737105265}, {"BenchMarkReturn": 303607.68793904077, "NetReturn": null, "PerformanceDate": "2012-12-31", "FundReturn": 479652.44273218786}, {"BenchMarkReturn": 305480.5811370914, "NetReturn": null, "PerformanceDate": "2013-01-31", "FundReturn": 496654.49580526305}, {"BenchMarkReturn": 309423.1500676825, "NetReturn": null, "PerformanceDate": "2013-02-28", "FundReturn": 494672.84436700004}, {"BenchMarkReturn": 313977.61769073154, "NetReturn": null, "PerformanceDate": "2013-03-31", "FundReturn": 503230.6845745492}, {"BenchMarkReturn": 316188.38275541307, "NetReturn": null, "PerformanceDate": "2013-04-30", "FundReturn": 498379.5407752506}, {"BenchMarkReturn": 316330.4894444202, "NetReturn": null, "PerformanceDate": "2013-05-31", "FundReturn": 525745.5613592196}, {"BenchMarkReturn": 318258.6171958203, "NetReturn": null, "PerformanceDate": "2013-06-30", "FundReturn": 507291.89215551096}, {"BenchMarkReturn": 322587.5396419257, "NetReturn": null, "PerformanceDate": "2013-07-31", "FundReturn": 518345.78248557955}, {"BenchMarkReturn": 324541.5236504887, "NetReturn": null, "PerformanceDate": "2013-08-31", "FundReturn": 524021.66880379664}, {"BenchMarkReturn": 327106.3449984003, "NetReturn": null, "PerformanceDate": "2013-09-30", "FundReturn": 540580.7535379967}, {"BenchMarkReturn": 328778.99650016543, "NetReturn": null, "PerformanceDate": "2013-10-31", "FundReturn": 550992.3388511385}, {"BenchMarkReturn": 330156.33682084957, "NetReturn": null, "PerformanceDate": "2013-11-30", "FundReturn": 548485.3237093658}, {"BenchMarkReturn": 332146.549040747, "NetReturn": null, "PerformanceDate": "2013-12-31", "FundReturn": 560058.3640396333}, {"BenchMarkReturn": 335364.6282360515, "NetReturn": null, "PerformanceDate": "2014-01-31", "FundReturn": 558159.766185539}, {"BenchMarkReturn": 340127.1833381456, "NetReturn": null, "PerformanceDate": "2014-02-28", "FundReturn": 562608.2995220377}, {"BenchMarkReturn": 345528.5232269947, "NetReturn": null, "PerformanceDate": "2014-03-31", "FundReturn": 568470.6780030574}, {"BenchMarkReturn": 348194.3857376471, "NetReturn": null, "PerformanceDate": "2014-04-30", "FundReturn": 575604.9850119958}, {"BenchMarkReturn": 349948.9669078894, "NetReturn": null, "PerformanceDate": "2014-05-31", "FundReturn": 586201.8727860666}, {"BenchMarkReturn": 352020.5133220302, "NetReturn": null, "PerformanceDate": "2014-06-30", "FundReturn": 593154.2269973094}, {"BenchMarkReturn": 355962.92795706925, "NetReturn": null, "PerformanceDate": "2014-07-31", "FundReturn": 598789.1921537839}, {"BenchMarkReturn": 358370.97426791256, "NetReturn": null, "PerformanceDate": "2014-08-31", "FundReturn": 601016.687948596}, {"BenchMarkReturn": 359542.2795858203, "NetReturn": null, "PerformanceDate": "2014-09-30", "FundReturn": 596533.1034564994}, {"BenchMarkReturn": 361343.7464030613, "NetReturn": null, "PerformanceDate": "2014-10-31", "FundReturn": 596819.4393461585}, {"BenchMarkReturn": 362524.806350654, "NetReturn": null, "PerformanceDate": "2014-11-30", "FundReturn": 603396.3895677532}, {"BenchMarkReturn": 363079.3557859642, "NetReturn": null, "PerformanceDate": "2014-12-31", "FundReturn": 605567.1322150787}, {"BenchMarkReturn": 363633.65781975817, "NetReturn": null, "PerformanceDate": "2015-01-31", "FundReturn": 614808.0866526808}, {"BenchMarkReturn": 367043.02129730023, "NetReturn": null, "PerformanceDate": "2015-02-28", "FundReturn": 626470.9960564821}, {"BenchMarkReturn": 373333.5132464072, "NetReturn": null, "PerformanceDate": "2015-03-31", "FundReturn": 623138.1703574616}, {"BenchMarkReturn": 377744.62105842994, "NetReturn": null, "PerformanceDate": "2015-04-30", "FundReturn": 637532.6620927189}, {"BenchMarkReturn": 379939.48438786494, "NetReturn": null, "PerformanceDate": "2015-05-31", "FundReturn": 631896.8733598193}, {"BenchMarkReturn": 382786.6721735573, "NetReturn": null, "PerformanceDate": "2015-06-30", "FundReturn": 625483.1200952171}, {"BenchMarkReturn": 387902.19571353385, "NetReturn": null, "PerformanceDate": "2015-07-31", "FundReturn": 628985.8255677504}, {"BenchMarkReturn": 389170.0684787635, "NetReturn": null, "PerformanceDate": "2015-08-31", "FundReturn": 622255.6772341754}, {"BenchMarkReturn": 390442.1085875143, "NetReturn": null, "PerformanceDate": "2015-09-30", "FundReturn": 615659.7670554931}, {"BenchMarkReturn": 392693.66999488306, "NetReturn": null, "PerformanceDate": "2015-10-31", "FundReturn": 637971.2770135842}, {"BenchMarkReturn": 394303.4143110846, "NetReturn": null, "PerformanceDate": "2015-11-30", "FundReturn": 627879.5283681448}, {"BenchMarkReturn": 396573.87476951536, "NetReturn": null, "PerformanceDate": "2015-12-31", "FundReturn": 633331.3435250125}, {"BenchMarkReturn": 400824.0222920506, "NetReturn": null, "PerformanceDate": "2016-01-31", "FundReturn": 622488.0142593863}, {"BenchMarkReturn": 407400.69339113, "NetReturn": null, "PerformanceDate": "2016-02-29", "FundReturn": 625849.4495363871}, {"BenchMarkReturn": 411703.32220464427, "NetReturn": null, "PerformanceDate": "2016-03-31", "FundReturn": 644730.7641643953}, {"BenchMarkReturn": 416359.9754863698, "NetReturn": null, "PerformanceDate": "2016-04-30", "FundReturn": 650787.8807475669}, {"BenchMarkReturn": 418385.10728362977, "NetReturn": null, "PerformanceDate": "2016-05-31", "FundReturn": 670214.029145458}, {"BenchMarkReturn": 422084.74581885565, "NetReturn": null, "PerformanceDate": "2016-06-30", "FundReturn": 653962.8134095448}, {"BenchMarkReturn": 426806.00933241483, "NetReturn": null, "PerformanceDate": "2016-07-31", "FundReturn": 659892.2288424479}, {"BenchMarkReturn": 427865.8321023086, "NetReturn": null, "PerformanceDate": "2016-08-31", "FundReturn": 672152.6305190031}, {"BenchMarkReturn": 429936.95436860743, "NetReturn": null, "PerformanceDate": "2016-09-30", "FundReturn": 663699.1013154918}, {"BenchMarkReturn": 433366.40388842486, "NetReturn": null, "PerformanceDate": "2016-10-31", "FundReturn": 652485.9049987666}, {"BenchMarkReturn": 436136.5595942468, "NetReturn": null, "PerformanceDate": "2016-11-30", "FundReturn": 658487.0788614022}, {"BenchMarkReturn": 439259.4887893053, "NetReturn": null, "PerformanceDate": "2016-12-31", "FundReturn": 660371.998124643}, {"BenchMarkReturn": 443243.03183950187, "NetReturn": null, "PerformanceDate": "2017-01-31", "FundReturn": 668890.7969004508}, {"BenchMarkReturn": 449376.5827468013, "NetReturn": null, "PerformanceDate": "2017-02-28", "FundReturn": 668735.4135683309}, {"BenchMarkReturn": 453408.3182607426, "NetReturn": null, "PerformanceDate": "2017-03-31", "FundReturn": 678014.4517992983}, {"BenchMarkReturn": 455318.81363315653, "NetReturn": null, "PerformanceDate": "2017-04-30", "FundReturn": 688657.9226636436}, {"BenchMarkReturn": 458096.6591472493, "NetReturn": null, "PerformanceDate": "2017-05-31", "FundReturn": 686271.8606931986}, {"BenchMarkReturn": 460456.4634921367, "NetReturn": null, "PerformanceDate": "2017-06-30", "FundReturn": 675563.7549692445}, {"BenchMarkReturn": 463259.3263693822, "NetReturn": null, "PerformanceDate": "2017-07-31", "FundReturn": 694510.9538229895}, {"BenchMarkReturn": 465207.5551271767, "NetReturn": null, "PerformanceDate": "2017-08-31", "FundReturn": 697063.4204804797}, {"BenchMarkReturn": 467163.9922816111, "NetReturn": null, "PerformanceDate": "2017-09-30", "FundReturn": 703790.6401388528}], "InitialInvestedAmount": 100000}, "PerformanceReturn": {"FiveYearFundReturn": "9.2%", "ThreeYearBenchmarkReturn": "9.1%", "InceptionBenchmarkReturn": "10.0%", "TenYearBenchmarkReturn": "10.1%", "InceptionFundReturn": "12.8%", "TenYearOutperformance": "(0.9)%", "FiveYearBenchmarkReturn": "9.6%", "FiveYearOutPerformance": "(0.5)%", "ThreeYearFundReturn": "5.1%", "ThreeYearOutPerformance": "(4.1)%", "InceptionOutperformance": "2.8%", "TenYearFundReturn": "9.2%"}}, "FundQuartileRanking": "-", "Description": "Focused on the preservation of capital over all rolling 12-month periods. Over the medium term, the objective is to produce real growth of at least 4% per annum.", "HighestReturn": "33.80%", "InitialFee": "Coronation: 0.00%", "FundNav": "Benchmark", "DisplayName": "Capital Plus", "CompareFundsSortinoRatio": "0.90", "DisplayDisclaimer": "-", "InvestorProfile": "The fund is suitable for investors: \r\n\r\nSeeking a risk-conscious investment solution enabling an annual income drawdown over an extended period of time.\r\n Seeking a conservative investment solution with a strong focus on capital preservation.\r\nRequiring a reasonable rate of return over investment horizons of between 3 and 5 years.\r\nWith a low tolerance for the volatility of returns associated with\r\nequity investing.\r\n\r\n When your objective is to accumulate capital over the long term, the fund is only suitable if you are a very conservative investor. \r\n", "Regulation28PropertyExposure": 25, "ShowExploreLink": false, "FundProspectus": {"Title": null, "Id": 0, "URL": null, "LastUpdated": "/Date(1507759200000)/", "Size": null}, "HistoricalReportsJson": "[{\"URL\":\"/assets/factsheet/2014/March/CORONATION CAPITAL PLUS FUND.pdf\",\"LastUpdated\":\"01-03-2014\"},{\"URL\":\"/assets/factsheet/2013/March/CORONATION CAPITAL PLUS FUND.pdf\",\"LastUpdated\":\"01-03-2013\"},{\"URL\":\"/assets/factsheet/2013/June/CORONATION CAPITAL PLUS FUND.pdf\",\"LastUpdated\":\"01-06-2013\"},{\"URL\":\"/assets/factsheet/2013/September/CORONATION CAPITAL PLUS FUND.pdf\",\"LastUpdated\":\"01-09-2013\"},{\"URL\":\"/assets/factsheet/2013/December/CORONATION CAPITAL PLUS FUND.pdf\",\"LastUpdated\":\"01-12-2013\"},{\"URL\":\"/assets/factsheet/2012/March/CORONATION CAPITAL PLUS FUND.pdf\",\"LastUpdated\":\"01-03-2012\"},{\"URL\":\"/assets/factsheet/2012/June/CORONATION CAPITAL PLUS FUND.pdf\",\"LastUpdated\":\"01-06-2012\"},{\"URL\":\"/assets/factsheet/2012/September/CORONATION CAPITAL PLUS FUND.pdf\",\"LastUpdated\":\"01-09-2012\"},{\"URL\":\"/assets/factsheet/2012/December/CORONATION CAPITAL PLUS FUND.pdf\",\"LastUpdated\":\"01-12-2012\"},{\"URL\":\"/assets/factsheet/2011/March/CORONATION CAPITAL PLUS FUND.pdf\",\"LastUpdated\":\"01-03-2011\"},{\"URL\":\"/assets/factsheet/2011/June/CORONATION CAPITAL PLUS FUND.pdf\",\"LastUpdated\":\"01-06-2011\"},{\"URL\":\"/assets/factsheet/2011/September/CORONATION CAPITAL PLUS FUND.pdf\",\"LastUpdated\":\"01-09-2011\"},{\"URL\":\"/assets/factsheet/2011/December/CORONATION CAPITAL PLUS FUND.pdf\",\"LastUpdated\":\"01-12-2011\"},{\"URL\":\"/assets/factsheet/2010/March/CORONATION CAPITAL PLUS FUND.pdf\",\"LastUpdated\":\"01-03-2010\"},{\"URL\":\"/assets/factsheet/2010/June/CORONATION CAPITAL PLUS FUND.pdf\",\"LastUpdated\":\"01-06-2010\"},{\"URL\":\"/assets/factsheet/2010/September/CORONATION CAPITAL PLUS FUND.pdf\",\"LastUpdated\":\"01-09-2010\"},{\"URL\":\"/assets/factsheet/2010/December/CORONATION CAPITAL PLUS FUND.pdf\",\"LastUpdated\":\"01-12-2010\"},{\"URL\":\"/assets/factsheet/2009/March/CORONATION CAPITAL PLUS FUND.pdf\",\"LastUpdated\":\"01-03-2009\"},{\"URL\":\"/assets/factsheet/2009/June/CORONATION CAPITAL PLUS FUND.pdf\",\"LastUpdated\":\"01-06-2009\"},{\"URL\":\"/assets/factsheet/2009/September/CORONATION CAPITAL PLUS FUND.pdf\",\"LastUpdated\":\"01-09-2009\"},{\"URL\":\"/assets/factsheet/2009/December/CORONATION CAPITAL PLUS FUND.pdf\",\"LastUpdated\":\"01-12-2009\"},{\"URL\":\"/assets/factsheet/2008/March/Capital Plus.pdf\",\"LastUpdated\":\"01-03-2008\"},{\"URL\":\"/assets/factsheet/2008/June/Capital Plus.pdf\",\"LastUpdated\":\"01-06-2008\"},{\"URL\":\"/assets/factsheet/2008/September/Capital Plus.pdf\",\"LastUpdated\":\"01-09-2008\"},{\"URL\":\"/assets/factsheet/2008/December/Capital Plus.pdf\",\"LastUpdated\":\"01-12-2008\"},{\"URL\":\"/assets/factsheet/2007/March/Capital Plus.pdf\",\"LastUpdated\":\"01-03-2007\"},{\"URL\":\"/assets/factsheet/2007/June/Capital Plus.pdf\",\"LastUpdated\":\"01-06-2007\"},{\"URL\":\"/assets/factsheet/2007/September/Capital Plus.pdf\",\"LastUpdated\":\"01-09-2007\"},{\"URL\":\"/assets/factsheet/2007/December/Capital Plus.pdf\",\"LastUpdated\":\"01-12-2007\"},{\"URL\":\"/assets/factsheet/2006/March/Capital Plus.pdf\",\"LastUpdated\":\"01-03-2006\"},{\"URL\":\"/assets/factsheet/2006/June/Capital Plus.pdf\",\"LastUpdated\":\"01-06-2006\"},{\"URL\":\"/assets/factsheet/2006/September/Capital Plus.pdf\",\"LastUpdated\":\"01-09-2006\"},{\"URL\":\"/assets/factsheet/2006/December/Capital Plus.pdf\",\"LastUpdated\":\"01-12-2006\"},{\"URL\":\"/assets/factsheet/2005/March/Capital Plus.pdf\",\"LastUpdated\":\"01-03-2005\"},{\"URL\":\"/assets/factsheet/2005/June/Capital Plus.pdf\",\"LastUpdated\":\"01-06-2005\"},{\"URL\":\"/assets/factsheet/2005/September/Capital Plus.pdf\",\"LastUpdated\":\"01-09-2005\"},{\"URL\":\"/assets/factsheet/2005/December/Capital Plus.pdf\",\"LastUpdated\":\"01-12-2005\"},{\"URL\":\"/Assets/za/personal/HistoricalReports/2014/June/CORONATION CAPITAL PLUS FUND.pdf\",\"LastUpdated\":\"30-06-2014\"},{\"URL\":\"/Assets/za/Personal/HistoricalReports/2014/September/CORONATION_CAPITAL_PLUS_FUND.pdf\",\"LastUpdated\":\"30-09-2014\"},{\"URL\":\"/Assets/za/Personal/HistoricalReports/2014/December/2014-December-Capital-Plus-Fund.pdf\",\"LastUpdated\":\"31-12-2014\"},{\"URL\":\"/Assets/za/Personal/HistoricalReports/2015/March/2015-March-Capital-Plus-Fund-Comprehensive.pdf\",\"LastUpdated\":\"31-03-2015\"},{\"URL\":\"/Assets/za/Personal/HistoricalReports/2015/June/2015-June-Capital-Plus-Fund-Comprehensive.pdf\",\"LastUpdated\":\"30-06-2015\"},{\"URL\":\"/Assets/za/Personal/HistoricalReports/2015/September/2015-September-Capital-Plus-Fund-Comprehensive.pdf\",\"LastUpdated\":\"30-09-2015\"},{\"URL\":\"/Assets/za/Personal/HistoricalReports/2015/December/2015-December-Capital-Plus-Fund-Comprehensive.pdf\",\"LastUpdated\":\"31-12-2015\"},{\"URL\":\"/Assets/za/Personal/HistoricalReports/2016/March/2016-March-Capital-Plus-Fund-Comprehensive.pdf\",\"LastUpdated\":\"31-03-2016\"},{\"URL\":\"/Assets/za/Personal/HistoricalReports/2016/June/2016-June-Capital-Plus-Fund-Comprehensive.pdf\",\"LastUpdated\":\"30-06-2016\"},{\"URL\":\"/Assets/za/Personal/HistoricalReports/2016/July/2016-July-Capital-Plus-Fund-Comprehensive.pdf\",\"LastUpdated\":\"31-07-2016\"},{\"URL\":\"/Assets/za/Personal/HistoricalReports/2016/August/2016-August-Capital-Plus-Fund-Comprehensive.pdf\",\"LastUpdated\":\"31-08-2016\"},{\"URL\":\"/Assets/za/Personal/HistoricalReports/2016/September/2016-September-Capital-Plus-Fund-Comprehensive.pdf\",\"LastUpdated\":\"30-09-2016\"},{\"URL\":\"/Assets/za/Personal/HistoricalReports/2016/October/2016-October-Capital-Plus-Fund-Comprehensive.pdf\",\"LastUpdated\":\"31-10-2016\"},{\"URL\":\"/Assets/za/Personal/HistoricalReports/2016/November/2016-November-Capital-Plus-Fund-Comprehensive.pdf\",\"LastUpdated\":\"30-11-2016\"},{\"URL\":\"/Assets/za/Personal/HistoricalReports/2016/December/2016-December-Capital-Plus-Fund-Comprehensive.pdf\",\"LastUpdated\":\"31-12-2016\"},{\"URL\":\"/Assets/za/Personal/HistoricalReports/2017/January/2017-January-Capital-Plus-Fund-Comprehensive.pdf\",\"LastUpdated\":\"31-01-2017\"},{\"URL\":\"/Assets/za/Personal/HistoricalReports/2017/February/2017-February-Capital-Plus-Fund-Comprehensive.pdf\",\"LastUpdated\":\"28-02-2017\"},{\"URL\":\"/Assets/za/Personal/HistoricalReports/2017/March/2017-March-Capital-Plus-Fund-Comprehensive.pdf\",\"LastUpdated\":\"31-03-2017\"},{\"URL\":\"/Assets/za/Personal/HistoricalReports/2017/April/2017-April-Capital-Plus-Fund-Comprehensive.pdf\",\"LastUpdated\":\"30-04-2017\"},{\"URL\":\"/Assets/za/Personal/HistoricalReports/2017/May/2017-May-Capital-Plus-Fund-Comprehensive.pdf\",\"LastUpdated\":\"31-05-2017\"},{\"URL\":\"/Assets/za/Personal/HistoricalReports/2017/June/2017-June-Capital-Plus-Fund-Comprehensive.pdf\",\"LastUpdated\":\"30-06-2017\"},{\"URL\":\"/Assets/za/Personal/HistoricalReports/2017/July/2017-July-Capital-Plus-Fund-Comprehensive.pdf\",\"LastUpdated\":\"31-07-2017\"}]", "AlternativeDescription": "Focused on providing a growing regular income. Ideal for investors in retirement.", "PortfolioManagers": "Charles de Kock and Duane Cable", "BenchmarkReturnPercent": null, "RiskRating": 4, "Name": "Coronation Capital Plus Fund", "IsReg28Compliant": "Yes", "GrowthPercentage": null, "TERExplanation": "1.61% per annum, which includes a performance fee of 0.07%", "OutperformancePercent": null, "LaunchDate": "02 July 2001", "SuitableFor": null, "TERPerformance": 0.05, "NotSuitableFor": null, "TERDate": "/Date(1498773600000)/", "MonthlyFactSheet": {"Title": "MONTHLY FACTSHEET", "Id": 227447, "URL": "/Assets/za/Personal/Funds/FactsheetMonthly/2017/August/2017-August-Capital-Plus-Fund.pdf", "LastUpdated": "/Date(1504130400000)/", "Size": null}, "MDD": {"Title": "Comprehensive Fact Sheet", "Id": 54656, "URL": "/Assets/za/Personal/Funds/FactsheetComprehensive/2017/August/2017-August-Capital-Plus-Fund-Comprehensive.pdf", "LastUpdated": "/Date(1504130400000)/", "Size": "0.60"}, "Regulation28InternationalExposure": 25, "LowestReturn": "(6.20)%", "FeeExplanation": "<p>The fund charges a fixed annual management fee of 1.25%. This fee was introduced on 1 October 2017. The discount to 0.75% p.a. that was previously applied for negative performance over a rolling 12-month period will still be in effect until 30 September 2018. The annual management fee is accrued daily and paid monthly.</p>\r\n", "FundReturnPercent": null, "HighestReturnDate": "Aug 2004 - Jul 2005", "LowestReturnDate": "Nov 2007 - Oct 2008", "TimeHorizon": "3 years +", "HistoricalReports": null, "CompareFundsStandardDeviation": "5.65%", "TERTotal": 1.64, "DisplayCurrency": null, "QuartelyCommentaty": {"Title": "Latest Commentary", "Id": 20, "URL": "/Assets/za/Personal/QuarterlyCommentary/2017/June/2017-June-Capital-Plus-Fund-Commentary.pdf", "LastUpdated": "/Date(1498773600000)/", "Size": "0.24"}, "Regulation28EquityExposure": 60, "FundPricingClass": "A", "DisplayDescription": "Focused on providing a growing regular income. Ideal for investors in retirement.", "SharingRate": null, "FundCategoryDescription": "South African - Multi Asset - Medium Equity", "FundDisplayObjective": "The fund is in the first instance managed to achieve reasonable investment growth over the medium to long term. Our intent is that the fund should produce an annualised return of at least inflation plus 4% over time. In addition, we aim to preserve capital over any twelve-month period. It is specifically managed to suit investors who want to draw an income over an extended period of time. ", "GraphDisclaimer": null, "HideHoldingsTab": false, "StaticFactSheet": {"Title": "Static Fact Sheet", "Id": 19, "URL": "/Assets/za/Personal/StaticFactSheet/2017/August/2017-August-Capital-Plus-Fund-Static.pdf", "LastUpdated": "/Date(1504130400000)/", "Size": "0.15"}, "FundCurrency": "ZAR", "Disclaimer": "-", "FundObjective": "The fund is specifically managed to be a suitable investment portfolio for investors intending to draw an income over an extended period of time. The fund deploys the maximum risk budget that we believe to be consistent with this investor goal. To improve the probability of\r\nachieving its dual objectives of short-term capital preservation and long-term growth, our focus is on constructing a portfolio that can produce higher real returns in the long term while reducing the variability of returns year to year. Our intent is to preserve capital over any 12-month period, while maintaining the ability to produce a long-term return in excess of inflation + 4% per annum.", "GraphHeader": "R100\u00a0000 invested at launch in July 2001, would have grown to R703\u00a0791 as at end September 2017.", "InceptionDate": "/Date(994024800000)/", "BenchmarkDescription": "CPI + 4% p.a.", "FundDisplayHighlights": "Outperformed inflation\r\nby 6.7% p.a. (after fees)\r\nsince launch, while\r\nproducing positive\r\nreturns over 24 months\r\nmore than 95% of the\r\ntime.", "Capital": null, "TC": "0,07", "Brochure": {"Title": null, "Id": 0, "URL": null, "LastUpdated": "/Date(1507759200000)/", "Size": null}, "FundPurpose": "Maximising long-term returns while minimising short-term risk", "PageId": 0}