{"MinimumStandardFee": "Minimum - standard: 1.25%", "IncomePercentage": null, "IsFlagShip": false, "PortfolioHoldings": {"Title": "Portfolio Holdings", "Id": 11970, "URL": "/Assets/za/Personal/PortfolioHoldings/2017/June/2017-June-Market-Plus-Fund-Portofolio-Holdings.pdf", "LastUpdated": "/Date(1498773600000)/", "Size": "0.04"}, "SearchTags": "Coronation Market Plus fund,Market Plus,Market Plus Fund,General Investor Report", "DisplayCapital": "R 5.22 billion", "FundSize": "R 6.22 billion", "AdviceCosts": "Coronation does not provide financial advice and therefore does not charge advice fees. However, investments are often placed on your behalf by a financial adviser, in which case fees are negotiated directly between you and your adviser, within the following ranges: \r\n\r\nInitial         0.00% - 3.00%,\r\nOngoing   0.00% - 1.00% when the initial fee is less than 1.50%, \r\n                 0.00% - 0.50% when the initial fee is more than 1.50% .\r\n\r\nSharing of annual management fees: \r\nA portion of Coronation\u2019s annual management fee may be paid to administration platforms as a subsidy for administrative and advice costs incurred when investing through these channels. Where commission and incentives are paid, these are included in the overall costs. \r\n\r\n", "CompareFundAnnualManagementFee": "0.75% - 3.00%", "KIID": {"Title": null, "Id": 0, "URL": null, "LastUpdated": "/Date(1507759200000)/", "Size": null}, "MinimumDiscountedFee": "Minimum - discounted: 0.75%", "Benefits": {"Title": null, "Id": 0, "URL": null, "LastUpdated": "/Date(1507759200000)/", "Size": null}, "MaximumFee": "Maximum: 2.40% ", "FundCode": "UTMARK", "NumberOfUnits": "31288729.16000", "FundProjection": "-", "FundHighlights": "Our best investment view across asset classes for long-term\r\ninvestors not subject to retirement fund restrictions.\r\nFirst quartile performer over 5 years, 10 years and since launch.", "FundPerformanceChartData": {"TenYears": {"LastPerformanceDate": "2017-09-30", "FundPerformanceSeries": [{"BenchMarkReturn": 103530.87601899999, "NetReturn": null, "PerformanceDate": "2007-10-31", "FundReturn": 105150.00000000001}, {"BenchMarkReturn": 101395.55587081415, "NetReturn": null, "PerformanceDate": "2007-11-30", "FundReturn": 101143.78500000002}, {"BenchMarkReturn": 99056.12430553566, "NetReturn": null, "PerformanceDate": "2007-12-31", "FundReturn": 99161.36681400002}, {"BenchMarkReturn": 95788.04815544237, "NetReturn": null, "PerformanceDate": "2008-01-31", "FundReturn": 93469.50435887642}, {"BenchMarkReturn": 103030.2295658148, "NetReturn": null, "PerformanceDate": "2008-02-29", "FundReturn": 99460.8995882804}, {"BenchMarkReturn": 101478.03877079218, "NetReturn": null, "PerformanceDate": "2008-03-31", "FundReturn": 97123.56844795581}, {"BenchMarkReturn": 103415.97648161763, "NetReturn": null, "PerformanceDate": "2008-04-30", "FundReturn": 98143.36591665934}, {"BenchMarkReturn": 105326.85506825885, "NetReturn": null, "PerformanceDate": "2008-05-31", "FundReturn": 98840.18381466763}, {"BenchMarkReturn": 101216.57345113697, "NetReturn": null, "PerformanceDate": "2008-06-30", "FundReturn": 93927.82667907866}, {"BenchMarkReturn": 98191.97192783085, "NetReturn": null, "PerformanceDate": "2008-07-31", "FundReturn": 93683.61432971305}, {"BenchMarkReturn": 99340.61680403598, "NetReturn": null, "PerformanceDate": "2008-08-31", "FundReturn": 97721.37810732368}, {"BenchMarkReturn": 92515.70076111963, "NetReturn": null, "PerformanceDate": "2008-09-30", "FundReturn": 92620.32217012138}, {"BenchMarkReturn": 86132.75900498715, "NetReturn": null, "PerformanceDate": "2008-10-31", "FundReturn": 85618.2258140602}, {"BenchMarkReturn": 87658.99781664675, "NetReturn": null, "PerformanceDate": "2008-11-30", "FundReturn": 86756.94821738721}, {"BenchMarkReturn": 89932.81638122896, "NetReturn": null, "PerformanceDate": "2008-12-31", "FundReturn": 88344.6003697654}, {"BenchMarkReturn": 87079.93241625241, "NetReturn": null, "PerformanceDate": "2009-01-31", "FundReturn": 85809.11033915314}, {"BenchMarkReturn": 80452.4441248431, "NetReturn": null, "PerformanceDate": "2009-02-28", "FundReturn": 79502.14072922539}, {"BenchMarkReturn": 85884.03529490494, "NetReturn": null, "PerformanceDate": "2009-03-31", "FundReturn": 85592.00470908405}, {"BenchMarkReturn": 86651.46368662734, "NetReturn": null, "PerformanceDate": "2009-04-30", "FundReturn": 88022.81764282203}, {"BenchMarkReturn": 92339.82726450225, "NetReturn": null, "PerformanceDate": "2009-05-31", "FundReturn": 93617.72397783508}, {"BenchMarkReturn": 90432.36345269943, "NetReturn": null, "PerformanceDate": "2009-06-30", "FundReturn": 93121.55004075255}, {"BenchMarkReturn": 96881.17450926182, "NetReturn": null, "PerformanceDate": "2009-07-31", "FundReturn": 100357.09447891904}, {"BenchMarkReturn": 99609.36291561881, "NetReturn": null, "PerformanceDate": "2009-08-31", "FundReturn": 104140.55694077429}, {"BenchMarkReturn": 99703.04472456605, "NetReturn": null, "PerformanceDate": "2009-09-30", "FundReturn": 104130.14288508022}, {"BenchMarkReturn": 103752.41748382652, "NetReturn": null, "PerformanceDate": "2009-10-31", "FundReturn": 108118.32735757879}, {"BenchMarkReturn": 104889.88791871321, "NetReturn": null, "PerformanceDate": "2009-11-30", "FundReturn": 107447.9937279618}, {"BenchMarkReturn": 107113.27086434199, "NetReturn": null, "PerformanceDate": "2009-12-31", "FundReturn": 110542.4959473271}, {"BenchMarkReturn": 105019.86998565712, "NetReturn": null, "PerformanceDate": "2010-01-31", "FundReturn": 110045.05471556414}, {"BenchMarkReturn": 105971.88487392501, "NetReturn": null, "PerformanceDate": "2010-02-28", "FundReturn": 111266.55482290691}, {"BenchMarkReturn": 111405.13070355805, "NetReturn": null, "PerformanceDate": "2010-03-31", "FundReturn": 115962.00343643359}, {"BenchMarkReturn": 112137.23063402779, "NetReturn": null, "PerformanceDate": "2010-04-30", "FundReturn": 116680.96785773948}, {"BenchMarkReturn": 108342.04934160854, "NetReturn": null, "PerformanceDate": "2010-05-31", "FundReturn": 112853.83211200562}, {"BenchMarkReturn": 106129.34554015932, "NetReturn": null, "PerformanceDate": "2010-06-30", "FundReturn": 111386.73229454954}, {"BenchMarkReturn": 112464.55077743641, "NetReturn": null, "PerformanceDate": "2010-07-31", "FundReturn": 117724.63736210941}, {"BenchMarkReturn": 110771.4184462113, "NetReturn": null, "PerformanceDate": "2010-08-31", "FundReturn": 116194.21707640198}, {"BenchMarkReturn": 117058.27278672397, "NetReturn": null, "PerformanceDate": "2010-09-30", "FundReturn": 122687.03373241425}, {"BenchMarkReturn": 120206.64680700877, "NetReturn": null, "PerformanceDate": "2010-10-31", "FundReturn": 125987.31493981618}, {"BenchMarkReturn": 119218.11254136714, "NetReturn": null, "PerformanceDate": "2010-11-30", "FundReturn": 125344.77963362311}, {"BenchMarkReturn": 124109.17115937069, "NetReturn": null, "PerformanceDate": "2010-12-31", "FundReturn": 129092.58854466844}, {"BenchMarkReturn": 122912.54180656317, "NetReturn": null, "PerformanceDate": "2011-01-31", "FundReturn": 129221.68113321309}, {"BenchMarkReturn": 125053.44487391661, "NetReturn": null, "PerformanceDate": "2011-02-28", "FundReturn": 130604.35312133846}, {"BenchMarkReturn": 125310.3705528531, "NetReturn": null, "PerformanceDate": "2011-03-31", "FundReturn": 131113.71009851168}, {"BenchMarkReturn": 127840.8044684699, "NetReturn": null, "PerformanceDate": "2011-04-30", "FundReturn": 133722.87292947207}, {"BenchMarkReturn": 128006.41788407144, "NetReturn": null, "PerformanceDate": "2011-05-31", "FundReturn": 134779.2836256149}, {"BenchMarkReturn": 126290.76079381944, "NetReturn": null, "PerformanceDate": "2011-06-30", "FundReturn": 133458.44664608384}, {"BenchMarkReturn": 125036.54944137874, "NetReturn": null, "PerformanceDate": "2011-07-31", "FundReturn": 132003.74957764152}, {"BenchMarkReturn": 125972.81574643936, "NetReturn": null, "PerformanceDate": "2011-08-31", "FundReturn": 131409.73270454214}, {"BenchMarkReturn": 123822.6138464013, "NetReturn": null, "PerformanceDate": "2011-09-30", "FundReturn": 131238.90005202623}, {"BenchMarkReturn": 132324.59991892442, "NetReturn": null, "PerformanceDate": "2011-10-31", "FundReturn": 139323.21629523108}, {"BenchMarkReturn": 133782.79649971798, "NetReturn": null, "PerformanceDate": "2011-11-30", "FundReturn": 139810.8475522644}, {"BenchMarkReturn": 131965.7027702327, "NetReturn": null, "PerformanceDate": "2011-12-31", "FundReturn": 140076.4881626137}, {"BenchMarkReturn": 137237.60221378913, "NetReturn": null, "PerformanceDate": "2012-01-31", "FundReturn": 145176.67309661448}, {"BenchMarkReturn": 138664.88521648393, "NetReturn": null, "PerformanceDate": "2012-02-29", "FundReturn": 146766.3576670224}, {"BenchMarkReturn": 137968.6467478387, "NetReturn": null, "PerformanceDate": "2012-03-31", "FundReturn": 148740.36517764386}, {"BenchMarkReturn": 141147.35441335122, "NetReturn": null, "PerformanceDate": "2012-04-30", "FundReturn": 151675.01258259878}, {"BenchMarkReturn": 138562.38868084547, "NetReturn": null, "PerformanceDate": "2012-05-31", "FundReturn": 148477.7033173576}, {"BenchMarkReturn": 141023.16303564253, "NetReturn": null, "PerformanceDate": "2012-06-30", "FundReturn": 148988.46661676932}, {"BenchMarkReturn": 145045.91306779656, "NetReturn": null, "PerformanceDate": "2012-07-31", "FundReturn": 151908.64056245802}, {"BenchMarkReturn": 148085.42487477747, "NetReturn": null, "PerformanceDate": "2012-08-31", "FundReturn": 156806.17513419167}, {"BenchMarkReturn": 150090.18936350633, "NetReturn": null, "PerformanceDate": "2012-09-30", "FundReturn": 159926.6180193621}, {"BenchMarkReturn": 154436.21889753873, "NetReturn": null, "PerformanceDate": "2012-10-31", "FundReturn": 166142.96566177468}, {"BenchMarkReturn": 157884.15744199482, "NetReturn": null, "PerformanceDate": "2012-11-30", "FundReturn": 168841.1274241219}, {"BenchMarkReturn": 161090.4824893644, "NetReturn": null, "PerformanceDate": "2012-12-31", "FundReturn": 171557.781164376}, {"BenchMarkReturn": 165941.26728891858, "NetReturn": null, "PerformanceDate": "2013-01-31", "FundReturn": 180432.17010462558}, {"BenchMarkReturn": 164418.9688982474, "NetReturn": null, "PerformanceDate": "2013-02-28", "FundReturn": 180267.97682983038}, {"BenchMarkReturn": 166473.7555015007, "NetReturn": null, "PerformanceDate": "2013-03-31", "FundReturn": 184695.358340771}, {"BenchMarkReturn": 165372.7934720757, "NetReturn": null, "PerformanceDate": "2013-04-30", "FundReturn": 184165.282662333}, {"BenchMarkReturn": 174281.5799838599, "NetReturn": null, "PerformanceDate": "2013-05-31", "FundReturn": 198738.28147940338}, {"BenchMarkReturn": 167017.90296685067, "NetReturn": null, "PerformanceDate": "2013-06-30", "FundReturn": 189063.701936986}, {"BenchMarkReturn": 171864.01059634952, "NetReturn": null, "PerformanceDate": "2013-07-31", "FundReturn": 196970.34595199075}, {"BenchMarkReturn": 174629.57493130158, "NetReturn": null, "PerformanceDate": "2013-08-31", "FundReturn": 200045.05305230131}, {"BenchMarkReturn": 181996.05060375293, "NetReturn": null, "PerformanceDate": "2013-09-30", "FundReturn": 208586.97681763457}, {"BenchMarkReturn": 186857.52601354753, "NetReturn": null, "PerformanceDate": "2013-10-31", "FundReturn": 212858.83810285974}, {"BenchMarkReturn": 185343.01381257077, "NetReturn": null, "PerformanceDate": "2013-11-30", "FundReturn": 212550.1927876106}, {"BenchMarkReturn": 189863.34439110252, "NetReturn": null, "PerformanceDate": "2013-12-31", "FundReturn": 218714.1483784513}, {"BenchMarkReturn": 186695.8039028395, "NetReturn": null, "PerformanceDate": "2014-01-31", "FundReturn": 217310.00354586163}, {"BenchMarkReturn": 193496.54320045444, "NetReturn": null, "PerformanceDate": "2014-02-28", "FundReturn": 222301.61432731006}, {"BenchMarkReturn": 196235.25089717074, "NetReturn": null, "PerformanceDate": "2014-03-31", "FundReturn": 224193.40106523546}, {"BenchMarkReturn": 199798.85204829372, "NetReturn": null, "PerformanceDate": "2014-04-30", "FundReturn": 226581.06078658023}, {"BenchMarkReturn": 202825.92073995844, "NetReturn": null, "PerformanceDate": "2014-05-31", "FundReturn": 232825.6348218584}, {"BenchMarkReturn": 207186.42511194438, "NetReturn": null, "PerformanceDate": "2014-06-30", "FundReturn": 236508.9363647402}, {"BenchMarkReturn": 208748.37249289957, "NetReturn": null, "PerformanceDate": "2014-07-31", "FundReturn": 239169.6618988435}, {"BenchMarkReturn": 209817.5027499234, "NetReturn": null, "PerformanceDate": "2014-08-31", "FundReturn": 238851.56624851804}, {"BenchMarkReturn": 206433.07152571867, "NetReturn": null, "PerformanceDate": "2014-09-30", "FundReturn": 235295.0664270776}, {"BenchMarkReturn": 210376.280735784, "NetReturn": null, "PerformanceDate": "2014-10-31", "FundReturn": 235323.30183504883}, {"BenchMarkReturn": 212789.2968268344, "NetReturn": null, "PerformanceDate": "2014-11-30", "FundReturn": 237356.49516290365}, {"BenchMarkReturn": 213352.70271273734, "NetReturn": null, "PerformanceDate": "2014-12-31", "FundReturn": 238206.6895136225}, {"BenchMarkReturn": 221156.65101715273, "NetReturn": null, "PerformanceDate": "2015-01-31", "FundReturn": 241636.86584261866}, {"BenchMarkReturn": 224618.8992946509, "NetReturn": null, "PerformanceDate": "2015-02-28", "FundReturn": 248342.28886975133}, {"BenchMarkReturn": 225899.44096800103, "NetReturn": null, "PerformanceDate": "2015-03-31", "FundReturn": 245595.6231548519}, {"BenchMarkReturn": 230563.3427062621, "NetReturn": null, "PerformanceDate": "2015-04-30", "FundReturn": 254090.7757597782}, {"BenchMarkReturn": 225562.03320859326, "NetReturn": null, "PerformanceDate": "2015-05-31", "FundReturn": 250752.0229662947}, {"BenchMarkReturn": 225562.65256753826, "NetReturn": null, "PerformanceDate": "2015-06-30", "FundReturn": 247073.49078937917}, {"BenchMarkReturn": 228097.57315463253, "NetReturn": null, "PerformanceDate": "2015-07-31", "FundReturn": 247009.25168177392}, {"BenchMarkReturn": 224405.47445452475, "NetReturn": null, "PerformanceDate": "2015-08-31", "FundReturn": 243452.3184575564}, {"BenchMarkReturn": 223982.37970121118, "NetReturn": null, "PerformanceDate": "2015-09-30", "FundReturn": 240676.96202714025}, {"BenchMarkReturn": 236128.91559846257, "NetReturn": null, "PerformanceDate": "2015-10-31", "FundReturn": 253565.93537457968}, {"BenchMarkReturn": 232544.88948092988, "NetReturn": null, "PerformanceDate": "2015-11-30", "FundReturn": 250904.5580300752}, {"BenchMarkReturn": 229821.4534066313, "NetReturn": null, "PerformanceDate": "2015-12-31", "FundReturn": 252382.51132915134}, {"BenchMarkReturn": 227818.39669450853, "NetReturn": null, "PerformanceDate": "2016-01-31", "FundReturn": 244472.7424710912}, {"BenchMarkReturn": 228580.82183981192, "NetReturn": null, "PerformanceDate": "2016-02-29", "FundReturn": 247235.28446101453}, {"BenchMarkReturn": 237110.95851744802, "NetReturn": null, "PerformanceDate": "2016-03-31", "FundReturn": 259987.58153939986}, {"BenchMarkReturn": 239874.078511903, "NetReturn": null, "PerformanceDate": "2016-04-30", "FundReturn": 263377.1436349616}, {"BenchMarkReturn": 245465.11926086067, "NetReturn": null, "PerformanceDate": "2016-05-31", "FundReturn": 272286.007206986}, {"BenchMarkReturn": 241196.79419134118, "NetReturn": null, "PerformanceDate": "2016-06-30", "FundReturn": 261062.92256192848}, {"BenchMarkReturn": 243050.08836905318, "NetReturn": null, "PerformanceDate": "2016-07-31", "FundReturn": 264999.3859460708}, {"BenchMarkReturn": 244802.75118475303, "NetReturn": null, "PerformanceDate": "2016-08-31", "FundReturn": 274125.77929848334}, {"BenchMarkReturn": 242562.54415643384, "NetReturn": null, "PerformanceDate": "2016-09-30", "FundReturn": 269835.5189644166}, {"BenchMarkReturn": 238280.90246090502, "NetReturn": null, "PerformanceDate": "2016-10-31", "FundReturn": 262844.51240487886}, {"BenchMarkReturn": 239423.48602938867, "NetReturn": null, "PerformanceDate": "2016-11-30", "FundReturn": 263494.94743527594}, {"BenchMarkReturn": 241079.1816021051, "NetReturn": null, "PerformanceDate": "2016-12-31", "FundReturn": 265116.3635943189}, {"BenchMarkReturn": 247484.98776267908, "NetReturn": null, "PerformanceDate": "2017-01-31", "FundReturn": 271876.8308659741}, {"BenchMarkReturn": 243628.5054710273, "NetReturn": null, "PerformanceDate": "2017-02-28", "FundReturn": 271237.1318706295}, {"BenchMarkReturn": 248388.68548528643, "NetReturn": null, "PerformanceDate": "2017-03-31", "FundReturn": 276715.30822302063}, {"BenchMarkReturn": 254086.30450109724, "NetReturn": null, "PerformanceDate": "2017-04-30", "FundReturn": 282542.9326141975}, {"BenchMarkReturn": 253440.6040661586, "NetReturn": null, "PerformanceDate": "2017-05-31", "FundReturn": 282554.12131432904}, {"BenchMarkReturn": 248678.46801146766, "NetReturn": null, "PerformanceDate": "2017-06-30", "FundReturn": 277334.838096235}, {"BenchMarkReturn": 259572.59179042836, "NetReturn": null, "PerformanceDate": "2017-07-31", "FundReturn": 289714.31646478805}, {"BenchMarkReturn": 263620.30747476575, "NetReturn": null, "PerformanceDate": "2017-08-31", "FundReturn": 291344.74172355694}, {"BenchMarkReturn": 265969.4435073959, "NetReturn": null, "PerformanceDate": "2017-09-30", "FundReturn": 293489.85478791915}], "InitialInvestedAmount": 100000}, "FiveYears": {"LastPerformanceDate": "2017-09-30", "FundPerformanceSeries": [{"BenchMarkReturn": 102895.612, "NetReturn": null, "PerformanceDate": "2012-10-31", "FundReturn": 103887}, {"BenchMarkReturn": 105192.85644953923, "NetReturn": null, "PerformanceDate": "2012-11-30", "FundReturn": 105574.12488}, {"BenchMarkReturn": 107329.12202490213, "NetReturn": null, "PerformanceDate": "2012-12-31", "FundReturn": 107272.81254931919}, {"BenchMarkReturn": 110561.03532991234, "NetReturn": null, "PerformanceDate": "2013-01-31", "FundReturn": 112821.8506332579}, {"BenchMarkReturn": 109546.77957000768, "NetReturn": null, "PerformanceDate": "2013-02-28", "FundReturn": 112719.18274918164}, {"BenchMarkReturn": 110915.81415645675, "NetReturn": null, "PerformanceDate": "2013-03-31", "FundReturn": 115487.56587750153}, {"BenchMarkReturn": 110182.28051638746, "NetReturn": null, "PerformanceDate": "2013-04-30", "FundReturn": 115156.1165634331}, {"BenchMarkReturn": 116117.90265769069, "NetReturn": null, "PerformanceDate": "2013-05-31", "FundReturn": 124268.42006709756}, {"BenchMarkReturn": 111278.36114747432, "NetReturn": null, "PerformanceDate": "2013-06-30", "FundReturn": 118219.03337823124}, {"BenchMarkReturn": 114507.15821279213, "NetReturn": null, "PerformanceDate": "2013-07-31", "FundReturn": 123162.95335410886}, {"BenchMarkReturn": 116349.75988228172, "NetReturn": null, "PerformanceDate": "2013-08-31", "FundReturn": 125085.5270559665}, {"BenchMarkReturn": 121257.79264824108, "NetReturn": null, "PerformanceDate": "2013-09-30", "FundReturn": 130426.67906125626}, {"BenchMarkReturn": 124496.82874407842, "NetReturn": null, "PerformanceDate": "2013-10-31", "FundReturn": 133097.8174484308}, {"BenchMarkReturn": 123487.76065814996, "NetReturn": null, "PerformanceDate": "2013-11-30", "FundReturn": 132904.82561313058}, {"BenchMarkReturn": 126499.50352935381, "NetReturn": null, "PerformanceDate": "2013-12-31", "FundReturn": 136759.06555591137}, {"BenchMarkReturn": 124389.07878960518, "NetReturn": null, "PerformanceDate": "2014-01-31", "FundReturn": 135881.07235504242}, {"BenchMarkReturn": 128920.18060675598, "NetReturn": null, "PerformanceDate": "2014-02-28", "FundReturn": 139002.26058703774}, {"BenchMarkReturn": 130744.88860954446, "NetReturn": null, "PerformanceDate": "2014-03-31", "FundReturn": 140185.16982463343}, {"BenchMarkReturn": 133119.1951290014, "NetReturn": null, "PerformanceDate": "2014-04-30", "FundReturn": 141678.14188326578}, {"BenchMarkReturn": 135136.02827745816, "NetReturn": null, "PerformanceDate": "2014-05-31", "FundReturn": 145582.7914735686}, {"BenchMarkReturn": 138041.28437079623, "NetReturn": null, "PerformanceDate": "2014-06-30", "FundReturn": 147885.91123468045}, {"BenchMarkReturn": 139081.95690747502, "NetReturn": null, "PerformanceDate": "2014-07-31", "FundReturn": 149549.6277360706}, {"BenchMarkReturn": 139794.2821177754, "NetReturn": null, "PerformanceDate": "2014-08-31", "FundReturn": 149350.7267311816}, {"BenchMarkReturn": 137539.35044065697, "NetReturn": null, "PerformanceDate": "2014-09-30", "FundReturn": 147126.89441015432}, {"BenchMarkReturn": 140166.5769281359, "NetReturn": null, "PerformanceDate": "2014-10-31", "FundReturn": 147144.54963748352}, {"BenchMarkReturn": 141774.28766611512, "NetReturn": null, "PerformanceDate": "2014-11-30", "FundReturn": 148415.87854635136}, {"BenchMarkReturn": 142149.6658892303, "NetReturn": null, "PerformanceDate": "2014-12-31", "FundReturn": 148947.4938341929}, {"BenchMarkReturn": 147349.17182463483, "NetReturn": null, "PerformanceDate": "2015-01-31", "FundReturn": 151092.33774540527}, {"BenchMarkReturn": 149655.95036371236, "NetReturn": null, "PerformanceDate": "2015-02-28", "FundReturn": 155285.15011784027}, {"BenchMarkReturn": 150509.13182665844, "NetReturn": null, "PerformanceDate": "2015-03-31", "FundReturn": 153567.69635753697}, {"BenchMarkReturn": 153616.53128963432, "NetReturn": null, "PerformanceDate": "2015-04-30", "FundReturn": 158879.60297454416}, {"BenchMarkReturn": 150284.32848618788, "NetReturn": null, "PerformanceDate": "2015-05-31", "FundReturn": 156791.92499145865}, {"BenchMarkReturn": 150284.74114403554, "NetReturn": null, "PerformanceDate": "2015-06-30", "FundReturn": 154491.78745183395}, {"BenchMarkReturn": 151973.67271101152, "NetReturn": null, "PerformanceDate": "2015-07-31", "FundReturn": 154451.61958709647}, {"BenchMarkReturn": 149513.75263511247, "NetReturn": null, "PerformanceDate": "2015-08-31", "FundReturn": 152227.5162650423}, {"BenchMarkReturn": 149231.85895831202, "NetReturn": null, "PerformanceDate": "2015-09-30", "FundReturn": 150492.12257962083}, {"BenchMarkReturn": 157324.6836450965, "NetReturn": null, "PerformanceDate": "2015-10-31", "FundReturn": 158551.42722012725}, {"BenchMarkReturn": 154936.76866362328, "NetReturn": null, "PerformanceDate": "2015-11-30", "FundReturn": 156887.30315031024}, {"BenchMarkReturn": 153122.23562462322, "NetReturn": null, "PerformanceDate": "2015-12-31", "FundReturn": 157811.44780951715}, {"BenchMarkReturn": 151787.66690922802, "NetReturn": null, "PerformanceDate": "2016-01-31", "FundReturn": 152865.57391058776}, {"BenchMarkReturn": 152295.6449113457, "NetReturn": null, "PerformanceDate": "2016-02-29", "FundReturn": 154592.95489577742}, {"BenchMarkReturn": 157978.98551729086, "NetReturn": null, "PerformanceDate": "2016-03-31", "FundReturn": 162566.79767211966}, {"BenchMarkReturn": 159819.95860565372, "NetReturn": null, "PerformanceDate": "2016-04-30", "FundReturn": 164686.24604009016}, {"BenchMarkReturn": 163545.07932984483, "NetReturn": null, "PerformanceDate": "2016-05-31", "FundReturn": 170256.84065551925}, {"BenchMarkReturn": 160701.23917772007, "NetReturn": null, "PerformanceDate": "2016-06-30", "FundReturn": 163239.19419738007}, {"BenchMarkReturn": 161936.0261984916, "NetReturn": null, "PerformanceDate": "2016-07-31", "FundReturn": 165700.6127110047}, {"BenchMarkReturn": 163103.7659575874, "NetReturn": null, "PerformanceDate": "2016-08-31", "FundReturn": 171407.22582234282}, {"BenchMarkReturn": 161611.19203398898, "NetReturn": null, "PerformanceDate": "2016-09-30", "FundReturn": 168724.58275316507}, {"BenchMarkReturn": 158758.4794658417, "NetReturn": null, "PerformanceDate": "2016-10-31", "FundReturn": 164353.19877336296}, {"BenchMarkReturn": 159519.744124997, "NetReturn": null, "PerformanceDate": "2016-11-30", "FundReturn": 164759.90719904753}, {"BenchMarkReturn": 160622.8779005874, "NetReturn": null, "PerformanceDate": "2016-12-31", "FundReturn": 165773.75728799685}, {"BenchMarkReturn": 164890.84917022157, "NetReturn": null, "PerformanceDate": "2017-01-31", "FundReturn": 170000.98809884078}, {"BenchMarkReturn": 162321.40588548317, "NetReturn": null, "PerformanceDate": "2017-02-28", "FundReturn": 169600.99277394303}, {"BenchMarkReturn": 165492.95229664157, "NetReturn": null, "PerformanceDate": "2017-03-31", "FundReturn": 173026.42402499836}, {"BenchMarkReturn": 169289.0825034012, "NetReturn": null, "PerformanceDate": "2017-04-30", "FundReturn": 176670.36051496482}, {"BenchMarkReturn": 168858.87421485357, "NetReturn": null, "PerformanceDate": "2017-05-31", "FundReturn": 176677.3566612412}, {"BenchMarkReturn": 165686.0245603319, "NetReturn": null, "PerformanceDate": "2017-06-30", "FundReturn": 173413.8078644661}, {"BenchMarkReturn": 172944.4095521557, "NetReturn": null, "PerformanceDate": "2017-07-31", "FundReturn": 181154.53203025463}, {"BenchMarkReturn": 175641.26515711076, "NetReturn": null, "PerformanceDate": "2017-08-31", "FundReturn": 182174.0153901613}, {"BenchMarkReturn": 177206.41477987575, "NetReturn": null, "PerformanceDate": "2017-09-30", "FundReturn": 183515.32623067597}], "InitialInvestedAmount": 100000}, "ThreeYears": {"LastPerformanceDate": "2017-09-30", "FundPerformanceSeries": [{"BenchMarkReturn": 101910.16351252327, "NetReturn": null, "PerformanceDate": "2014-10-31", "FundReturn": 100736.27999999998}, {"BenchMarkReturn": 103079.07316116443, "NetReturn": null, "PerformanceDate": "2014-11-30", "FundReturn": 101303.19356295599}, {"BenchMarkReturn": 103351.99739841909, "NetReturn": null, "PerformanceDate": "2014-12-31", "FundReturn": 105825.09460498372}, {"BenchMarkReturn": 107132.37437326013, "NetReturn": null, "PerformanceDate": "2015-01-31", "FundReturn": 103870.31462245938}, {"BenchMarkReturn": 108809.55150961196, "NetReturn": null, "PerformanceDate": "2015-02-28", "FundReturn": 103874.42788691843}, {"BenchMarkReturn": 109429.86959328229, "NetReturn": null, "PerformanceDate": "2015-03-31", "FundReturn": 106062.02333821694}, {"BenchMarkReturn": 111689.14990325918, "NetReturn": null, "PerformanceDate": "2015-04-30", "FundReturn": 108204.15802357892}, {"BenchMarkReturn": 109266.4230307165, "NetReturn": null, "PerformanceDate": "2015-05-31", "FundReturn": 107949.56446016523}, {"BenchMarkReturn": 109266.72305965102, "NetReturn": null, "PerformanceDate": "2015-06-30", "FundReturn": 110702.27835389946}, {"BenchMarkReturn": 110494.68550208285, "NetReturn": null, "PerformanceDate": "2015-07-31", "FundReturn": 111383.48482375017}, {"BenchMarkReturn": 108706.16456751555, "NetReturn": null, "PerformanceDate": "2015-08-31", "FundReturn": 111659.11439529502}, {"BenchMarkReturn": 108501.20963941874, "NetReturn": null, "PerformanceDate": "2015-09-30", "FundReturn": 108766.20539589596}, {"BenchMarkReturn": 114385.21640610491, "NetReturn": null, "PerformanceDate": "2015-10-31", "FundReturn": 107063.93814510641}, {"BenchMarkReturn": 112649.04783047717, "NetReturn": null, "PerformanceDate": "2015-11-30", "FundReturn": 110751.14523006718}, {"BenchMarkReturn": 111329.76499746497, "NetReturn": null, "PerformanceDate": "2015-12-31", "FundReturn": 112421.11744853327}, {"BenchMarkReturn": 110359.44725849105, "NetReturn": null, "PerformanceDate": "2016-01-31", "FundReturn": 107787.34382953963}, {"BenchMarkReturn": 110728.78010795572, "NetReturn": null, "PerformanceDate": "2016-02-29", "FundReturn": 111433.30462824574}, {"BenchMarkReturn": 114860.93616928399, "NetReturn": null, "PerformanceDate": "2016-03-31", "FundReturn": 112886.10519400603}, {"BenchMarkReturn": 116199.44262759184, "NetReturn": null, "PerformanceDate": "2016-04-30", "FundReturn": 118708.72534547078}, {"BenchMarkReturn": 118907.84623154688, "NetReturn": null, "PerformanceDate": "2016-05-31", "FundReturn": 120050.1339418746}, {"BenchMarkReturn": 116840.19058026346, "NetReturn": null, "PerformanceDate": "2016-06-30", "FundReturn": 116287.71472408267}, {"BenchMarkReturn": 117737.96057613406, "NetReturn": null, "PerformanceDate": "2016-07-31", "FundReturn": 116972.70750766489}, {"BenchMarkReturn": 118586.98287800951, "NetReturn": null, "PerformanceDate": "2016-08-31", "FundReturn": 115744.98536420595}, {"BenchMarkReturn": 117501.78513727828, "NetReturn": null, "PerformanceDate": "2016-09-30", "FundReturn": 121943.47656541526}, {"BenchMarkReturn": 115427.67866592473, "NetReturn": null, "PerformanceDate": "2016-10-31", "FundReturn": 120553.32093256954}, {"BenchMarkReturn": 115981.16729061019, "NetReturn": null, "PerformanceDate": "2016-11-30", "FundReturn": 118817.35311114053}, {"BenchMarkReturn": 116783.21686555447, "NetReturn": null, "PerformanceDate": "2016-12-31", "FundReturn": 118786.46059933164}, {"BenchMarkReturn": 119886.30791256043, "NetReturn": null, "PerformanceDate": "2017-01-31", "FundReturn": 117043.86322233945}, {"BenchMarkReturn": 118018.15652424408, "NetReturn": null, "PerformanceDate": "2017-02-28", "FundReturn": 115505.9068595979}, {"BenchMarkReturn": 120324.07581279475, "NetReturn": null, "PerformanceDate": "2017-03-31", "FundReturn": 119501.25617787139}, {"BenchMarkReturn": 123084.10790150054, "NetReturn": null, "PerformanceDate": "2017-04-30", "FundReturn": 118179.57228454413}, {"BenchMarkReturn": 122771.31866178892, "NetReturn": null, "PerformanceDate": "2017-05-31", "FundReturn": 121459.05541544022}, {"BenchMarkReturn": 120464.45183105553, "NetReturn": null, "PerformanceDate": "2017-06-30", "FundReturn": 123208.06581342255}, {"BenchMarkReturn": 125741.76699109444, "NetReturn": null, "PerformanceDate": "2017-07-31", "FundReturn": 123649.38848060161}, {"BenchMarkReturn": 127702.55537370255, "NetReturn": null, "PerformanceDate": "2017-08-31", "FundReturn": 124717.71919707401}, {"BenchMarkReturn": 128840.52033991073, "NetReturn": null, "PerformanceDate": "2017-09-30", "FundReturn": 124732.68532337765}], "InitialInvestedAmount": 100000}, "SinceInception": {"LastPerformanceDate": "2017-09-30", "FundPerformanceSeries": [{"BenchMarkReturn": 96288.69739, "NetReturn": null, "PerformanceDate": "2001-07-31", "FundReturn": 98730}, {"BenchMarkReturn": 99324.4675962114, "NetReturn": null, "PerformanceDate": "2001-08-31", "FundReturn": 102195.423}, {"BenchMarkReturn": 93636.42342364686, "NetReturn": null, "PerformanceDate": "2001-09-30", "FundReturn": 98128.04516459999}, {"BenchMarkReturn": 97219.75965225975, "NetReturn": null, "PerformanceDate": "2001-10-31", "FundReturn": 101787.23996878792}, {"BenchMarkReturn": 103930.77459187011, "NetReturn": null, "PerformanceDate": "2001-11-30", "FundReturn": 105818.01467155194}, {"BenchMarkReturn": 109145.33269365928, "NetReturn": null, "PerformanceDate": "2001-12-31", "FundReturn": 113891.92919099136}, {"BenchMarkReturn": 107774.0442677174, "NetReturn": null, "PerformanceDate": "2002-01-31", "FundReturn": 112115.2150956119}, {"BenchMarkReturn": 110611.61077302923, "NetReturn": null, "PerformanceDate": "2002-02-28", "FundReturn": 114413.57700507194}, {"BenchMarkReturn": 111131.86667719061, "NetReturn": null, "PerformanceDate": "2002-03-31", "FundReturn": 115672.12635212773}, {"BenchMarkReturn": 114317.07219609189, "NetReturn": null, "PerformanceDate": "2002-04-30", "FundReturn": 123569.06241818749}, {"BenchMarkReturn": 116499.21652092891, "NetReturn": null, "PerformanceDate": "2002-05-31", "FundReturn": 128029.90557148407}, {"BenchMarkReturn": 113156.39997819683, "NetReturn": null, "PerformanceDate": "2002-06-30", "FundReturn": 124329.84130046816}, {"BenchMarkReturn": 105193.28027548155, "NetReturn": null, "PerformanceDate": "2002-07-31", "FundReturn": 117752.7926956734}, {"BenchMarkReturn": 108248.50350418723, "NetReturn": null, "PerformanceDate": "2002-08-31", "FundReturn": 118942.09590189971}, {"BenchMarkReturn": 106841.34323356127, "NetReturn": null, "PerformanceDate": "2002-09-30", "FundReturn": 117847.82861960224}, {"BenchMarkReturn": 107422.82724410994, "NetReturn": null, "PerformanceDate": "2002-10-31", "FundReturn": 122496.92545864555}, {"BenchMarkReturn": 110754.58409505447, "NetReturn": null, "PerformanceDate": "2002-11-30", "FundReturn": 128891.26496758685}, {"BenchMarkReturn": 108744.24663284555, "NetReturn": null, "PerformanceDate": "2002-12-31", "FundReturn": 126970.7851195698}, {"BenchMarkReturn": 106385.48104479715, "NetReturn": null, "PerformanceDate": "2003-01-31", "FundReturn": 124418.67233866645}, {"BenchMarkReturn": 103605.97794172193, "NetReturn": null, "PerformanceDate": "2003-02-28", "FundReturn": 122216.46183827205}, {"BenchMarkReturn": 98510.04650665246, "NetReturn": null, "PerformanceDate": "2003-03-31", "FundReturn": 116032.30886925549}, {"BenchMarkReturn": 99200.90494405058, "NetReturn": null, "PerformanceDate": "2003-04-30", "FundReturn": 117146.21903440035}, {"BenchMarkReturn": 108093.98148016536, "NetReturn": null, "PerformanceDate": "2003-05-31", "FundReturn": 128052.53202650302}, {"BenchMarkReturn": 108142.71725647894, "NetReturn": null, "PerformanceDate": "2003-06-30", "FundReturn": 128641.57367382493}, {"BenchMarkReturn": 112176.50692650411, "NetReturn": null, "PerformanceDate": "2003-07-31", "FundReturn": 134378.98785967752}, {"BenchMarkReturn": 114947.3533682175, "NetReturn": null, "PerformanceDate": "2003-08-31", "FundReturn": 136757.49594479383}, {"BenchMarkReturn": 114164.54900169869, "NetReturn": null, "PerformanceDate": "2003-09-30", "FundReturn": 135841.2207219637}, {"BenchMarkReturn": 121842.95193692112, "NetReturn": null, "PerformanceDate": "2003-10-31", "FundReturn": 145241.43319592357}, {"BenchMarkReturn": 123183.12629150964, "NetReturn": null, "PerformanceDate": "2003-11-30", "FundReturn": 150557.26965089436}, {"BenchMarkReturn": 128479.95392231122, "NetReturn": null, "PerformanceDate": "2003-12-31", "FundReturn": 158581.972123287}, {"BenchMarkReturn": 132060.64304898074, "NetReturn": null, "PerformanceDate": "2004-01-31", "FundReturn": 161531.59680478013}, {"BenchMarkReturn": 132859.4236011994, "NetReturn": null, "PerformanceDate": "2004-02-29", "FundReturn": 162193.87635167973}, {"BenchMarkReturn": 132593.0187783397, "NetReturn": null, "PerformanceDate": "2004-03-31", "FundReturn": 164156.42225553506}, {"BenchMarkReturn": 131489.655965316, "NetReturn": null, "PerformanceDate": "2004-04-30", "FundReturn": 164944.37308236162}, {"BenchMarkReturn": 131895.17406435986, "NetReturn": null, "PerformanceDate": "2004-05-31", "FundReturn": 166115.4781312464}, {"BenchMarkReturn": 130966.13216190856, "NetReturn": null, "PerformanceDate": "2004-06-30", "FundReturn": 166015.80884436765}, {"BenchMarkReturn": 133007.04549810925, "NetReturn": null, "PerformanceDate": "2004-07-31", "FundReturn": 169219.91395506397}, {"BenchMarkReturn": 140877.81480201808, "NetReturn": null, "PerformanceDate": "2004-08-31", "FundReturn": 177393.23579909356}, {"BenchMarkReturn": 146967.34814390412, "NetReturn": null, "PerformanceDate": "2004-09-30", "FundReturn": 187983.61197629946}, {"BenchMarkReturn": 149201.63320434946, "NetReturn": null, "PerformanceDate": "2004-10-31", "FundReturn": 193303.54819522874}, {"BenchMarkReturn": 158418.51217293218, "NetReturn": null, "PerformanceDate": "2004-11-30", "FundReturn": 208883.8141797642}, {"BenchMarkReturn": 162407.83847436545, "NetReturn": null, "PerformanceDate": "2004-12-31", "FundReturn": 215526.3194706807}, {"BenchMarkReturn": 163923.28365753326, "NetReturn": null, "PerformanceDate": "2005-01-31", "FundReturn": 219168.71426973518}, {"BenchMarkReturn": 169366.57421640443, "NetReturn": null, "PerformanceDate": "2005-02-28", "FundReturn": 226313.61435492855}, {"BenchMarkReturn": 166554.88904961103, "NetReturn": null, "PerformanceDate": "2005-03-31", "FundReturn": 223801.53323558884}, {"BenchMarkReturn": 162755.40627585305, "NetReturn": null, "PerformanceDate": "2005-04-30", "FundReturn": 219728.34533070112}, {"BenchMarkReturn": 172989.9487922583, "NetReturn": null, "PerformanceDate": "2005-05-31", "FundReturn": 233703.06809373375}, {"BenchMarkReturn": 177697.90397130023, "NetReturn": null, "PerformanceDate": "2005-06-30", "FundReturn": 239078.2386598896}, {"BenchMarkReturn": 187102.8477232528, "NetReturn": null, "PerformanceDate": "2005-07-31", "FundReturn": 253877.1816329368}, {"BenchMarkReturn": 189788.20598276256, "NetReturn": null, "PerformanceDate": "2005-08-31", "FundReturn": 257812.27794824733}, {"BenchMarkReturn": 202039.0006415739, "NetReturn": null, "PerformanceDate": "2005-09-30", "FundReturn": 268202.11274956167}, {"BenchMarkReturn": 199244.602024971, "NetReturn": null, "PerformanceDate": "2005-10-31", "FundReturn": 266324.69796031475}, {"BenchMarkReturn": 203360.69536392632, "NetReturn": null, "PerformanceDate": "2005-11-30", "FundReturn": 271518.0295705409}, {"BenchMarkReturn": 215224.69996693823, "NetReturn": null, "PerformanceDate": "2005-12-31", "FundReturn": 286750.19102944824}, {"BenchMarkReturn": 228774.26536489982, "NetReturn": null, "PerformanceDate": "2006-01-31", "FundReturn": 304815.45306430344}, {"BenchMarkReturn": 224553.28683244876, "NetReturn": null, "PerformanceDate": "2006-02-28", "FundReturn": 304784.971518997}, {"BenchMarkReturn": 235034.4297558927, "NetReturn": null, "PerformanceDate": "2006-03-31", "FundReturn": 316549.67141963023}, {"BenchMarkReturn": 242131.94670137178, "NetReturn": null, "PerformanceDate": "2006-04-30", "FundReturn": 320569.8522466595}, {"BenchMarkReturn": 239834.8449826001, "NetReturn": null, "PerformanceDate": "2006-05-31", "FundReturn": 310183.38903386774}, {"BenchMarkReturn": 244119.9483099436, "NetReturn": null, "PerformanceDate": "2006-06-30", "FundReturn": 307329.70185475616}, {"BenchMarkReturn": 241729.84678283925, "NetReturn": null, "PerformanceDate": "2006-07-31", "FundReturn": 307483.3667056835}, {"BenchMarkReturn": 251306.80951415194, "NetReturn": null, "PerformanceDate": "2006-08-31", "FundReturn": 317199.84109358315}, {"BenchMarkReturn": 257860.78812979755, "NetReturn": null, "PerformanceDate": "2006-09-30", "FundReturn": 322877.7182491583}, {"BenchMarkReturn": 266574.74574276264, "NetReturn": null, "PerformanceDate": "2006-10-31", "FundReturn": 341992.0791695084}, {"BenchMarkReturn": 271907.77014168433, "NetReturn": null, "PerformanceDate": "2006-11-30", "FundReturn": 355056.17659378366}, {"BenchMarkReturn": 279778.52488490223, "NetReturn": null, "PerformanceDate": "2006-12-31", "FundReturn": 370323.59218731633}, {"BenchMarkReturn": 285870.34621672134, "NetReturn": null, "PerformanceDate": "2007-01-31", "FundReturn": 389098.9983112133}, {"BenchMarkReturn": 289501.30320828717, "NetReturn": null, "PerformanceDate": "2007-02-28", "FundReturn": 391159.7833359689}, {"BenchMarkReturn": 300739.0681809565, "NetReturn": null, "PerformanceDate": "2007-03-31", "FundReturn": 404576.56390439265}, {"BenchMarkReturn": 308939.512359604, "NetReturn": null, "PerformanceDate": "2007-04-30", "FundReturn": 419910.01567636913}, {"BenchMarkReturn": 311196.43488490285, "NetReturn": null, "PerformanceDate": "2007-05-31", "FundReturn": 420119.9706842073}, {"BenchMarkReturn": 307637.76831826597, "NetReturn": null, "PerformanceDate": "2007-06-30", "FundReturn": 414742.4350594494}, {"BenchMarkReturn": 309928.01084755507, "NetReturn": null, "PerformanceDate": "2007-07-31", "FundReturn": 414700.9608159435}, {"BenchMarkReturn": 312306.4058943791, "NetReturn": null, "PerformanceDate": "2007-08-31", "FundReturn": 418930.91061626613}, {"BenchMarkReturn": 321996.02923412604, "NetReturn": null, "PerformanceDate": "2007-09-30", "FundReturn": 426471.6670073589}, {"BenchMarkReturn": 333365.309812486, "NetReturn": null, "PerformanceDate": "2007-10-31", "FundReturn": 448434.95785823796}, {"BenchMarkReturn": 326489.6637238913, "NetReturn": null, "PerformanceDate": "2007-11-30", "FundReturn": 431349.5859638391}, {"BenchMarkReturn": 318956.78697704483, "NetReturn": null, "PerformanceDate": "2007-12-31", "FundReturn": 422895.1340789479}, {"BenchMarkReturn": 308433.711541397, "NetReturn": null, "PerformanceDate": "2008-01-31", "FundReturn": 398620.9533828163}, {"BenchMarkReturn": 331753.24811272824, "NetReturn": null, "PerformanceDate": "2008-02-29", "FundReturn": 424172.5564946548}, {"BenchMarkReturn": 326755.25538661773, "NetReturn": null, "PerformanceDate": "2008-03-31", "FundReturn": 414204.5014170304}, {"BenchMarkReturn": 332995.3378645064, "NetReturn": null, "PerformanceDate": "2008-04-30", "FundReturn": 418553.6486819092}, {"BenchMarkReturn": 339148.2910369763, "NetReturn": null, "PerformanceDate": "2008-05-31", "FundReturn": 421525.3795875508}, {"BenchMarkReturn": 325913.3474395036, "NetReturn": null, "PerformanceDate": "2008-06-30", "FundReturn": 400575.56822204957}, {"BenchMarkReturn": 316174.250634303, "NetReturn": null, "PerformanceDate": "2008-07-31", "FundReturn": 399534.0717446722}, {"BenchMarkReturn": 319872.8415256848, "NetReturn": null, "PerformanceDate": "2008-08-31", "FundReturn": 416753.9902368675}, {"BenchMarkReturn": 297896.88286893134, "NetReturn": null, "PerformanceDate": "2008-09-30", "FundReturn": 394999.431946503}, {"BenchMarkReturn": 277344.0638658578, "NetReturn": null, "PerformanceDate": "2008-10-31", "FundReturn": 365137.47489134734}, {"BenchMarkReturn": 282258.4922360318, "NetReturn": null, "PerformanceDate": "2008-11-30", "FundReturn": 369993.8033074023}, {"BenchMarkReturn": 289580.0977259749, "NetReturn": null, "PerformanceDate": "2008-12-31", "FundReturn": 376764.68990792776}, {"BenchMarkReturn": 280393.92464009335, "NetReturn": null, "PerformanceDate": "2009-01-31", "FundReturn": 365951.5433075703}, {"BenchMarkReturn": 259053.67550379873, "NetReturn": null, "PerformanceDate": "2009-02-28", "FundReturn": 339054.10487446387}, {"BenchMarkReturn": 276543.1833956293, "NetReturn": null, "PerformanceDate": "2009-03-31", "FundReturn": 365025.6493078478}, {"BenchMarkReturn": 279014.2723441907, "NetReturn": null, "PerformanceDate": "2009-04-30", "FundReturn": 375392.37774819066}, {"BenchMarkReturn": 297330.57719334814, "NetReturn": null, "PerformanceDate": "2009-05-31", "FundReturn": 399253.0680626211}, {"BenchMarkReturn": 291188.61946026515, "NetReturn": null, "PerformanceDate": "2009-06-30", "FundReturn": 397137.02680188924}, {"BenchMarkReturn": 311953.53499520733, "NetReturn": null, "PerformanceDate": "2009-07-31", "FundReturn": 427994.57378439605}, {"BenchMarkReturn": 320738.1933337026, "NetReturn": null, "PerformanceDate": "2009-08-31", "FundReturn": 444129.9692160678}, {"BenchMarkReturn": 321039.84503862745, "NetReturn": null, "PerformanceDate": "2009-09-30", "FundReturn": 444085.5562191462}, {"BenchMarkReturn": 334078.66453233454, "NetReturn": null, "PerformanceDate": "2009-10-31", "FundReturn": 461094.03302233946}, {"BenchMarkReturn": 337741.2741663818, "NetReturn": null, "PerformanceDate": "2009-11-30", "FundReturn": 458235.25001760095}, {"BenchMarkReturn": 344900.4789659752, "NetReturn": null, "PerformanceDate": "2009-12-31", "FundReturn": 471432.4252181078}, {"BenchMarkReturn": 338159.8112606576, "NetReturn": null, "PerformanceDate": "2010-01-31", "FundReturn": 469310.97930462635}, {"BenchMarkReturn": 341225.2613985979, "NetReturn": null, "PerformanceDate": "2010-02-28", "FundReturn": 474520.33117490774}, {"BenchMarkReturn": 358720.09722854506, "NetReturn": null, "PerformanceDate": "2010-03-31", "FundReturn": 494545.08915048884}, {"BenchMarkReturn": 361077.4299346834, "NetReturn": null, "PerformanceDate": "2010-04-30", "FundReturn": 497611.26870322187}, {"BenchMarkReturn": 348857.096870857, "NetReturn": null, "PerformanceDate": "2010-05-31", "FundReturn": 481289.61908975616}, {"BenchMarkReturn": 341732.27849147795, "NetReturn": null, "PerformanceDate": "2010-06-30", "FundReturn": 475032.8540415893}, {"BenchMarkReturn": 362131.3877993425, "NetReturn": null, "PerformanceDate": "2010-07-31", "FundReturn": 502062.2234365557}, {"BenchMarkReturn": 356679.56892311847, "NetReturn": null, "PerformanceDate": "2010-08-31", "FundReturn": 495535.41453188047}, {"BenchMarkReturn": 376922.9902633026, "NetReturn": null, "PerformanceDate": "2010-09-30", "FundReturn": 523225.4379605074}, {"BenchMarkReturn": 387060.62959405844, "NetReturn": null, "PerformanceDate": "2010-10-31", "FundReturn": 537300.202241645}, {"BenchMarkReturn": 383877.5885110736, "NetReturn": null, "PerformanceDate": "2010-11-30", "FundReturn": 534559.9712102126}, {"BenchMarkReturn": 399626.6030485586, "NetReturn": null, "PerformanceDate": "2010-12-31", "FundReturn": 550543.3143493979}, {"BenchMarkReturn": 395773.50404786837, "NetReturn": null, "PerformanceDate": "2011-01-31", "FundReturn": 551093.8576637473}, {"BenchMarkReturn": 402667.12691449805, "NetReturn": null, "PerformanceDate": "2011-02-28", "FundReturn": 556990.5619407493}, {"BenchMarkReturn": 403494.41739875637, "NetReturn": null, "PerformanceDate": "2011-03-31", "FundReturn": 559162.8251323182}, {"BenchMarkReturn": 411642.31412943604, "NetReturn": null, "PerformanceDate": "2011-04-30", "FundReturn": 570290.1653524514}, {"BenchMarkReturn": 412175.58275155205, "NetReturn": null, "PerformanceDate": "2011-05-31", "FundReturn": 574795.4576587358}, {"BenchMarkReturn": 406651.23504566686, "NetReturn": null, "PerformanceDate": "2011-06-30", "FundReturn": 569162.4621736802}, {"BenchMarkReturn": 402612.7242926042, "NetReturn": null, "PerformanceDate": "2011-07-31", "FundReturn": 562958.5913359871}, {"BenchMarkReturn": 405627.46461795643, "NetReturn": null, "PerformanceDate": "2011-08-31", "FundReturn": 560425.2776749752}, {"BenchMarkReturn": 398703.89987931715, "NetReturn": null, "PerformanceDate": "2011-09-30", "FundReturn": 559696.7248139977}, {"BenchMarkReturn": 426079.95743887994, "NetReturn": null, "PerformanceDate": "2011-10-31", "FundReturn": 594174.04306254}, {"BenchMarkReturn": 430775.29252746305, "NetReturn": null, "PerformanceDate": "2011-11-30", "FundReturn": 596253.6522132589}, {"BenchMarkReturn": 424924.3228710581, "NetReturn": null, "PerformanceDate": "2011-12-31", "FundReturn": 597386.5341524641}, {"BenchMarkReturn": 441899.6297445258, "NetReturn": null, "PerformanceDate": "2012-01-31", "FundReturn": 619137.3778609554}, {"BenchMarkReturn": 446495.4243391367, "NetReturn": null, "PerformanceDate": "2012-02-29", "FundReturn": 625916.932148533}, {"BenchMarkReturn": 444253.5641160985, "NetReturn": null, "PerformanceDate": "2012-03-31", "FundReturn": 634335.5148859307}, {"BenchMarkReturn": 454488.8765800096, "NetReturn": null, "PerformanceDate": "2012-04-30", "FundReturn": 646850.9545946302}, {"BenchMarkReturn": 446165.38956427824, "NetReturn": null, "PerformanceDate": "2012-05-31", "FundReturn": 633215.3364717753}, {"BenchMarkReturn": 454088.9852751365, "NetReturn": null, "PerformanceDate": "2012-06-30", "FundReturn": 635393.5972292383}, {"BenchMarkReturn": 467042.080644687, "NetReturn": null, "PerformanceDate": "2012-07-31", "FundReturn": 647847.3117349313}, {"BenchMarkReturn": 476829.18797126797, "NetReturn": null, "PerformanceDate": "2012-08-31", "FundReturn": 668733.9090652656}, {"BenchMarkReturn": 483284.4500204707, "NetReturn": null, "PerformanceDate": "2012-09-30", "FundReturn": 682041.7138556644}, {"BenchMarkReturn": 497278.4925493974, "NetReturn": null, "PerformanceDate": "2012-10-31", "FundReturn": 708552.675273234}, {"BenchMarkReturn": 508380.7177529789, "NetReturn": null, "PerformanceDate": "2012-11-30", "FundReturn": 720059.5707196713}, {"BenchMarkReturn": 518704.9570898481, "NetReturn": null, "PerformanceDate": "2012-12-31", "FundReturn": 731645.3292125508}, {"BenchMarkReturn": 534324.2915311051, "NetReturn": null, "PerformanceDate": "2013-01-31", "FundReturn": 769492.0836627499}, {"BenchMarkReturn": 529422.5511600489, "NetReturn": null, "PerformanceDate": "2013-02-28", "FundReturn": 768791.8458666168}, {"BenchMarkReturn": 536038.8824317594, "NetReturn": null, "PerformanceDate": "2013-03-31", "FundReturn": 787673.3736011009}, {"BenchMarkReturn": 532493.8284136354, "NetReturn": null, "PerformanceDate": "2013-04-30", "FundReturn": 785412.7510188657}, {"BenchMarkReturn": 561179.767234526, "NetReturn": null, "PerformanceDate": "2013-05-31", "FundReturn": 847562.4620069885}, {"BenchMarkReturn": 537791.0156633644, "NetReturn": null, "PerformanceDate": "2013-06-30", "FundReturn": 806303.1213564882}, {"BenchMarkReturn": 553395.2898027627, "NetReturn": null, "PerformanceDate": "2013-07-31", "FundReturn": 840022.7178916165}, {"BenchMarkReturn": 562300.2971472235, "NetReturn": null, "PerformanceDate": "2013-08-31", "FundReturn": 853135.4725179046}, {"BenchMarkReturn": 586020.0563070147, "NetReturn": null, "PerformanceDate": "2013-09-30", "FundReturn": 889564.3571944191}, {"BenchMarkReturn": 601673.8140887467, "NetReturn": null, "PerformanceDate": "2013-10-31", "FundReturn": 907782.6352297609}, {"BenchMarkReturn": 596797.1449393352, "NetReturn": null, "PerformanceDate": "2013-11-30", "FundReturn": 906466.3504086778}, {"BenchMarkReturn": 611352.4299104634, "NetReturn": null, "PerformanceDate": "2013-12-31", "FundReturn": 932753.8745705294}, {"BenchMarkReturn": 601153.0753138732, "NetReturn": null, "PerformanceDate": "2014-01-31", "FundReturn": 926765.5946957867}, {"BenchMarkReturn": 623051.185810758, "NetReturn": null, "PerformanceDate": "2014-02-28", "FundReturn": 948053.4004059489}, {"BenchMarkReturn": 631869.7158465139, "NetReturn": null, "PerformanceDate": "2014-03-31", "FundReturn": 956121.3348434035}, {"BenchMarkReturn": 643344.3700508714, "NetReturn": null, "PerformanceDate": "2014-04-30", "FundReturn": 966304.0270594858}, {"BenchMarkReturn": 653091.4110402211, "NetReturn": null, "PerformanceDate": "2014-05-31", "FundReturn": 992935.3660452452}, {"BenchMarkReturn": 667132.0619725962, "NetReturn": null, "PerformanceDate": "2014-06-30", "FundReturn": 1008643.6035360809}, {"BenchMarkReturn": 672161.4705179983, "NetReturn": null, "PerformanceDate": "2014-07-31", "FundReturn": 1019990.8440758619}, {"BenchMarkReturn": 675604.0274929557, "NetReturn": null, "PerformanceDate": "2014-08-31", "FundReturn": 1018634.2562532409}, {"BenchMarkReturn": 664706.2933388565, "NetReturn": null, "PerformanceDate": "2014-09-30", "FundReturn": 1003466.7921776301}, {"BenchMarkReturn": 677403.2704196613, "NetReturn": null, "PerformanceDate": "2014-10-31", "FundReturn": 1003587.2081926913}, {"BenchMarkReturn": 685173.0864176241, "NetReturn": null, "PerformanceDate": "2014-11-30", "FundReturn": 1012258.2016714761}, {"BenchMarkReturn": 686987.2309987029, "NetReturn": null, "PerformanceDate": "2014-12-31", "FundReturn": 1015884.0396917892}, {"BenchMarkReturn": 712115.6346624044, "NetReturn": null, "PerformanceDate": "2015-01-31", "FundReturn": 1030512.7698633509}, {"BenchMarkReturn": 723263.9366381755, "NetReturn": null, "PerformanceDate": "2015-02-28", "FundReturn": 1059109.4992270588}, {"BenchMarkReturn": 727387.2299790512, "NetReturn": null, "PerformanceDate": "2015-03-31", "FundReturn": 1047395.7481656076}, {"BenchMarkReturn": 742404.8083836331, "NetReturn": null, "PerformanceDate": "2015-04-30", "FundReturn": 1083625.1670946558}, {"BenchMarkReturn": 726300.7903914303, "NetReturn": null, "PerformanceDate": "2015-05-31", "FundReturn": 1069386.332399032}, {"BenchMarkReturn": 726302.7847026398, "NetReturn": null, "PerformanceDate": "2015-06-30", "FundReturn": 1053698.4349027383}, {"BenchMarkReturn": 734465.1283373217, "NetReturn": null, "PerformanceDate": "2015-07-31", "FundReturn": 1053424.4733096636}, {"BenchMarkReturn": 722576.71712757, "NetReturn": null, "PerformanceDate": "2015-08-31", "FundReturn": 1038255.1608940045}, {"BenchMarkReturn": 721214.3688220023, "NetReturn": null, "PerformanceDate": "2015-09-30", "FundReturn": 1026419.0520598129}, {"BenchMarkReturn": 760325.7321006495, "NetReturn": null, "PerformanceDate": "2015-10-31", "FundReturn": 1081386.8715547721}, {"BenchMarkReturn": 748785.3103154803, "NetReturn": null, "PerformanceDate": "2015-11-30", "FundReturn": 1070036.8512283077}, {"BenchMarkReturn": 740015.9542975092, "NetReturn": null, "PerformanceDate": "2015-12-31", "FundReturn": 1076339.903300468}, {"BenchMarkReturn": 733566.1912211662, "NetReturn": null, "PerformanceDate": "2016-01-31", "FundReturn": 1042606.98019507}, {"BenchMarkReturn": 736021.1699149256, "NetReturn": null, "PerformanceDate": "2016-02-29", "FundReturn": 1054388.4390712744}, {"BenchMarkReturn": 763487.8713051577, "NetReturn": null, "PerformanceDate": "2016-03-31", "FundReturn": 1108773.373003195}, {"BenchMarkReturn": 772385.007970277, "NetReturn": null, "PerformanceDate": "2016-04-30", "FundReturn": 1123228.8949763868}, {"BenchMarkReturn": 790387.9371747825, "NetReturn": null, "PerformanceDate": "2016-05-31", "FundReturn": 1161222.6739634105}, {"BenchMarkReturn": 776644.099936125, "NetReturn": null, "PerformanceDate": "2016-06-30", "FundReturn": 1113359.3977879868}, {"BenchMarkReturn": 782611.6335983849, "NetReturn": null, "PerformanceDate": "2016-07-31", "FundReturn": 1130147.298803473}, {"BenchMarkReturn": 788255.1382708015, "NetReturn": null, "PerformanceDate": "2016-08-31", "FundReturn": 1169068.7806711553}, {"BenchMarkReturn": 781041.76059299, "NetReturn": null, "PerformanceDate": "2016-09-30", "FundReturn": 1150772.0359055053}, {"BenchMarkReturn": 767255.0443473544, "NetReturn": null, "PerformanceDate": "2016-10-31", "FundReturn": 1120957.373690451}, {"BenchMarkReturn": 770934.1180685534, "NetReturn": null, "PerformanceDate": "2016-11-30", "FundReturn": 1123731.2948073854}, {"BenchMarkReturn": 776265.3920689055, "NetReturn": null, "PerformanceDate": "2016-12-31", "FundReturn": 1130646.1753299825}, {"BenchMarkReturn": 796891.8335463888, "NetReturn": null, "PerformanceDate": "2017-01-31", "FundReturn": 1159477.6528008971}, {"BenchMarkReturn": 784474.1136991528, "NetReturn": null, "PerformanceDate": "2017-02-28", "FundReturn": 1156749.517831622}, {"BenchMarkReturn": 799801.7043294637, "NetReturn": null, "PerformanceDate": "2017-03-31", "FundReturn": 1180112.3878432673}, {"BenchMarkReturn": 818147.811321263, "NetReturn": null, "PerformanceDate": "2017-04-30", "FundReturn": 1204965.5547312465}, {"BenchMarkReturn": 816068.6815600131, "NetReturn": null, "PerformanceDate": "2017-05-31", "FundReturn": 1205013.271367214}, {"BenchMarkReturn": 800734.7925571817, "NetReturn": null, "PerformanceDate": "2017-06-30", "FundReturn": 1182754.507221173}, {"BenchMarkReturn": 835813.4385452858, "NetReturn": null, "PerformanceDate": "2017-07-31", "FundReturn": 1235549.4749863567}, {"BenchMarkReturn": 848846.9223235392, "NetReturn": null, "PerformanceDate": "2017-08-31", "FundReturn": 1242502.7767667375}, {"BenchMarkReturn": 856411.0470699164, "NetReturn": null, "PerformanceDate": "2017-09-30", "FundReturn": 1251651.0762115153}], "InitialInvestedAmount": 100000}, "PerformanceReturn": {"FiveYearFundReturn": "13.2%", "ThreeYearBenchmarkReturn": "7.9%", "InceptionBenchmarkReturn": "14.1%", "TenYearBenchmarkReturn": "10.5%", "InceptionFundReturn": "16.9%", "TenYearOutperformance": "1.0%", "FiveYearBenchmarkReturn": "12.2%", "FiveYearOutPerformance": "1.0%", "ThreeYearFundReturn": "6.8%", "ThreeYearOutPerformance": "(1.1)%", "InceptionOutperformance": "2.7%", "TenYearFundReturn": "11.5%"}}, "FundQuartileRanking": "-", "Description": "Invests across various domestic and international asset classes, with a bias towards the equity market over the investment cycle.", "HighestReturn": "50.00%", "InitialFee": "Coronation: 0.00%", "FundNav": "7562.49  cents", "DisplayName": "Market Plus", "CompareFundsSortinoRatio": "1.54", "DisplayDisclaimer": "-", "InvestorProfile": "The fund is suitable for investors: \r\nBuilding up long-term capital outside of a retirement fund.\r\nRequiring a somewhat aggressive capital growth portfolio.\r\nLooking to preserve the purchasing power of their capital over the long term. With a time horizon of five years or longer. \r\n\r\nThe fund is not suitable to highly risk-averse investors", "Regulation28PropertyExposure": 25, "ShowExploreLink": false, "FundProspectus": {"Title": null, "Id": 0, "URL": null, "LastUpdated": "/Date(1507759200000)/", "Size": null}, "HistoricalReportsJson": "[{\"URL\":\"/assets/factsheet/2009/June/CORONATION MARKET PLUS FUND.pdf\",\"LastUpdated\":\"01-06-2009\"},{\"URL\":\"/assets/factsheet/2009/September/CORONATION MARKET PLUS FUND.pdf\",\"LastUpdated\":\"01-09-2009\"},{\"URL\":\"/assets/factsheet/2009/December/CORONATION MARKET PLUS FUND.pdf\",\"LastUpdated\":\"01-12-2009\"},{\"URL\":\"/assets/factsheet/2008/March/Market Plus.pdf\",\"LastUpdated\":\"01-03-2008\"},{\"URL\":\"/assets/factsheet/2008/June/Market Plus.pdf\",\"LastUpdated\":\"01-06-2008\"},{\"URL\":\"/assets/factsheet/2008/September/Market Plus.pdf\",\"LastUpdated\":\"01-09-2008\"},{\"URL\":\"/assets/factsheet/2008/December/Market Plus.pdf\",\"LastUpdated\":\"01-12-2008\"},{\"URL\":\"/assets/factsheet/2007/March/Market Plus.pdf\",\"LastUpdated\":\"01-03-2007\"},{\"URL\":\"/assets/factsheet/2007/June/Market Plus.pdf\",\"LastUpdated\":\"01-06-2007\"},{\"URL\":\"/assets/factsheet/2007/September/Market Plus.pdf\",\"LastUpdated\":\"01-09-2007\"},{\"URL\":\"/assets/factsheet/2007/December/Market Plus.pdf\",\"LastUpdated\":\"01-12-2007\"},{\"URL\":\"/assets/factsheet/2006/March/Market Plus.pdf\",\"LastUpdated\":\"01-03-2006\"},{\"URL\":\"/assets/factsheet/2006/June/Market Plus.pdf\",\"LastUpdated\":\"01-06-2006\"},{\"URL\":\"/assets/factsheet/2006/September/Market Plus.pdf\",\"LastUpdated\":\"01-09-2006\"},{\"URL\":\"/assets/factsheet/2006/December/Market Plus.pdf\",\"LastUpdated\":\"01-12-2006\"},{\"URL\":\"/assets/factsheet/2005/March/Market Plus.pdf\",\"LastUpdated\":\"01-03-2005\"},{\"URL\":\"/assets/factsheet/2005/June/Market Plus.pdf\",\"LastUpdated\":\"01-06-2005\"},{\"URL\":\"/assets/factsheet/2005/September/Market Plus.pdf\",\"LastUpdated\":\"01-09-2005\"},{\"URL\":\"/assets/factsheet/2005/December/Market Plus.pdf\",\"LastUpdated\":\"01-12-2005\"},{\"URL\":\"/assets/factsheet/2014/March/CORONATION MARKET PLUS FUND.pdf\",\"LastUpdated\":\"01-03-2014\"},{\"URL\":\"/assets/factsheet/2013/March/CORONATION MARKET PLUS FUND.pdf\",\"LastUpdated\":\"01-03-2013\"},{\"URL\":\"/assets/factsheet/2013/June/CORONATION MARKET PLUS FUND.pdf\",\"LastUpdated\":\"01-06-2013\"},{\"URL\":\"/assets/factsheet/2013/september/CORONATION MARKET PLUS FUND.pdf\",\"LastUpdated\":\"01-09-2013\"},{\"URL\":\"/assets/factsheet/2013/December/CORONATION MARKET PLUS FUND.pdf\",\"LastUpdated\":\"01-12-2013\"},{\"URL\":\"/assets/factsheet/2012/March/CORONATION MARKET PLUS FUND.pdf\",\"LastUpdated\":\"01-03-2012\"},{\"URL\":\"/assets/factsheet/2012/June/CORONATION MARKET PLUS FUND.pdf\",\"LastUpdated\":\"01-06-2012\"},{\"URL\":\"/assets/factsheet/2012/September/CORONATION MARKET PLUS FUND.pdf\",\"LastUpdated\":\"01-09-2012\"},{\"URL\":\"/assets/factsheet/2012/December/CORONATION MARKET PLUS FUND.pdf\",\"LastUpdated\":\"01-12-2012\"},{\"URL\":\"/assets/factsheet/2011/March/CORONATION MARKET PLUS FUND.pdf\",\"LastUpdated\":\"01-03-2011\"},{\"URL\":\"/assets/factsheet/2011/June/CORONATION MARKET PLUS FUND.pdf\",\"LastUpdated\":\"01-06-2011\"},{\"URL\":\"/assets/factsheet/2011/September/CORONATION MARKET PLUS FUND.pdf\",\"LastUpdated\":\"01-09-2011\"},{\"URL\":\"/assets/factsheet/2011/December/CORONATION MARKET PLUS FUND.pdf\",\"LastUpdated\":\"01-12-2011\"},{\"URL\":\"/assets/factsheet/2010/March/CORONATION MARKET PLUS FUND.pdf\",\"LastUpdated\":\"01-03-2010\"},{\"URL\":\"/assets/factsheet/2010/June/CORONATION MARKET PLUS FUND.pdf\",\"LastUpdated\":\"01-06-2010\"},{\"URL\":\"/assets/factsheet/2010/September/CORONATION MARKET PLUS FUND.pdf\",\"LastUpdated\":\"01-09-2010\"},{\"URL\":\"/assets/factsheet/2010/December/CORONATION MARKET PLUS FUND.pdf\",\"LastUpdated\":\"01-12-2010\"},{\"URL\":\"/assets/factsheet/2009/March/CORONATION MARKET PLUS FUND.pdf\",\"LastUpdated\":\"01-03-2009\"},{\"URL\":\"/Assets/za/personal/HistoricalReports/2014/June/CORONATION MARKET PLUS FUND.pdf\",\"LastUpdated\":\"30-06-2014\"},{\"URL\":\"/Assets/za/Personal/HistoricalReports/2014/September/CORONATION-MARKET-PLUS-FUND.pdf\",\"LastUpdated\":\"30-09-2014\"},{\"URL\":\"/Assets/za/Personal/HistoricalReports/2014/December/2014-December-Market-Plus-Fund.pdf\",\"LastUpdated\":\"31-12-2014\"},{\"URL\":\"/Assets/za/Personal/HistoricalReports/2015/March/2015-March-Market-Plus-Fund-Comprehensive.pdf\",\"LastUpdated\":\"31-03-2015\"},{\"URL\":\"/Assets/za/Personal/HistoricalReports/2015/June/2015-June-Market-Plus-Fund-Comprehensive.pdf\",\"LastUpdated\":\"30-06-2015\"},{\"URL\":\"/Assets/za/Personal/HistoricalReports/2015/September/2015-September-Market-Plus-Fund-Comprehensive.pdf\",\"LastUpdated\":\"30-09-2015\"},{\"URL\":\"/Assets/za/Personal/HistoricalReports/2015/December/2015-December-Market-Plus-Fund-Comprehensive.pdf\",\"LastUpdated\":\"31-12-2015\"},{\"URL\":\"/Assets/za/Personal/HistoricalReports/2016/March/2016-March-Market-Plus-Fund-Comprehensive.pdf\",\"LastUpdated\":\"31-03-2016\"},{\"URL\":\"/Assets/za/Personal/HistoricalReports/2016/June/2016-June-Market-Plus-Fund-Comprehensive.pdf\",\"LastUpdated\":\"30-06-2016\"},{\"URL\":\"/Assets/za/Personal/HistoricalReports/2016/July/2016-July-Market-Plus-Fund-Comprehensive.pdf\",\"LastUpdated\":\"31-07-2016\"},{\"URL\":\"/Assets/za/Personal/HistoricalReports/2016/August/2016-August-Market-Plus-Fund-Comprehensive.pdf\",\"LastUpdated\":\"31-08-2016\"},{\"URL\":\"/Assets/za/Personal/HistoricalReports/2016/September/2016-September-Market-Plus-Fund-Comprehensive.pdf\",\"LastUpdated\":\"30-09-2016\"},{\"URL\":\"/Assets/za/Personal/HistoricalReports/2016/October/2016-October-Market-Plus-Fund-Comprehensive.pdf\",\"LastUpdated\":\"31-10-2016\"},{\"URL\":\"/Assets/za/Personal/HistoricalReports/2016/November/2016-November-Market-Plus-Fund-Comprehensive.pdf\",\"LastUpdated\":\"30-11-2016\"},{\"URL\":\"/Assets/za/Personal/HistoricalReports/2016/December/2016-December-Market-Plus-Fund-Comprehensive.pdf\",\"LastUpdated\":\"31-12-2016\"},{\"URL\":\"/Assets/za/Personal/HistoricalReports/2017/January/2017-January-Market-Plus-Fund-Comprehensive.pdf\",\"LastUpdated\":\"31-01-2017\"},{\"URL\":\"/Assets/za/Personal/HistoricalReports/2017/February/2017-February-Market-Plus-Fund-Comprehensive.pdf\",\"LastUpdated\":\"28-02-2017\"},{\"URL\":\"/Assets/za/Personal/HistoricalReports/2017/March/2017-March-Market-Plus-Fund-Comprehensive.pdf\",\"LastUpdated\":\"31-03-2017\"},{\"URL\":\"/Assets/za/Personal/HistoricalReports/2017/March/2017-March-Market-Plus-Fund-Comprehensive.pdf\",\"LastUpdated\":\"31-03-2017\"},{\"URL\":\"/Assets/za/Personal/HistoricalReports/2017/April/2017-April-Market-Plus-Fund-Comprehensive.pdf\",\"LastUpdated\":\"30-04-2017\"},{\"URL\":\"/Assets/za/Personal/HistoricalReports/2017/May/2017-May-Market-Plus-Fund-Comprehensive.pdf\",\"LastUpdated\":\"31-05-2017\"},{\"URL\":\"/Assets/za/Personal/HistoricalReports/2017/June/2017-June-Market-Plus-Fund-Comprehensive.pdf\",\"LastUpdated\":\"30-06-2017\"},{\"URL\":\"/Assets/za/Personal/HistoricalReports/2017/July/2017-July-Market-Plus-Fund-Comprehensive.pdf\",\"LastUpdated\":\"31-07-2017\"}]", "AlternativeDescription": "Best investment views across all asset classes for discretionary savers.", "PortfolioManagers": "Neville Chester, Pallavi Ambekar and Nicholas Stein", "BenchmarkReturnPercent": null, "RiskRating": 7, "Name": "Coronation Market Plus Fund", "IsReg28Compliant": "No", "GrowthPercentage": null, "TERExplanation": "1.61% per annum", "OutperformancePercent": null, "LaunchDate": "02 July 2001", "SuitableFor": null, "TERPerformance": 0, "NotSuitableFor": null, "TERDate": "/Date(1498773600000)/", "MonthlyFactSheet": {"Title": "MONTHLY FACTSHEET", "Id": 227462, "URL": "/Assets/za/Personal/Funds/FactsheetMonthly/2017/August/2017-August-Market-Plus-Fund.pdf", "LastUpdated": "/Date(1504130400000)/", "Size": null}, "MDD": {"Title": "Comprehensive Fact Sheet", "Id": 55024, "URL": "/Assets/za/Personal/Funds/FactsheetComprehensive/2017/August/2017-August-Market-Plus-Fund-Comprehensive.pdf", "LastUpdated": "/Date(1504130400000)/", "Size": "0.51"}, "Regulation28InternationalExposure": 35, "LowestReturn": "(20.10)%", "FeeExplanation": "<p>An annual fee of a minimum of 0.75% and a maximum of 2.40% is payable, depending on the fund\u2019s performance. If the fund\u2019s return (after fees and costs) is equal to that of its benchmark plus 2%, an annual fee of 1.25% will be charged. We share in 20% of performance above the benchmark plus 2%, up to a maximum annual total fee of 2.40%. Performance is measured over a rolling 24-month period. \r\nWhen the fund underperforms the benchmark over any 60-month period, the fee is reduced to 0.75%. \r\nAll fees exclude VAT. Other costs that are incurred in the fund include fees payable to unconnected international fund managers on a portion of assets situated offshore as well as trading, custody and audit charges. All performance information is disclosed after deducting all fees and other portfolio costs.</p>\r\n", "FundReturnPercent": null, "HighestReturnDate": "Aug 2004 - Jul 2005", "LowestReturnDate": "Mar 2008 - Feb 2009", "TimeHorizon": "5 years +", "HistoricalReports": null, "CompareFundsStandardDeviation": "8.22%", "TERTotal": 1.63, "DisplayCurrency": null, "QuartelyCommentaty": {"Title": "Latest Commentary", "Id": 76, "URL": "/Assets/za/Personal/QuarterlyCommentary/2017/June/2017-June-Market-Plus-Fund-Commentary.pdf", "LastUpdated": "/Date(1498773600000)/", "Size": "0.13"}, "Regulation28EquityExposure": 95, "FundPricingClass": "A", "DisplayDescription": "Best investment views across all asset classes for discretionary savers.", "SharingRate": "Sharing Rate: 20.00%", "FundCategoryDescription": "Worldwide - Multi Asset - Flexible", "FundDisplayObjective": "The fund aims to maximise long-term investment growth, at lower levels of risk than a fund that is only invested in shares. ", "GraphDisclaimer": null, "HideHoldingsTab": false, "StaticFactSheet": {"Title": "Static Fact Sheet", "Id": 75, "URL": "/Assets/za/Personal/StaticFactSheet/2017/August/2017-August-Market-Plus-Fund-Static.pdf", "LastUpdated": "/Date(1504130400000)/", "Size": "0.15"}, "FundCurrency": "ZAR", "Disclaimer": "-", "FundObjective": "The fund aims to maximise returns at a lower level of risk than that of a pure equity investment from a portfolio managed for investors without specific asset allocation constraints. It will invest primarily in equities through the cycle, but unlike an equity fund, does not have to remain\r\nfully invested when we believe that valuation levels are unattractive. It is managed as a suitable single investment option for long-term investors including individuals, trusts, foundations and endowments.", "GraphHeader": "R100\u00a0000 invested at launch in July 2001, would have grown to R1\u00a0251\u00a0651 as at end September 2017.", "InceptionDate": "/Date(994024800000)/", "BenchmarkDescription": "Composite (52.5% equity, 22.5% bonds, 20% international, 5% cash)", "FundDisplayHighlights": "The fund aims to maximise long-term investment growth, at lower levels of risk than a fund only invested in shares, therefore the fund was the best performer since launch in 2001.", "Capital": null, "TC": "0,15", "Brochure": {"Title": null, "Id": 0, "URL": null, "LastUpdated": "/Date(1507759200000)/", "Size": null}, "FundPurpose": "Maximising long-term returns for discretionary saver", "PageId": 0}