{"MinimumStandardFee": "-", "IncomePercentage": null, "IsFlagShip": true, "PortfolioHoldings": {"Title": "Portfolio Holdings", "Id": 12268, "URL": "/Assets/za/Personal/PortfolioHoldings/2017/June/2017-June-Strategic-Income-Fund-Portofolio-Holdings.pdf", "LastUpdated": "/Date(1498773600000)/", "Size": "0.03"}, "SearchTags": "Coronation Strategic Income Fund,Coronation Strategic Income,Strategic Income Fund,Income Fund,General Investor Report", "DisplayCapital": "R 28.61 billion", "FundSize": "R22.42 billion", "AdviceCosts": "Coronation does not provide financial advice and therefore does not charge advice fees. However, investments are often placed on your behalf by a financial adviser, in which case fees are negotiated directly between you and your adviser, within the following ranges:\r\n\r\nInitial        0.00% - 3.00%,\r\nOngoing  0.00% - 1.00% when the initial fee is less than 1.50%, \r\n                0.00% - 0.50% when the initial fee is more than 1.50%. \r\n\r\nSharing of annual management fees: \r\nA portion of Coronation\u2019s annual management fee may be paid to administration platforms as a subsidy for administrative and advice costs incurred when investing through these channels. Where commission and incentives are paid, these are included in the overall costs. ", "CompareFundAnnualManagementFee": "0.85%", "KIID": {"Title": null, "Id": 0, "URL": null, "LastUpdated": "/Date(1507759200000)/", "Size": null}, "MinimumDiscountedFee": null, "Benefits": {"Title": null, "Id": 0, "URL": null, "LastUpdated": "/Date(1507759200000)/", "Size": null}, "MaximumFee": "-", "FundCode": "UTSTRT", "NumberOfUnits": "454997667.85100", "FundProjection": "-", "FundHighlights": "Outperformed cash by, on average, 3% per annum since launch.\r\nThe fund has a flexible mandate and no prescribed maturity limits.\r\nManaged by a large, experienced and multi-skilled investment team.", "FundPerformanceChartData": {"TenYears": {"LastPerformanceDate": "2017-09-30", "FundPerformanceSeries": [{"BenchMarkReturn": 100896.3046, "NetReturn": null, "PerformanceDate": "2007-10-31", "FundReturn": 101340.00000000001}, {"BenchMarkReturn": 101793.50995510613, "NetReturn": null, "PerformanceDate": "2007-11-30", "FundReturn": 100569.816}, {"BenchMarkReturn": 102756.10613269871, "NetReturn": null, "PerformanceDate": "2007-12-31", "FundReturn": 101062.6080984}, {"BenchMarkReturn": 103755.86139170617, "NetReturn": null, "PerformanceDate": "2008-01-31", "FundReturn": 100799.84531734415}, {"BenchMarkReturn": 104714.22792939257, "NetReturn": null, "PerformanceDate": "2008-02-29", "FundReturn": 101142.56479142312}, {"BenchMarkReturn": 105754.45372921754, "NetReturn": null, "PerformanceDate": "2008-03-31", "FundReturn": 101537.02079410967}, {"BenchMarkReturn": 106775.71084655606, "NetReturn": null, "PerformanceDate": "2008-04-30", "FundReturn": 101445.63747539498}, {"BenchMarkReturn": 107858.84867584195, "NetReturn": null, "PerformanceDate": "2008-05-31", "FundReturn": 101151.44512671634}, {"BenchMarkReturn": 108948.00430972285, "NetReturn": null, "PerformanceDate": "2008-06-30", "FundReturn": 101394.20859502045}, {"BenchMarkReturn": 110113.4046606753, "NetReturn": null, "PerformanceDate": "2008-07-31", "FundReturn": 103878.36670559844}, {"BenchMarkReturn": 111303.15951694064, "NetReturn": null, "PerformanceDate": "2008-08-31", "FundReturn": 105363.82734948849}, {"BenchMarkReturn": 112460.96926360897, "NetReturn": null, "PerformanceDate": "2008-09-30", "FundReturn": 106438.53838845328}, {"BenchMarkReturn": 113663.32895980643, "NetReturn": null, "PerformanceDate": "2008-10-31", "FundReturn": 106278.88058087061}, {"BenchMarkReturn": 114841.58576046958, "NetReturn": null, "PerformanceDate": "2008-11-30", "FundReturn": 108818.94582675342}, {"BenchMarkReturn": 116065.85850492456, "NetReturn": null, "PerformanceDate": "2008-12-31", "FundReturn": 110886.50579746172}, {"BenchMarkReturn": 117278.32482690534, "NetReturn": null, "PerformanceDate": "2009-01-31", "FundReturn": 111274.60856775285}, {"BenchMarkReturn": 118339.88060823861, "NetReturn": null, "PerformanceDate": "2009-02-28", "FundReturn": 111341.37333289349}, {"BenchMarkReturn": 119455.99064816786, "NetReturn": null, "PerformanceDate": "2009-03-31", "FundReturn": 112009.42157289085}, {"BenchMarkReturn": 120464.14975445827, "NetReturn": null, "PerformanceDate": "2009-04-30", "FundReturn": 113219.12332587806}, {"BenchMarkReturn": 121426.95031609539, "NetReturn": null, "PerformanceDate": "2009-05-31", "FundReturn": 113284.11110266711}, {"BenchMarkReturn": 122288.08049813431, "NetReturn": null, "PerformanceDate": "2009-06-30", "FundReturn": 113420.05203599033}, {"BenchMarkReturn": 123134.26607825384, "NetReturn": null, "PerformanceDate": "2009-07-31", "FundReturn": 115019.27476969779}, {"BenchMarkReturn": 123961.343921121, "NetReturn": null, "PerformanceDate": "2009-08-31", "FundReturn": 116445.51377684204}, {"BenchMarkReturn": 124755.07770334872, "NetReturn": null, "PerformanceDate": "2009-09-30", "FundReturn": 117400.36698981214}, {"BenchMarkReturn": 125563.29661272059, "NetReturn": null, "PerformanceDate": "2009-10-31", "FundReturn": 118773.95128359295}, {"BenchMarkReturn": 126336.90388610146, "NetReturn": null, "PerformanceDate": "2009-11-30", "FundReturn": 119427.20801565272}, {"BenchMarkReturn": 127143.5261056478, "NetReturn": null, "PerformanceDate": "2009-12-31", "FundReturn": 120024.34405573098}, {"BenchMarkReturn": 127961.00112820274, "NetReturn": null, "PerformanceDate": "2010-01-31", "FundReturn": 121320.60697153286}, {"BenchMarkReturn": 128704.75589291526, "NetReturn": null, "PerformanceDate": "2010-02-28", "FundReturn": 122643.00158752257}, {"BenchMarkReturn": 129531.73144158216, "NetReturn": null, "PerformanceDate": "2010-03-31", "FundReturn": 124286.41780879538}, {"BenchMarkReturn": 130321.35687645005, "NetReturn": null, "PerformanceDate": "2010-04-30", "FundReturn": 125280.70915126574}, {"BenchMarkReturn": 131119.6015122324, "NetReturn": null, "PerformanceDate": "2010-05-31", "FundReturn": 125518.74249865314}, {"BenchMarkReturn": 131876.321841111, "NetReturn": null, "PerformanceDate": "2010-06-30", "FundReturn": 126648.41118114101}, {"BenchMarkReturn": 132655.42525907885, "NetReturn": null, "PerformanceDate": "2010-07-31", "FundReturn": 128598.7967133306}, {"BenchMarkReturn": 133437.17495584177, "NetReturn": null, "PerformanceDate": "2010-08-31", "FundReturn": 130399.17986731723}, {"BenchMarkReturn": 134187.92185832182, "NetReturn": null, "PerformanceDate": "2010-09-30", "FundReturn": 131543.96730729038}, {"BenchMarkReturn": 134945.5068771332, "NetReturn": null, "PerformanceDate": "2010-10-31", "FundReturn": 132635.7822359409}, {"BenchMarkReturn": 135656.87522038264, "NetReturn": null, "PerformanceDate": "2010-11-30", "FundReturn": 133206.11609955542}, {"BenchMarkReturn": 136366.40856466218, "NetReturn": null, "PerformanceDate": "2010-12-31", "FundReturn": 133499.16955497445}, {"BenchMarkReturn": 137059.72129542255, "NetReturn": null, "PerformanceDate": "2011-01-31", "FundReturn": 134206.71515361583}, {"BenchMarkReturn": 137677.18287814312, "NetReturn": null, "PerformanceDate": "2011-02-28", "FundReturn": 134998.53477302217}, {"BenchMarkReturn": 138362.87266026155, "NetReturn": null, "PerformanceDate": "2011-03-31", "FundReturn": 135579.02847254617}, {"BenchMarkReturn": 139030.84115099997, "NetReturn": null, "PerformanceDate": "2011-04-30", "FundReturn": 136989.05036866065}, {"BenchMarkReturn": 139724.7666021809, "NetReturn": null, "PerformanceDate": "2011-05-31", "FundReturn": 138441.13430256845}, {"BenchMarkReturn": 140399.566244688, "NetReturn": null, "PerformanceDate": "2011-06-30", "FundReturn": 139382.5340158259}, {"BenchMarkReturn": 141100.34877726602, "NetReturn": null, "PerformanceDate": "2011-07-31", "FundReturn": 140302.45874033033}, {"BenchMarkReturn": 141804.96342325959, "NetReturn": null, "PerformanceDate": "2011-08-31", "FundReturn": 142799.84250590822}, {"BenchMarkReturn": 142490.3099311934, "NetReturn": null, "PerformanceDate": "2011-09-30", "FundReturn": 143770.8814349484}, {"BenchMarkReturn": 143202.04261723574, "NetReturn": null, "PerformanceDate": "2011-10-31", "FundReturn": 145481.75492402428}, {"BenchMarkReturn": 143893.8254791458, "NetReturn": null, "PerformanceDate": "2011-11-30", "FundReturn": 146471.03085750763}, {"BenchMarkReturn": 144612.14172921178, "NetReturn": null, "PerformanceDate": "2011-12-31", "FundReturn": 147467.03386733867}, {"BenchMarkReturn": 145334.852621087, "NetReturn": null, "PerformanceDate": "2012-01-31", "FundReturn": 148606.9540391332}, {"BenchMarkReturn": 146015.04414760892, "NetReturn": null, "PerformanceDate": "2012-02-29", "FundReturn": 148935.3754075597}, {"BenchMarkReturn": 146746.5963105185, "NetReturn": null, "PerformanceDate": "2012-03-31", "FundReturn": 150467.92042050348}, {"BenchMarkReturn": 147458.40681804827, "NetReturn": null, "PerformanceDate": "2012-04-30", "FundReturn": 152172.7219588678}, {"BenchMarkReturn": 148197.42765450006, "NetReturn": null, "PerformanceDate": "2012-05-31", "FundReturn": 153572.7110008894}, {"BenchMarkReturn": 148916.32715176008, "NetReturn": null, "PerformanceDate": "2012-06-30", "FundReturn": 155182.15301217872}, {"BenchMarkReturn": 149660.8195866389, "NetReturn": null, "PerformanceDate": "2012-07-31", "FundReturn": 157958.3617295666}, {"BenchMarkReturn": 150389.25695907607, "NetReturn": null, "PerformanceDate": "2012-08-31", "FundReturn": 159583.75327176382}, {"BenchMarkReturn": 151074.7920999446, "NetReturn": null, "PerformanceDate": "2012-09-30", "FundReturn": 160544.44746645982}, {"BenchMarkReturn": 151765.12322590238, "NetReturn": null, "PerformanceDate": "2012-10-31", "FundReturn": 162198.05527536434}, {"BenchMarkReturn": 152432.6156802838, "NetReturn": null, "PerformanceDate": "2012-11-30", "FundReturn": 163803.81602259044}, {"BenchMarkReturn": 153127.16971092208, "NetReturn": null, "PerformanceDate": "2012-12-31", "FundReturn": 164975.01330715197}, {"BenchMarkReturn": 153826.65110023666, "NetReturn": null, "PerformanceDate": "2013-01-31", "FundReturn": 166349.76989004208}, {"BenchMarkReturn": 154461.42339054777, "NetReturn": null, "PerformanceDate": "2013-02-28", "FundReturn": 166936.98457775393}, {"BenchMarkReturn": 155166.77225276784, "NetReturn": null, "PerformanceDate": "2013-03-31", "FundReturn": 168487.82916448126}, {"BenchMarkReturn": 155852.97123503799, "NetReturn": null, "PerformanceDate": "2013-04-30", "FundReturn": 170597.29678562057}, {"BenchMarkReturn": 156567.15111116055, "NetReturn": null, "PerformanceDate": "2013-05-31", "FundReturn": 170558.0594073599}, {"BenchMarkReturn": 157262.72056400008, "NetReturn": null, "PerformanceDate": "2013-06-30", "FundReturn": 169923.58342636452}, {"BenchMarkReturn": 157985.6863840361, "NetReturn": null, "PerformanceDate": "2013-07-31", "FundReturn": 170841.1707768669}, {"BenchMarkReturn": 158712.7497835731, "NetReturn": null, "PerformanceDate": "2013-08-31", "FundReturn": 171070.09794570788}, {"BenchMarkReturn": 159419.71572967755, "NetReturn": null, "PerformanceDate": "2013-09-30", "FundReturn": 173153.73173868662}, {"BenchMarkReturn": 160153.1977113443, "NetReturn": null, "PerformanceDate": "2013-10-31", "FundReturn": 174589.17617480032}, {"BenchMarkReturn": 160866.87463313036, "NetReturn": null, "PerformanceDate": "2013-11-30", "FundReturn": 175091.99300218374}, {"BenchMarkReturn": 161611.01744781452, "NetReturn": null, "PerformanceDate": "2013-12-31", "FundReturn": 176786.88349444486}, {"BenchMarkReturn": 162362.65138147527, "NetReturn": null, "PerformanceDate": "2014-01-31", "FundReturn": 175687.26907910942}, {"BenchMarkReturn": 163058.1241676232, "NetReturn": null, "PerformanceDate": "2014-02-28", "FundReturn": 177145.47341246603}, {"BenchMarkReturn": 163854.89024414902, "NetReturn": null, "PerformanceDate": "2014-03-31", "FundReturn": 179017.9010664358}, {"BenchMarkReturn": 164654.09771467137, "NetReturn": null, "PerformanceDate": "2014-04-30", "FundReturn": 180831.35240423877}, {"BenchMarkReturn": 165499.45078755973, "NetReturn": null, "PerformanceDate": "2014-05-31", "FundReturn": 182254.49514766014}, {"BenchMarkReturn": 166326.68638686585, "NetReturn": null, "PerformanceDate": "2014-06-30", "FundReturn": 183674.2576648604}, {"BenchMarkReturn": 167190.65638786077, "NetReturn": null, "PerformanceDate": "2014-07-31", "FundReturn": 184880.99753771853}, {"BenchMarkReturn": 168069.0663994645, "NetReturn": null, "PerformanceDate": "2014-08-31", "FundReturn": 186016.16686260013}, {"BenchMarkReturn": 168938.4103681784, "NetReturn": null, "PerformanceDate": "2014-09-30", "FundReturn": 186704.42667999177}, {"BenchMarkReturn": 169854.92337535752, "NetReturn": null, "PerformanceDate": "2014-10-31", "FundReturn": 188373.5642545109}, {"BenchMarkReturn": 170751.60653960746, "NetReturn": null, "PerformanceDate": "2014-11-30", "FundReturn": 189633.78339937358}, {"BenchMarkReturn": 171681.89629611457, "NetReturn": null, "PerformanceDate": "2014-12-31", "FundReturn": 190251.72404595875}, {"BenchMarkReturn": 172617.51885204483, "NetReturn": null, "PerformanceDate": "2015-01-31", "FundReturn": 193236.77359623983}, {"BenchMarkReturn": 173468.2292523508, "NetReturn": null, "PerformanceDate": "2015-02-28", "FundReturn": 193134.35810623382}, {"BenchMarkReturn": 174415.84715840482, "NetReturn": null, "PerformanceDate": "2015-03-31", "FundReturn": 194015.05077919824}, {"BenchMarkReturn": 175337.92025496293, "NetReturn": null, "PerformanceDate": "2015-04-30", "FundReturn": 195334.35312449676}, {"BenchMarkReturn": 176296.35081661932, "NetReturn": null, "PerformanceDate": "2015-05-31", "FundReturn": 195467.1804846214}, {"BenchMarkReturn": 177230.14463428754, "NetReturn": null, "PerformanceDate": "2015-06-30", "FundReturn": 196233.4118321211}, {"BenchMarkReturn": 178202.62681936251, "NetReturn": null, "PerformanceDate": "2015-07-31", "FundReturn": 198274.23931517516}, {"BenchMarkReturn": 179188.22117584632, "NetReturn": null, "PerformanceDate": "2015-08-31", "FundReturn": 199126.8185442304}, {"BenchMarkReturn": 180156.0362404569, "NetReturn": null, "PerformanceDate": "2015-09-30", "FundReturn": 200102.5399550971}, {"BenchMarkReturn": 181169.68654377508, "NetReturn": null, "PerformanceDate": "2015-10-31", "FundReturn": 202039.7726649104}, {"BenchMarkReturn": 182159.4859194775, "NetReturn": null, "PerformanceDate": "2015-11-30", "FundReturn": 202696.2402942532}, {"BenchMarkReturn": 183198.53210013968, "NetReturn": null, "PerformanceDate": "2015-12-31", "FundReturn": 202974.3395359369}, {"BenchMarkReturn": 184261.0161390174, "NetReturn": null, "PerformanceDate": "2016-01-31", "FundReturn": 204466.09944435622}, {"BenchMarkReturn": 185286.55073846047, "NetReturn": null, "PerformanceDate": "2016-02-29", "FundReturn": 205161.28418246706}, {"BenchMarkReturn": 186417.47438973, "NetReturn": null, "PerformanceDate": "2016-03-31", "FundReturn": 208323.12731364512}, {"BenchMarkReturn": 187511.53799084714, "NetReturn": null, "PerformanceDate": "2016-04-30", "FundReturn": 210444.6275452691}, {"BenchMarkReturn": 188751.9067282743, "NetReturn": null, "PerformanceDate": "2016-05-31", "FundReturn": 212337.70323681532}, {"BenchMarkReturn": 189937.50518518093, "NetReturn": null, "PerformanceDate": "2016-06-30", "FundReturn": 213676.66232588602}, {"BenchMarkReturn": 191177.32737858983, "NetReturn": null, "PerformanceDate": "2016-07-31", "FundReturn": 215536.78177443153}, {"BenchMarkReturn": 192428.65979269744, "NetReturn": null, "PerformanceDate": "2016-08-31", "FundReturn": 217605.8917721097}, {"BenchMarkReturn": 193649.99788630122, "NetReturn": null, "PerformanceDate": "2016-09-30", "FundReturn": 218771.95470375975}, {"BenchMarkReturn": 194920.9406516366, "NetReturn": null, "PerformanceDate": "2016-10-31", "FundReturn": 219476.35664351494}, {"BenchMarkReturn": 196159.2454335355, "NetReturn": null, "PerformanceDate": "2016-11-30", "FundReturn": 219970.6612939475}, {"BenchMarkReturn": 197447.2848300799, "NetReturn": null, "PerformanceDate": "2016-12-31", "FundReturn": 221808.8681221165}, {"BenchMarkReturn": 198743.83698520908, "NetReturn": null, "PerformanceDate": "2017-01-31", "FundReturn": 223782.9670484033}, {"BenchMarkReturn": 199921.8617280754, "NetReturn": null, "PerformanceDate": "2017-02-28", "FundReturn": 224966.42089134207}, {"BenchMarkReturn": 201232.7029960295, "NetReturn": null, "PerformanceDate": "2017-03-31", "FundReturn": 227073.5913692629}, {"BenchMarkReturn": 202508.76696308807, "NetReturn": null, "PerformanceDate": "2017-04-30", "FundReturn": 229318.44089353943}, {"BenchMarkReturn": 203835.22870938724, "NetReturn": null, "PerformanceDate": "2017-05-31", "FundReturn": 231157.39133475287}, {"BenchMarkReturn": 205127.19352501683, "NetReturn": null, "PerformanceDate": "2017-06-30", "FundReturn": 231966.95075068544}, {"BenchMarkReturn": 206468.93301770845, "NetReturn": null, "PerformanceDate": "2017-07-31", "FundReturn": 234283.4655076621}, {"BenchMarkReturn": 207805.88169078855, "NetReturn": null, "PerformanceDate": "2017-08-31", "FundReturn": 235764.25415140326}, {"BenchMarkReturn": 209048.2533687473, "NetReturn": null, "PerformanceDate": "2017-09-30", "FundReturn": 237579.30883841324}], "InitialInvestedAmount": 100000}, "FiveYears": {"LastPerformanceDate": "2017-09-30", "FundPerformanceSeries": [{"BenchMarkReturn": 100456.9466, "NetReturn": null, "PerformanceDate": "2012-10-31", "FundReturn": 101030}, {"BenchMarkReturn": 100898.77573979444, "NetReturn": null, "PerformanceDate": "2012-11-30", "FundReturn": 102030.197}, {"BenchMarkReturn": 101358.51758089443, "NetReturn": null, "PerformanceDate": "2012-12-31", "FundReturn": 102759.71290855}, {"BenchMarkReturn": 101821.52095795806, "NetReturn": null, "PerformanceDate": "2013-01-31", "FundReturn": 103616.0219273825}, {"BenchMarkReturn": 102241.69184251646, "NetReturn": null, "PerformanceDate": "2013-02-28", "FundReturn": 103981.78648478616}, {"BenchMarkReturn": 102708.57903952379, "NetReturn": null, "PerformanceDate": "2013-03-31", "FundReturn": 104947.77728122984}, {"BenchMarkReturn": 103162.79047528481, "NetReturn": null, "PerformanceDate": "2013-04-30", "FundReturn": 106261.72345279084}, {"BenchMarkReturn": 103635.5231305448, "NetReturn": null, "PerformanceDate": "2013-05-31", "FundReturn": 106237.28325639671}, {"BenchMarkReturn": 104095.93710376367, "NetReturn": null, "PerformanceDate": "2013-06-30", "FundReturn": 105842.08056268292}, {"BenchMarkReturn": 104574.48538437803, "NetReturn": null, "PerformanceDate": "2013-07-31", "FundReturn": 106413.62779772142}, {"BenchMarkReturn": 105055.74595037372, "NetReturn": null, "PerformanceDate": "2013-08-31", "FundReturn": 106556.22205897035}, {"BenchMarkReturn": 105523.70353368568, "NetReturn": null, "PerformanceDate": "2013-09-30", "FundReturn": 107854.07684364861}, {"BenchMarkReturn": 106009.2127119353, "NetReturn": null, "PerformanceDate": "2013-10-31", "FundReturn": 108748.18714068245}, {"BenchMarkReturn": 106481.61244975119, "NetReturn": null, "PerformanceDate": "2013-11-30", "FundReturn": 109061.38191964761}, {"BenchMarkReturn": 106974.17828706962, "NetReturn": null, "PerformanceDate": "2013-12-31", "FundReturn": 110117.09609662979}, {"BenchMarkReturn": 107471.70267430393, "NetReturn": null, "PerformanceDate": "2014-01-31", "FundReturn": 109432.16775890875}, {"BenchMarkReturn": 107932.05266153929, "NetReturn": null, "PerformanceDate": "2014-02-28", "FundReturn": 110340.45475130768}, {"BenchMarkReturn": 108459.45108814027, "NetReturn": null, "PerformanceDate": "2014-03-31", "FundReturn": 111506.753358029}, {"BenchMarkReturn": 108988.46553152511, "NetReturn": null, "PerformanceDate": "2014-04-30", "FundReturn": 112636.31676954584}, {"BenchMarkReturn": 109548.0248472375, "NetReturn": null, "PerformanceDate": "2014-05-31", "FundReturn": 113522.76458252217}, {"BenchMarkReturn": 110095.5917760464, "NetReturn": null, "PerformanceDate": "2014-06-30", "FundReturn": 114407.10691862002}, {"BenchMarkReturn": 110667.47407949736, "NetReturn": null, "PerformanceDate": "2014-07-31", "FundReturn": 115158.76161107534}, {"BenchMarkReturn": 111248.91456959755, "NetReturn": null, "PerformanceDate": "2014-08-31", "FundReturn": 115865.83640736734}, {"BenchMarkReturn": 111824.35403016537, "NetReturn": null, "PerformanceDate": "2014-09-30", "FundReturn": 116294.5400020746}, {"BenchMarkReturn": 112431.01579976939, "NetReturn": null, "PerformanceDate": "2014-10-31", "FundReturn": 117334.21318969314}, {"BenchMarkReturn": 113024.55172445014, "NetReturn": null, "PerformanceDate": "2014-11-30", "FundReturn": 118119.1790759322}, {"BenchMarkReturn": 113640.33265227804, "NetReturn": null, "PerformanceDate": "2014-12-31", "FundReturn": 118504.08223286903}, {"BenchMarkReturn": 114259.64348694813, "NetReturn": null, "PerformanceDate": "2015-01-31", "FundReturn": 120363.41128310275}, {"BenchMarkReturn": 114822.74894516592, "NetReturn": null, "PerformanceDate": "2015-02-28", "FundReturn": 120299.61867512269}, {"BenchMarkReturn": 115449.99978753485, "NetReturn": null, "PerformanceDate": "2015-03-31", "FundReturn": 120848.18493628124}, {"BenchMarkReturn": 116060.3419126116, "NetReturn": null, "PerformanceDate": "2015-04-30", "FundReturn": 121669.95259384793}, {"BenchMarkReturn": 116694.74990903125, "NetReturn": null, "PerformanceDate": "2015-05-31", "FundReturn": 121752.68816161175}, {"BenchMarkReturn": 117312.85025832741, "NetReturn": null, "PerformanceDate": "2015-06-30", "FundReturn": 122229.95869920525}, {"BenchMarkReturn": 117956.55935867263, "NetReturn": null, "PerformanceDate": "2015-07-31", "FundReturn": 123501.15026967697}, {"BenchMarkReturn": 118608.94771730217, "NetReturn": null, "PerformanceDate": "2015-08-31", "FundReturn": 124032.20521583658}, {"BenchMarkReturn": 119249.5675395491, "NetReturn": null, "PerformanceDate": "2015-09-30", "FundReturn": 124639.96302139417}, {"BenchMarkReturn": 119920.52679703238, "NetReturn": null, "PerformanceDate": "2015-10-31", "FundReturn": 125846.62743139689}, {"BenchMarkReturn": 120575.69855794906, "NetReturn": null, "PerformanceDate": "2015-11-30", "FundReturn": 126255.52829324699}, {"BenchMarkReturn": 121263.46795098903, "NetReturn": null, "PerformanceDate": "2015-12-31", "FundReturn": 126428.75087806532}, {"BenchMarkReturn": 121966.7514201298, "NetReturn": null, "PerformanceDate": "2016-01-31", "FundReturn": 127357.93898264364}, {"BenchMarkReturn": 122645.57717602735, "NetReturn": null, "PerformanceDate": "2016-02-29", "FundReturn": 127790.95597518464}, {"BenchMarkReturn": 123394.16245325966, "NetReturn": null, "PerformanceDate": "2016-03-31", "FundReturn": 129760.40629319618}, {"BenchMarkReturn": 124118.34918614184, "NetReturn": null, "PerformanceDate": "2016-04-30", "FundReturn": 131081.8473427642}, {"BenchMarkReturn": 124939.37877035374, "NetReturn": null, "PerformanceDate": "2016-05-31", "FundReturn": 132261.00720872078}, {"BenchMarkReturn": 125724.15460252718, "NetReturn": null, "PerformanceDate": "2016-06-30", "FundReturn": 133095.01866797754}, {"BenchMarkReturn": 126544.82241624736, "NetReturn": null, "PerformanceDate": "2016-07-31", "FundReturn": 134253.65073398786}, {"BenchMarkReturn": 127373.10911895536, "NetReturn": null, "PerformanceDate": "2016-08-31", "FundReturn": 135542.45893030398}, {"BenchMarkReturn": 128181.54186715056, "NetReturn": null, "PerformanceDate": "2016-09-30", "FundReturn": 136268.77675072793}, {"BenchMarkReturn": 129022.80912800145, "NetReturn": null, "PerformanceDate": "2016-10-31", "FundReturn": 136707.53495810993}, {"BenchMarkReturn": 129842.47253093349, "NetReturn": null, "PerformanceDate": "2016-11-30", "FundReturn": 137015.4276683426}, {"BenchMarkReturn": 130695.05645882816, "NetReturn": null, "PerformanceDate": "2016-12-31", "FundReturn": 138160.41079119587}, {"BenchMarkReturn": 131553.2751842072, "NetReturn": null, "PerformanceDate": "2017-01-31", "FundReturn": 139390.03844723752}, {"BenchMarkReturn": 132333.03779482655, "NetReturn": null, "PerformanceDate": "2017-02-28", "FundReturn": 140127.18872656187}, {"BenchMarkReturn": 133200.71482402075, "NetReturn": null, "PerformanceDate": "2017-03-31", "FundReturn": 141439.70405248806}, {"BenchMarkReturn": 134045.37193016085, "NetReturn": null, "PerformanceDate": "2017-04-30", "FundReturn": 142837.97696675095}, {"BenchMarkReturn": 134923.38852569033, "NetReturn": null, "PerformanceDate": "2017-05-31", "FundReturn": 143983.4232716427}, {"BenchMarkReturn": 135778.57078189022, "NetReturn": null, "PerformanceDate": "2017-06-30", "FundReturn": 144487.68201662466}, {"BenchMarkReturn": 136666.70008131958, "NetReturn": null, "PerformanceDate": "2017-07-31", "FundReturn": 145930.5938043155}, {"BenchMarkReturn": 137551.6582232415, "NetReturn": null, "PerformanceDate": "2017-08-31", "FundReturn": 146852.94812245565}, {"BenchMarkReturn": 138374.01360145502, "NetReturn": null, "PerformanceDate": "2017-09-30", "FundReturn": 147983.51022887116}], "InitialInvestedAmount": 100000}, "ThreeYears": {"LastPerformanceDate": "2017-09-30", "FundPerformanceSeries": [{"BenchMarkReturn": 100542.5131, "NetReturn": null, "PerformanceDate": "2014-10-31", "FundReturn": 100769.85999999999}, {"BenchMarkReturn": 101073.28828741636, "NetReturn": null, "PerformanceDate": "2014-11-30", "FundReturn": 101406.77590012999}, {"BenchMarkReturn": 101623.95628203031, "NetReturn": null, "PerformanceDate": "2014-12-31", "FundReturn": 102419.46452697905}, {"BenchMarkReturn": 102177.78092965852, "NetReturn": null, "PerformanceDate": "2015-01-31", "FundReturn": 102778.15797564543}, {"BenchMarkReturn": 102681.3433808808, "NetReturn": null, "PerformanceDate": "2015-02-28", "FundReturn": 103602.35658008371}, {"BenchMarkReturn": 103242.2684564683, "NetReturn": null, "PerformanceDate": "2015-03-31", "FundReturn": 104626.56947723443}, {"BenchMarkReturn": 103788.07274961192, "NetReturn": null, "PerformanceDate": "2015-04-30", "FundReturn": 105606.56470289988}, {"BenchMarkReturn": 104355.3981787832, "NetReturn": null, "PerformanceDate": "2015-05-31", "FundReturn": 106165.05445967469}, {"BenchMarkReturn": 104908.14033826791, "NetReturn": null, "PerformanceDate": "2015-06-30", "FundReturn": 107109.92344436579}, {"BenchMarkReturn": 105483.78336874013, "NetReturn": null, "PerformanceDate": "2015-07-31", "FundReturn": 108004.99823062097}, {"BenchMarkReturn": 106067.18790909057, "NetReturn": null, "PerformanceDate": "2015-08-31", "FundReturn": 108248.24708763597}, {"BenchMarkReturn": 106640.06832302448, "NetReturn": null, "PerformanceDate": "2015-09-30", "FundReturn": 108596.78479360875}, {"BenchMarkReturn": 107240.08006760587, "NetReturn": null, "PerformanceDate": "2015-10-31", "FundReturn": 109178.71152460379}, {"BenchMarkReturn": 107825.97369211985, "NetReturn": null, "PerformanceDate": "2015-11-30", "FundReturn": 110226.80531949767}, {"BenchMarkReturn": 108441.01806148364, "NetReturn": null, "PerformanceDate": "2015-12-31", "FundReturn": 111186.36272784548}, {"BenchMarkReturn": 109069.93604204363, "NetReturn": null, "PerformanceDate": "2016-01-31", "FundReturn": 111887.48169393474}, {"BenchMarkReturn": 109676.98247820226, "NetReturn": null, "PerformanceDate": "2016-02-29", "FundReturn": 112893.97672426069}, {"BenchMarkReturn": 110346.41203469259, "NetReturn": null, "PerformanceDate": "2016-03-31", "FundReturn": 114043.65511502755}, {"BenchMarkReturn": 110994.02295913114, "NetReturn": null, "PerformanceDate": "2016-04-30", "FundReturn": 115801.23890583278}, {"BenchMarkReturn": 111728.23653123942, "NetReturn": null, "PerformanceDate": "2016-05-31", "FundReturn": 116194.96311811262}, {"BenchMarkReturn": 112430.02983823384, "NetReturn": null, "PerformanceDate": "2016-06-30", "FundReturn": 117048.93799954918}, {"BenchMarkReturn": 113163.91989361371, "NetReturn": null, "PerformanceDate": "2016-07-31", "FundReturn": 117209.52914248455}, {"BenchMarkReturn": 113904.62321346885, "NetReturn": null, "PerformanceDate": "2016-08-31", "FundReturn": 117590.3663445743}, {"BenchMarkReturn": 114627.57194427674, "NetReturn": null, "PerformanceDate": "2016-09-30", "FundReturn": 118728.78219922939}, {"BenchMarkReturn": 115379.88325262014, "NetReturn": null, "PerformanceDate": "2016-10-31", "FundReturn": 119310.55323200561}, {"BenchMarkReturn": 116112.8751040293, "NetReturn": null, "PerformanceDate": "2016-11-30", "FundReturn": 119823.58861090323}, {"BenchMarkReturn": 116875.30645030354, "NetReturn": null, "PerformanceDate": "2016-12-31", "FundReturn": 121069.75393245662}, {"BenchMarkReturn": 117642.77676821615, "NetReturn": null, "PerformanceDate": "2017-01-31", "FundReturn": 121544.34736787184}, {"BenchMarkReturn": 118340.08695380329, "NetReturn": null, "PerformanceDate": "2017-02-28", "FundReturn": 121626.99752408199}, {"BenchMarkReturn": 119116.01545052424, "NetReturn": null, "PerformanceDate": "2017-03-31", "FundReturn": 122454.06110724574}, {"BenchMarkReturn": 119871.35816049622, "NetReturn": null, "PerformanceDate": "2017-04-30", "FundReturn": 123012.45162589477}, {"BenchMarkReturn": 120656.53291347768, "NetReturn": null, "PerformanceDate": "2017-05-31", "FundReturn": 122947.25502653304}, {"BenchMarkReturn": 121421.28783973391, "NetReturn": null, "PerformanceDate": "2017-06-30", "FundReturn": 124876.29745789933}, {"BenchMarkReturn": 122215.50597506942, "NetReturn": null, "PerformanceDate": "2017-07-31", "FundReturn": 125283.21936079563}, {"BenchMarkReturn": 123006.8882724205, "NetReturn": null, "PerformanceDate": "2017-08-31", "FundReturn": 126121.36409831936}, {"BenchMarkReturn": 123742.2874485174, "NetReturn": null, "PerformanceDate": "2017-09-30", "FundReturn": 127248.88909335833}], "InitialInvestedAmount": 100000}, "SinceInception": {"LastPerformanceDate": "2017-09-30", "FundPerformanceSeries": [{"BenchMarkReturn": 100950.4123, "NetReturn": null, "PerformanceDate": "2001-07-31", "FundReturn": 104990}, {"BenchMarkReturn": 101850.19069420999, "NetReturn": null, "PerformanceDate": "2001-08-31", "FundReturn": 106606.846}, {"BenchMarkReturn": 102644.84727054625, "NetReturn": null, "PerformanceDate": "2001-09-30", "FundReturn": 108269.91279760002}, {"BenchMarkReturn": 103566.0606532603, "NetReturn": null, "PerformanceDate": "2001-10-31", "FundReturn": 109969.75042852234}, {"BenchMarkReturn": 104393.39398614645, "NetReturn": null, "PerformanceDate": "2001-11-30", "FundReturn": 113389.80966684938}, {"BenchMarkReturn": 105266.15710529726, "NetReturn": null, "PerformanceDate": "2001-12-31", "FundReturn": 113979.436677117}, {"BenchMarkReturn": 106170.68792953934, "NetReturn": null, "PerformanceDate": "2002-01-31", "FundReturn": 112782.65259200727}, {"BenchMarkReturn": 107024.6473324717, "NetReturn": null, "PerformanceDate": "2002-02-28", "FundReturn": 113030.7744277097}, {"BenchMarkReturn": 107917.888845288, "NetReturn": null, "PerformanceDate": "2002-03-31", "FundReturn": 112510.83286534222}, {"BenchMarkReturn": 109023.16476137513, "NetReturn": null, "PerformanceDate": "2002-04-30", "FundReturn": 115031.07552152588}, {"BenchMarkReturn": 110114.31961714808, "NetReturn": null, "PerformanceDate": "2002-05-31", "FundReturn": 116089.36141632393}, {"BenchMarkReturn": 111149.4493888234, "NetReturn": null, "PerformanceDate": "2002-06-30", "FundReturn": 116356.36694758147}, {"BenchMarkReturn": 112421.1140183622, "NetReturn": null, "PerformanceDate": "2002-07-31", "FundReturn": 120521.92488430488}, {"BenchMarkReturn": 113619.10365062155, "NetReturn": null, "PerformanceDate": "2002-08-31", "FundReturn": 121064.27354628425}, {"BenchMarkReturn": 114894.43593641232, "NetReturn": null, "PerformanceDate": "2002-09-30", "FundReturn": 120931.10284538334}, {"BenchMarkReturn": 116223.83499048583, "NetReturn": null, "PerformanceDate": "2002-10-31", "FundReturn": 121983.20344013817}, {"BenchMarkReturn": 117524.26452620889, "NetReturn": null, "PerformanceDate": "2002-11-30", "FundReturn": 124398.4708682529}, {"BenchMarkReturn": 118966.30887641014, "NetReturn": null, "PerformanceDate": "2002-12-31", "FundReturn": 124896.06475172592}, {"BenchMarkReturn": 120484.58617600288, "NetReturn": null, "PerformanceDate": "2003-01-31", "FundReturn": 127456.43407913629}, {"BenchMarkReturn": 121826.98338605532, "NetReturn": null, "PerformanceDate": "2003-02-28", "FundReturn": 128527.06812540103}, {"BenchMarkReturn": 123328.75910766625, "NetReturn": null, "PerformanceDate": "2003-03-31", "FundReturn": 129478.168429529}, {"BenchMarkReturn": 124797.8288403226, "NetReturn": null, "PerformanceDate": "2003-04-30", "FundReturn": 129594.69878111557}, {"BenchMarkReturn": 126331.03069457295, "NetReturn": null, "PerformanceDate": "2003-05-31", "FundReturn": 135115.43294919108}, {"BenchMarkReturn": 127807.99557789821, "NetReturn": null, "PerformanceDate": "2003-06-30", "FundReturn": 137358.34913614765}, {"BenchMarkReturn": 129266.03392034672, "NetReturn": null, "PerformanceDate": "2003-07-31", "FundReturn": 138374.80091975516}, {"BenchMarkReturn": 130634.77947151948, "NetReturn": null, "PerformanceDate": "2003-08-31", "FundReturn": 138693.0629618706}, {"BenchMarkReturn": 131873.3318653671, "NetReturn": null, "PerformanceDate": "2003-09-30", "FundReturn": 140981.49850074147}, {"BenchMarkReturn": 133071.23808992578, "NetReturn": null, "PerformanceDate": "2003-10-31", "FundReturn": 144759.80266056134}, {"BenchMarkReturn": 134115.7550905637, "NetReturn": null, "PerformanceDate": "2003-11-30", "FundReturn": 146265.30460823118}, {"BenchMarkReturn": 135104.6564036822, "NetReturn": null, "PerformanceDate": "2003-12-31", "FundReturn": 147493.93316694032}, {"BenchMarkReturn": 136048.32446425347, "NetReturn": null, "PerformanceDate": "2004-01-31", "FundReturn": 147080.9501540729}, {"BenchMarkReturn": 136929.8542082626, "NetReturn": null, "PerformanceDate": "2004-02-29", "FundReturn": 148507.6353705674}, {"BenchMarkReturn": 137891.59870324555, "NetReturn": null, "PerformanceDate": "2004-03-31", "FundReturn": 149562.03958169845}, {"BenchMarkReturn": 138840.69692470806, "NetReturn": null, "PerformanceDate": "2004-04-30", "FundReturn": 150324.80598356514}, {"BenchMarkReturn": 139835.1273109104, "NetReturn": null, "PerformanceDate": "2004-05-31", "FundReturn": 151347.01466425337}, {"BenchMarkReturn": 140808.8163622618, "NetReturn": null, "PerformanceDate": "2004-06-30", "FundReturn": 152330.770259571}, {"BenchMarkReturn": 141791.76145230356, "NetReturn": null, "PerformanceDate": "2004-07-31", "FundReturn": 154676.6641215684}, {"BenchMarkReturn": 142841.67088586037, "NetReturn": null, "PerformanceDate": "2004-08-31", "FundReturn": 158048.6153994186}, {"BenchMarkReturn": 143805.10081715108, "NetReturn": null, "PerformanceDate": "2004-09-30", "FundReturn": 159281.39459953408}, {"BenchMarkReturn": 144776.29949470735, "NetReturn": null, "PerformanceDate": "2004-10-31", "FundReturn": 160507.86133795048}, {"BenchMarkReturn": 145702.65035747163, "NetReturn": null, "PerformanceDate": "2004-11-30", "FundReturn": 162947.58083028733}, {"BenchMarkReturn": 146667.8135625643, "NetReturn": null, "PerformanceDate": "2004-12-31", "FundReturn": 165017.01510683197}, {"BenchMarkReturn": 147644.24030457914, "NetReturn": null, "PerformanceDate": "2005-01-31", "FundReturn": 166172.13421257978}, {"BenchMarkReturn": 148533.59945206493, "NetReturn": null, "PerformanceDate": "2005-02-28", "FundReturn": 167700.91784733554}, {"BenchMarkReturn": 149526.50423232614, "NetReturn": null, "PerformanceDate": "2005-03-31", "FundReturn": 168136.9402337386}, {"BenchMarkReturn": 150493.30044221817, "NetReturn": null, "PerformanceDate": "2005-04-30", "FundReturn": 169616.5453077955}, {"BenchMarkReturn": 151456.9499791274, "NetReturn": null, "PerformanceDate": "2005-05-31", "FundReturn": 171584.09723336593}, {"BenchMarkReturn": 152371.6045583294, "NetReturn": null, "PerformanceDate": "2005-06-30", "FundReturn": 172888.13637233953}, {"BenchMarkReturn": 153301.9404737676, "NetReturn": null, "PerformanceDate": "2005-07-31", "FundReturn": 173717.99942692675}, {"BenchMarkReturn": 154255.7344044531, "NetReturn": null, "PerformanceDate": "2005-08-31", "FundReturn": 174986.14082274333}, {"BenchMarkReturn": 155187.21367262804, "NetReturn": null, "PerformanceDate": "2005-09-30", "FundReturn": 176176.04658033798}, {"BenchMarkReturn": 156156.8468169239, "NetReturn": null, "PerformanceDate": "2005-10-31", "FundReturn": 177321.19088311016}, {"BenchMarkReturn": 157106.1726973465, "NetReturn": null, "PerformanceDate": "2005-11-30", "FundReturn": 178863.8852437932}, {"BenchMarkReturn": 158100.20167631865, "NetReturn": null, "PerformanceDate": "2005-12-31", "FundReturn": 181278.5476945844}, {"BenchMarkReturn": 159102.8948150775, "NetReturn": null, "PerformanceDate": "2006-01-31", "FundReturn": 183399.50670261105}, {"BenchMarkReturn": 160011.62340883963, "NetReturn": null, "PerformanceDate": "2006-02-28", "FundReturn": 186352.2387605231}, {"BenchMarkReturn": 161020.95480771016, "NetReturn": null, "PerformanceDate": "2006-03-31", "FundReturn": 187973.50323773964}, {"BenchMarkReturn": 162005.36060147194, "NetReturn": null, "PerformanceDate": "2006-04-30", "FundReturn": 189214.1283591087}, {"BenchMarkReturn": 163030.34470320944, "NetReturn": null, "PerformanceDate": "2006-05-31", "FundReturn": 190008.82769821695}, {"BenchMarkReturn": 164033.1626128775, "NetReturn": null, "PerformanceDate": "2006-06-30", "FundReturn": 188013.73500738567}, {"BenchMarkReturn": 165097.1382970257, "NetReturn": null, "PerformanceDate": "2006-07-31", "FundReturn": 189386.2352729396}, {"BenchMarkReturn": 166207.6153290277, "NetReturn": null, "PerformanceDate": "2006-08-31", "FundReturn": 190863.44790806854}, {"BenchMarkReturn": 167336.74443685883, "NetReturn": null, "PerformanceDate": "2006-09-30", "FundReturn": 192199.492043425}, {"BenchMarkReturn": 168555.8644075447, "NetReturn": null, "PerformanceDate": "2006-10-31", "FundReturn": 195620.643001798}, {"BenchMarkReturn": 169783.9293986686, "NetReturn": null, "PerformanceDate": "2006-11-30", "FundReturn": 198222.3975537219}, {"BenchMarkReturn": 171094.2840737352, "NetReturn": null, "PerformanceDate": "2006-12-31", "FundReturn": 200125.33257023766}, {"BenchMarkReturn": 172395.35943584546, "NetReturn": null, "PerformanceDate": "2007-01-31", "FundReturn": 203507.45069067465}, {"BenchMarkReturn": 173602.74292051565, "NetReturn": null, "PerformanceDate": "2007-02-28", "FundReturn": 205123.66616256986}, {"BenchMarkReturn": 174963.5469435971, "NetReturn": null, "PerformanceDate": "2007-03-31", "FundReturn": 206497.99472585905}, {"BenchMarkReturn": 176343.37473619732, "NetReturn": null, "PerformanceDate": "2007-04-30", "FundReturn": 210008.46063619864}, {"BenchMarkReturn": 177777.43767875113, "NetReturn": null, "PerformanceDate": "2007-05-31", "FundReturn": 210386.4758653438}, {"BenchMarkReturn": 179190.48261995483, "NetReturn": null, "PerformanceDate": "2007-06-30", "FundReturn": 208156.37922117114}, {"BenchMarkReturn": 180694.28678010285, "NetReturn": null, "PerformanceDate": "2007-07-31", "FundReturn": 208198.01049701538}, {"BenchMarkReturn": 182249.14991479984, "NetReturn": null, "PerformanceDate": "2007-08-31", "FundReturn": 210717.20642402925}, {"BenchMarkReturn": 183803.0619352133, "NetReturn": null, "PerformanceDate": "2007-09-30", "FundReturn": 213330.0997836872}, {"BenchMarkReturn": 185450.4972342795, "NetReturn": null, "PerformanceDate": "2007-10-31", "FundReturn": 216188.72312078864}, {"BenchMarkReturn": 187099.58814881125, "NetReturn": null, "PerformanceDate": "2007-11-30", "FundReturn": 214545.68882507063}, {"BenchMarkReturn": 188868.86939729773, "NetReturn": null, "PerformanceDate": "2007-12-31", "FundReturn": 215596.96270031345}, {"BenchMarkReturn": 190706.4501752118, "NetReturn": null, "PerformanceDate": "2008-01-31", "FundReturn": 215036.41059729262}, {"BenchMarkReturn": 192467.9572160419, "NetReturn": null, "PerformanceDate": "2008-02-29", "FundReturn": 215767.53439332344}, {"BenchMarkReturn": 194379.92408716027, "NetReturn": null, "PerformanceDate": "2008-03-31", "FundReturn": 216609.0277774574}, {"BenchMarkReturn": 196257.02593905976, "NetReturn": null, "PerformanceDate": "2008-04-30", "FundReturn": 216414.0796524577}, {"BenchMarkReturn": 198247.8664342658, "NetReturn": null, "PerformanceDate": "2008-05-31", "FundReturn": 215786.47882146557}, {"BenchMarkReturn": 200249.76783857876, "NetReturn": null, "PerformanceDate": "2008-06-30", "FundReturn": 216304.3663706371}, {"BenchMarkReturn": 202391.80936743307, "NetReturn": null, "PerformanceDate": "2008-07-31", "FundReturn": 221603.8233467177}, {"BenchMarkReturn": 204578.61522277168, "NetReturn": null, "PerformanceDate": "2008-08-31", "FundReturn": 224772.75802057574}, {"BenchMarkReturn": 206706.70498853244, "NetReturn": null, "PerformanceDate": "2008-09-30", "FundReturn": 227065.44015238562}, {"BenchMarkReturn": 208916.67892561827, "NetReturn": null, "PerformanceDate": "2008-10-31", "FundReturn": 226724.84199215705}, {"BenchMarkReturn": 211082.35100269702, "NetReturn": null, "PerformanceDate": "2008-11-30", "FundReturn": 232143.5657157696}, {"BenchMarkReturn": 213332.60179344355, "NetReturn": null, "PerformanceDate": "2008-12-31", "FundReturn": 236554.2934643692}, {"BenchMarkReturn": 215561.1520181775, "NetReturn": null, "PerformanceDate": "2009-01-31", "FundReturn": 237382.2334914945}, {"BenchMarkReturn": 217512.32404841832, "NetReturn": null, "PerformanceDate": "2009-02-28", "FundReturn": 237524.66283158938}, {"BenchMarkReturn": 219563.76847637462, "NetReturn": null, "PerformanceDate": "2009-03-31", "FundReturn": 238949.8108085789}, {"BenchMarkReturn": 221416.79578291505, "NetReturn": null, "PerformanceDate": "2009-04-30", "FundReturn": 241530.46876531155}, {"BenchMarkReturn": 223186.45269553352, "NetReturn": null, "PerformanceDate": "2009-05-31", "FundReturn": 241669.10725438286}, {"BenchMarkReturn": 224769.23633736934, "NetReturn": null, "PerformanceDate": "2009-06-30", "FundReturn": 241959.11018308814}, {"BenchMarkReturn": 226324.5513432833, "NetReturn": null, "PerformanceDate": "2009-07-31", "FundReturn": 245370.73363666967}, {"BenchMarkReturn": 227844.74574306086, "NetReturn": null, "PerformanceDate": "2009-08-31", "FundReturn": 248413.33073376436}, {"BenchMarkReturn": 229303.65273840958, "NetReturn": null, "PerformanceDate": "2009-09-30", "FundReturn": 250450.32004578123}, {"BenchMarkReturn": 230789.18384097447, "NetReturn": null, "PerformanceDate": "2009-10-31", "FundReturn": 253380.5887903169}, {"BenchMarkReturn": 232211.09769680203, "NetReturn": null, "PerformanceDate": "2009-11-30", "FundReturn": 254774.18202866364}, {"BenchMarkReturn": 233693.694034578, "NetReturn": null, "PerformanceDate": "2009-12-31", "FundReturn": 256048.05293880694}, {"BenchMarkReturn": 235196.23815658953, "NetReturn": null, "PerformanceDate": "2010-01-31", "FundReturn": 258813.37191054603}, {"BenchMarkReturn": 236563.28218742018, "NetReturn": null, "PerformanceDate": "2010-02-28", "FundReturn": 261634.43766437095}, {"BenchMarkReturn": 238083.28856732548, "NetReturn": null, "PerformanceDate": "2010-03-31", "FundReturn": 265140.33912907355}, {"BenchMarkReturn": 239534.64429443193, "NetReturn": null, "PerformanceDate": "2010-04-30", "FundReturn": 267261.46184210613}, {"BenchMarkReturn": 241001.84237673346, "NetReturn": null, "PerformanceDate": "2010-05-31", "FundReturn": 267769.25861960615}, {"BenchMarkReturn": 242392.71751149857, "NetReturn": null, "PerformanceDate": "2010-06-30", "FundReturn": 270179.1819471826}, {"BenchMarkReturn": 243824.73344936542, "NetReturn": null, "PerformanceDate": "2010-07-31", "FundReturn": 274339.9413491692}, {"BenchMarkReturn": 245261.61332868488, "NetReturn": null, "PerformanceDate": "2010-08-31", "FundReturn": 278180.7005280575}, {"BenchMarkReturn": 246641.50912282697, "NetReturn": null, "PerformanceDate": "2010-09-30", "FundReturn": 280622.87671606336}, {"BenchMarkReturn": 248033.97358416475, "NetReturn": null, "PerformanceDate": "2010-10-31", "FundReturn": 282952.0465928067}, {"BenchMarkReturn": 249341.49038069506, "NetReturn": null, "PerformanceDate": "2010-11-30", "FundReturn": 284168.7403931558}, {"BenchMarkReturn": 250645.6343929322, "NetReturn": null, "PerformanceDate": "2010-12-31", "FundReturn": 284793.9116220207}, {"BenchMarkReturn": 251919.9644208564, "NetReturn": null, "PerformanceDate": "2011-01-31", "FundReturn": 286303.31935361744}, {"BenchMarkReturn": 253054.87771617045, "NetReturn": null, "PerformanceDate": "2011-02-28", "FundReturn": 287992.5089378038}, {"BenchMarkReturn": 254315.196531081, "NetReturn": null, "PerformanceDate": "2011-03-31", "FundReturn": 289230.87672623637}, {"BenchMarkReturn": 255542.94306982067, "NetReturn": null, "PerformanceDate": "2011-04-30", "FundReturn": 292238.87784418924}, {"BenchMarkReturn": 256818.39929663893, "NetReturn": null, "PerformanceDate": "2011-05-31", "FundReturn": 295336.6099493376}, {"BenchMarkReturn": 258058.70170149487, "NetReturn": null, "PerformanceDate": "2011-06-30", "FundReturn": 297344.8988969931}, {"BenchMarkReturn": 259346.7614538804, "NetReturn": null, "PerformanceDate": "2011-07-31", "FundReturn": 299307.3752297132}, {"BenchMarkReturn": 260641.86474806053, "NetReturn": null, "PerformanceDate": "2011-08-31", "FundReturn": 304635.0465088021}, {"BenchMarkReturn": 261901.5526145089, "NetReturn": null, "PerformanceDate": "2011-09-30", "FundReturn": 306706.56482506194}, {"BenchMarkReturn": 263209.7390842485, "NetReturn": null, "PerformanceDate": "2011-10-31", "FundReturn": 310356.3729464802}, {"BenchMarkReturn": 264481.2571663822, "NetReturn": null, "PerformanceDate": "2011-11-30", "FundReturn": 312466.7962825162}, {"BenchMarkReturn": 265801.5444283817, "NetReturn": null, "PerformanceDate": "2011-12-31", "FundReturn": 314591.5704972373}, {"BenchMarkReturn": 267129.90917658765, "NetReturn": null, "PerformanceDate": "2012-01-31", "FundReturn": 317023.363337181}, {"BenchMarkReturn": 268380.1220293588, "NetReturn": null, "PerformanceDate": "2012-02-29", "FundReturn": 317723.98497015616}, {"BenchMarkReturn": 269724.7373044399, "NetReturn": null, "PerformanceDate": "2012-03-31", "FundReturn": 320993.36477549904}, {"BenchMarkReturn": 271033.0668124562, "NetReturn": null, "PerformanceDate": "2012-04-30", "FundReturn": 324630.21959840547}, {"BenchMarkReturn": 272391.4097381938, "NetReturn": null, "PerformanceDate": "2012-05-31", "FundReturn": 327616.8176187108}, {"BenchMarkReturn": 273712.7690263946, "NetReturn": null, "PerformanceDate": "2012-06-30", "FundReturn": 331050.2418673549}, {"BenchMarkReturn": 275081.16891757795, "NetReturn": null, "PerformanceDate": "2012-07-31", "FundReturn": 336972.73069436185}, {"BenchMarkReturn": 276420.05911239784, "NetReturn": null, "PerformanceDate": "2012-08-31", "FundReturn": 340440.1800932068}, {"BenchMarkReturn": 277680.0936919561, "NetReturn": null, "PerformanceDate": "2012-09-30", "FundReturn": 342489.6299773679}, {"BenchMarkReturn": 278948.94343895826, "NetReturn": null, "PerformanceDate": "2012-10-31", "FundReturn": 346017.2731661348}, {"BenchMarkReturn": 280175.8150082978, "NetReturn": null, "PerformanceDate": "2012-11-30", "FundReturn": 349442.8441704795}, {"BenchMarkReturn": 281452.42658340535, "NetReturn": null, "PerformanceDate": "2012-12-31", "FundReturn": 351941.3605062984}, {"BenchMarkReturn": 282738.0947946325, "NetReturn": null, "PerformanceDate": "2013-01-31", "FundReturn": 354874.1300963607}, {"BenchMarkReturn": 283904.8257005406, "NetReturn": null, "PerformanceDate": "2013-02-28", "FundReturn": 356126.83577560086}, {"BenchMarkReturn": 285201.2785066263, "NetReturn": null, "PerformanceDate": "2013-03-31", "FundReturn": 359435.2540799562}, {"BenchMarkReturn": 286462.5332470071, "NetReturn": null, "PerformanceDate": "2013-04-30", "FundReturn": 363935.3834610373}, {"BenchMarkReturn": 287775.2177270455, "NetReturn": null, "PerformanceDate": "2013-05-31", "FundReturn": 363851.6783228413}, {"BenchMarkReturn": 289053.6956792506, "NetReturn": null, "PerformanceDate": "2013-06-30", "FundReturn": 362498.1500794804}, {"BenchMarkReturn": 290382.52899322176, "NetReturn": null, "PerformanceDate": "2013-07-31", "FundReturn": 364455.6400899096}, {"BenchMarkReturn": 291718.89378378104, "NetReturn": null, "PerformanceDate": "2013-08-31", "FundReturn": 364944.01064763}, {"BenchMarkReturn": 293018.31883956026, "NetReturn": null, "PerformanceDate": "2013-09-30", "FundReturn": 369389.02869731816}, {"BenchMarkReturn": 294366.4811806068, "NetReturn": null, "PerformanceDate": "2013-10-31", "FundReturn": 372451.2637452189}, {"BenchMarkReturn": 295678.24121517455, "NetReturn": null, "PerformanceDate": "2013-11-30", "FundReturn": 373523.92338480515}, {"BenchMarkReturn": 297045.9984937349, "NetReturn": null, "PerformanceDate": "2013-12-31", "FundReturn": 377139.63496317004}, {"BenchMarkReturn": 298427.52467834746, "NetReturn": null, "PerformanceDate": "2014-01-31", "FundReturn": 374793.8264336991}, {"BenchMarkReturn": 299705.8249542135, "NetReturn": null, "PerformanceDate": "2014-02-28", "FundReturn": 377904.6151930988}, {"BenchMarkReturn": 301170.30539932905, "NetReturn": null, "PerformanceDate": "2014-03-31", "FundReturn": 381899.06697568984}, {"BenchMarkReturn": 302639.2732013641, "NetReturn": null, "PerformanceDate": "2014-04-30", "FundReturn": 385767.70452415355}, {"BenchMarkReturn": 304193.0580334963, "NetReturn": null, "PerformanceDate": "2014-05-31", "FundReturn": 388803.69635875867}, {"BenchMarkReturn": 305713.54239443905, "NetReturn": null, "PerformanceDate": "2014-06-30", "FundReturn": 391832.4771533934}, {"BenchMarkReturn": 307301.54571046936, "NetReturn": null, "PerformanceDate": "2014-07-31", "FundReturn": 394406.81652829115}, {"BenchMarkReturn": 308916.09020814253, "NetReturn": null, "PerformanceDate": "2014-08-31", "FundReturn": 396828.4743817749}, {"BenchMarkReturn": 310513.97104138776, "NetReturn": null, "PerformanceDate": "2014-09-30", "FundReturn": 398296.73973698745}, {"BenchMarkReturn": 312198.5500116175, "NetReturn": null, "PerformanceDate": "2014-10-31", "FundReturn": 401857.5125902361}, {"BenchMarkReturn": 313846.6811233664, "NetReturn": null, "PerformanceDate": "2014-11-30", "FundReturn": 404545.9393494648}, {"BenchMarkReturn": 315556.58218069613, "NetReturn": null, "PerformanceDate": "2014-12-31", "FundReturn": 405864.1927474289}, {"BenchMarkReturn": 317276.28508665244, "NetReturn": null, "PerformanceDate": "2015-01-31", "FundReturn": 412232.201931636}, {"BenchMarkReturn": 318839.9168506161, "NetReturn": null, "PerformanceDate": "2015-02-28", "FundReturn": 412013.7188646122}, {"BenchMarkReturn": 320581.66757738974, "NetReturn": null, "PerformanceDate": "2015-03-31", "FundReturn": 413892.5014226348}, {"BenchMarkReturn": 322276.4661621444, "NetReturn": null, "PerformanceDate": "2015-04-30", "FundReturn": 416706.9704323087}, {"BenchMarkReturn": 324038.0908809917, "NetReturn": null, "PerformanceDate": "2015-05-31", "FundReturn": 416990.33117220266}, {"BenchMarkReturn": 325754.4325100276, "NetReturn": null, "PerformanceDate": "2015-06-30", "FundReturn": 418624.93327039765}, {"BenchMarkReturn": 327541.88454296987, "NetReturn": null, "PerformanceDate": "2015-07-31", "FundReturn": 422978.6325764098}, {"BenchMarkReturn": 329353.4371484478, "NetReturn": null, "PerformanceDate": "2015-08-31", "FundReturn": 424797.4406964883}, {"BenchMarkReturn": 331132.3108710723, "NetReturn": null, "PerformanceDate": "2015-09-30", "FundReturn": 426878.94815590105}, {"BenchMarkReturn": 332995.4311658867, "NetReturn": null, "PerformanceDate": "2015-10-31", "FundReturn": 431011.64862878795}, {"BenchMarkReturn": 334814.71272544336, "NetReturn": null, "PerformanceDate": "2015-11-30", "FundReturn": 432412.09167751257}, {"BenchMarkReturn": 336724.5114204213, "NetReturn": null, "PerformanceDate": "2015-12-31", "FundReturn": 433005.3610672941}, {"BenchMarkReturn": 338677.38961645146, "NetReturn": null, "PerformanceDate": "2016-01-31", "FundReturn": 436187.73396845814}, {"BenchMarkReturn": 340562.3536114329, "NetReturn": null, "PerformanceDate": "2016-02-29", "FundReturn": 437670.7722639509}, {"BenchMarkReturn": 342641.0259106158, "NetReturn": null, "PerformanceDate": "2016-03-31", "FundReturn": 444415.93537069677}, {"BenchMarkReturn": 344651.9483089878, "NetReturn": null, "PerformanceDate": "2016-04-30", "FundReturn": 448941.7339317313}, {"BenchMarkReturn": 346931.784027666, "NetReturn": null, "PerformanceDate": "2016-05-31", "FundReturn": 452980.2341934876}, {"BenchMarkReturn": 349110.95029371703, "NetReturn": null, "PerformanceDate": "2016-06-30", "FundReturn": 455836.63695426495}, {"BenchMarkReturn": 351389.78144775494, "NetReturn": null, "PerformanceDate": "2016-07-31", "FundReturn": 459804.83162994287}, {"BenchMarkReturn": 353689.7687398725, "NetReturn": null, "PerformanceDate": "2016-08-31", "FundReturn": 464218.86605262395}, {"BenchMarkReturn": 355934.6255524974, "NetReturn": null, "PerformanceDate": "2016-09-30", "FundReturn": 466706.4292682536}, {"BenchMarkReturn": 358270.6572706279, "NetReturn": null, "PerformanceDate": "2016-10-31", "FundReturn": 468209.1306292116}, {"BenchMarkReturn": 360546.6993758483, "NetReturn": null, "PerformanceDate": "2016-11-30", "FundReturn": 469263.63123321475}, {"BenchMarkReturn": 362914.15522562875, "NetReturn": null, "PerformanceDate": "2016-12-31", "FundReturn": 473185.0796939782}, {"BenchMarkReturn": 365297.25778634317, "NetReturn": null, "PerformanceDate": "2017-01-31", "FundReturn": 477396.4269032545}, {"BenchMarkReturn": 367462.50333408586, "NetReturn": null, "PerformanceDate": "2017-02-28", "FundReturn": 479921.09016728966}, {"BenchMarkReturn": 369871.86972169584, "NetReturn": null, "PerformanceDate": "2017-03-31", "FundReturn": 484416.3190504505}, {"BenchMarkReturn": 372217.31436540146, "NetReturn": null, "PerformanceDate": "2017-04-30", "FundReturn": 489205.2587805833}, {"BenchMarkReturn": 374655.3916704986, "NetReturn": null, "PerformanceDate": "2017-05-31", "FundReturn": 493128.2935917965}, {"BenchMarkReturn": 377030.06256075145, "NetReturn": null, "PerformanceDate": "2017-06-30", "FundReturn": 494855.32750161365}, {"BenchMarkReturn": 379496.22083151265, "NetReturn": null, "PerformanceDate": "2017-07-31", "FundReturn": 499797.1507441758}, {"BenchMarkReturn": 381953.5734291361, "NetReturn": null, "PerformanceDate": "2017-08-31", "FundReturn": 502956.11863545433}, {"BenchMarkReturn": 384237.09061384015, "NetReturn": null, "PerformanceDate": "2017-09-30", "FundReturn": 506828.17661038117}], "InitialInvestedAmount": 100000}, "PerformanceReturn": {"FiveYearFundReturn": "8.1%", "ThreeYearBenchmarkReturn": "7.3%", "InceptionBenchmarkReturn": "8.6%", "TenYearBenchmarkReturn": "7.7%", "InceptionFundReturn": "10.5%", "TenYearOutperformance": "1.4%", "FiveYearBenchmarkReturn": "6.7%", "FiveYearOutPerformance": "1.4%", "ThreeYearFundReturn": "8.2%", "ThreeYearOutPerformance": "0.9%", "InceptionOutperformance": "1.9%", "TenYearFundReturn": "9.1%"}}, "FundQuartileRanking": "-", "Description": "A widely diversified, actively managed fund that aims to provide a higher level of income than a pure income fund.\r\n", "HighestReturn": "18.70%", "InitialFee": "Coronation: 0.00%", "FundNav": "1513.87  cents", "DisplayName": "Strategic Income", "CompareFundsSortinoRatio": "3.11", "DisplayDisclaimer": "-", "InvestorProfile": "The fund is suitable for investors who are:\r\n \r\nLooking for an intelligent alternative to cash or bank deposits over periods from 12 to 36 months.\r\nSeeking managed exposure to income generating investments.\r\nBelievers in the benefits of active management within the fixed\r\ninterest universe.", "Regulation28PropertyExposure": 10, "ShowExploreLink": false, "FundProspectus": {"Title": null, "Id": 0, "URL": null, "LastUpdated": "/Date(1507759200000)/", "Size": null}, "HistoricalReportsJson": "[{\"URL\":\"/assets/factsheet/2005/December/Strategic Income.pdf\",\"LastUpdated\":\"01-12-2005\"},{\"URL\":\"/assets/factsheet/2014/March/Coronation Strategic Income Fund.pdf\",\"LastUpdated\":\"01-03-2014\"},{\"URL\":\"/assets/factsheet/2013/March/CORONATION STRATEGIC INCOME FUND.pdf\",\"LastUpdated\":\"01-03-2013\"},{\"URL\":\"/assets/factsheet/2013/June/CORONATION STRATEGIC INCOME FUND.pdf\",\"LastUpdated\":\"01-06-2013\"},{\"URL\":\"/assets/factsheet/2013/September/Coronation Strategic Income Fund.pdf\",\"LastUpdated\":\"01-09-2013\"},{\"URL\":\"/assets/factsheet/2013/December/Coronation Strategic Income Fund.pdf\",\"LastUpdated\":\"01-12-2013\"},{\"URL\":\"/assets/factsheet/2012/March/CORONATION STRATEGIC INCOME FUND.pdf\",\"LastUpdated\":\"01-03-2012\"},{\"URL\":\"/assets/factsheet/2012/June/CORONATION STRATEGIC INCOME FUND.pdf\",\"LastUpdated\":\"01-06-2012\"},{\"URL\":\"/assets/factsheet/2012/September/CORONATION STRATEGIC INCOME FUND.pdf\",\"LastUpdated\":\"01-09-2012\"},{\"URL\":\"/assets/factsheet/2012/December/CORONATION STRATEGIC INCOME FUND.pdf\",\"LastUpdated\":\"01-12-2012\"},{\"URL\":\"/assets/factsheet/2011/March/CORONATION STRATEGIC INCOME FUND.pdf\",\"LastUpdated\":\"01-03-2011\"},{\"URL\":\"/assets/factsheet/2011/June/CORONATION STRATEGIC INCOME FUND.pdf\",\"LastUpdated\":\"01-06-2011\"},{\"URL\":\"/assets/factsheet/2011/September/CORONATION STRATEGIC INCOME FUND.pdf\",\"LastUpdated\":\"01-09-2011\"},{\"URL\":\"/assets/factsheet/2011/December/CORONATION STRATEGIC INCOME FUND.pdf\",\"LastUpdated\":\"01-12-2011\"},{\"URL\":\"/assets/factsheet/2010/March/CORONATION STRATEGIC INCOME FUND.pdf\",\"LastUpdated\":\"01-03-2010\"},{\"URL\":\"/assets/factsheet/2010/June/CORONATION STRATEGIC INCOME FUND.pdf\",\"LastUpdated\":\"01-06-2010\"},{\"URL\":\"/assets/factsheet/2010/September/CORONATION STRATEGIC INCOME FUND.pdf\",\"LastUpdated\":\"01-09-2010\"},{\"URL\":\"/assets/factsheet/2010/December/CORONATION STRATEGIC INCOME FUND.pdf\",\"LastUpdated\":\"01-12-2010\"},{\"URL\":\"/assets/factsheet/2009/March/CORONATION STRATEGIC INCOME FUND.pdf\",\"LastUpdated\":\"01-03-2009\"},{\"URL\":\"/assets/factsheet/2009/June/CORONATION STRATEGIC INCOME FUND.pdf\",\"LastUpdated\":\"01-06-2009\"},{\"URL\":\"/assets/factsheet/2009/September/CORONATION STRATEGIC INCOME FUND.pdf\",\"LastUpdated\":\"01-09-2009\"},{\"URL\":\"/assets/factsheet/2009/December/CORONATION STRATEGIC INCOME FUND.pdf\",\"LastUpdated\":\"01-12-2009\"},{\"URL\":\"/assets/factsheet/2008/March/Strategic Income.pdf\",\"LastUpdated\":\"01-03-2008\"},{\"URL\":\"/assets/factsheet/2008/June/Strategic Income.pdf\",\"LastUpdated\":\"01-06-2008\"},{\"URL\":\"/assets/factsheet/2008/September/Strategic Income.pdf\",\"LastUpdated\":\"01-09-2008\"},{\"URL\":\"/assets/factsheet/2008/December/Strategic Income.pdf\",\"LastUpdated\":\"01-12-2008\"},{\"URL\":\"/assets/factsheet/2007/March/Strategic Income.pdf\",\"LastUpdated\":\"01-03-2007\"},{\"URL\":\"/assets/factsheet/2007/June/Strategic Income.pdf\",\"LastUpdated\":\"01-06-2007\"},{\"URL\":\"/assets/factsheet/2007/September/Strategic Income.pdf\",\"LastUpdated\":\"01-09-2007\"},{\"URL\":\"/assets/factsheet/2007/December/Strategic Income.pdf\",\"LastUpdated\":\"01-12-2007\"},{\"URL\":\"/assets/factsheet/2006/March/Strategic Income.pdf\",\"LastUpdated\":\"01-03-2006\"},{\"URL\":\"/assets/factsheet/2006/June/Strategic Income.pdf\",\"LastUpdated\":\"01-06-2006\"},{\"URL\":\"/assets/factsheet/2006/September/Strategic Income.pdf\",\"LastUpdated\":\"01-09-2006\"},{\"URL\":\"/assets/factsheet/2006/December/Strategic Income.pdf\",\"LastUpdated\":\"01-12-2006\"},{\"URL\":\"/assets/factsheet/2005/March/Strategic Income.pdf\",\"LastUpdated\":\"01-03-2005\"},{\"URL\":\"/assets/factsheet/2005/June/Strategic Income.pdf\",\"LastUpdated\":\"01-06-2005\"},{\"URL\":\"/assets/factsheet/2005/September/Strategic Income.pdf\",\"LastUpdated\":\"01-09-2005\"},{\"URL\":\"/Assets/za/personal/HistoricalReports/2014/June/Coronation Strategic Income Fund.pdf\",\"LastUpdated\":\"30-06-2014\"},{\"URL\":\"/Assets/za/Personal/HistoricalReports/2014/September/Coronation-Strategic-Income-Fund.pdf\",\"LastUpdated\":\"30-09-2014\"},{\"URL\":\"/Assets/za/Personal/HistoricalReports/2014/December/2014-December-Strategic-Income-Fund.pdf\",\"LastUpdated\":\"31-12-2014\"},{\"URL\":\"/Assets/za/Personal/HistoricalReports/2015/Strategic_Income/2015-February-Strategic-Income-Fund-Historical-report.pdf\",\"LastUpdated\":\"28-02-2015\"},{\"URL\":\"/Assets/za/Personal/HistoricalReports/2015/March/2015-March-Strategic-Income-FundComprehensive.pdf\",\"LastUpdated\":\"31-03-2015\"},{\"URL\":\"/Assets/za/Personal/HistoricalReports/2015/June/2015-June-Strategic-Income-Fund-Comprehensive.pdf\",\"LastUpdated\":\"30-06-2015\"},{\"URL\":\"/Assets/za/Personal/HistoricalReports/2015/September/2015-September-Strategic-Income-Fund-Comprehensive.pdf\",\"LastUpdated\":\"30-09-2015\"},{\"URL\":\"/Assets/za/Personal/HistoricalReports/2015/December/2015-December-Strategic-Income-Fund-Comprehensive.pdf\",\"LastUpdated\":\"31-12-2015\"},{\"URL\":\"/Assets/za/Personal/HistoricalReports/2016/March/2016-March-Strategic-Income-Fund-Comprehensive.pdf\",\"LastUpdated\":\"31-03-2016\"},{\"URL\":\"/Assets/za/Personal/HistoricalReports/2016/June/2016-June-Strategic-Income-Fund-Comprehensive.pdf\",\"LastUpdated\":\"30-06-2016\"},{\"URL\":\"/Assets/za/Personal/HistoricalReports/2016/July/2016-July-Strategic-Income-Fund-Comprehensive.pdf\",\"LastUpdated\":\"31-07-2016\"},{\"URL\":\"/Assets/za/Personal/HistoricalReports/2016/August/2016-August-Strategic-Income-Fund-Comprehensive.pdf\",\"LastUpdated\":\"31-08-2016\"},{\"URL\":\"/Assets/za/Personal/HistoricalReports/2016/September/2016-September-Strategic-Income-Fund-Comprehensive.pdf\",\"LastUpdated\":\"30-09-2016\"},{\"URL\":\"/Assets/za/Personal/HistoricalReports/2016/October/2016-October-Strategic-Income-Fund-Comprehensive.pdf\",\"LastUpdated\":\"31-10-2016\"},{\"URL\":\"/Assets/za/Personal/HistoricalReports/2016/November/2016-November-Strategic-Income-Fund-Comprehensive.pdf\",\"LastUpdated\":\"30-11-2016\"},{\"URL\":\"/Assets/za/Personal/HistoricalReports/2016/December/2016-December-Strategic-Income-Fund-Comprehensive.pdf\",\"LastUpdated\":\"31-12-2016\"},{\"URL\":\"/Assets/za/Personal/HistoricalReports/2017/January/2017-January-Strategic-Income-Fund-Comprehensive.pdf\",\"LastUpdated\":\"31-01-2017\"},{\"URL\":\"/Assets/za/Personal/HistoricalReports/2017/February/2017-February-Strategic-Income-Fund-Comprehensive.pdf\",\"LastUpdated\":\"28-02-2017\"},{\"URL\":\"/Assets/za/Personal/HistoricalReports/2017/March/2017-March-Strategic-Income-Fund-Comprehensive.pdf\",\"LastUpdated\":\"31-03-2017\"},{\"URL\":\"/Assets/za/Personal/HistoricalReports/2017/April/2017-April-Strategic-Income-Fund-Comprehensive.pdf\",\"LastUpdated\":\"30-04-2017\"},{\"URL\":\"/Assets/za/Personal/HistoricalReports/2017/May/2017-May-Strategic-Income-Fund-Comprehensive.pdf\",\"LastUpdated\":\"31-05-2017\"},{\"URL\":\"/Assets/za/Personal/HistoricalReports/2017/June/2017-June-Strategic-Income-Fund-Comprehensive.pdf\",\"LastUpdated\":\"30-06-2017\"},{\"URL\":\"/Assets/za/Personal/HistoricalReports/2017/July/2017-July-Strategic-Income-Fund-Comprehensive.pdf\",\"LastUpdated\":\"31-07-2017\"}]", "AlternativeDescription": "Asset allocation across the yielding asset classes.", "PortfolioManagers": "Nishan Maharaj and Mark le Roux", "BenchmarkReturnPercent": null, "RiskRating": 2, "Name": "Coronation Strategic Income Fund", "IsReg28Compliant": "Yes", "GrowthPercentage": null, "TERExplanation": "1.00%", "OutperformancePercent": null, "LaunchDate": "02 July 2001", "SuitableFor": null, "TERPerformance": 0, "NotSuitableFor": null, "TERDate": "/Date(1498773600000)/", "MonthlyFactSheet": {"Title": "MONTHLY FACTSHEET", "Id": 227469, "URL": "/Assets/za/Personal/Funds/FactsheetMonthly/2017/August/2017-August-Strategic-Income-Fund.pdf", "LastUpdated": "/Date(1504130400000)/", "Size": null}, "MDD": {"Title": "Comprehensive Fact Sheet", "Id": 55304, "URL": "/Assets/za/Personal/Funds/FactsheetComprehensive/2017/August/2017-August-Strategic-Income-Fund-Comprehensive.pdf", "LastUpdated": "/Date(1504130400000)/", "Size": "0.51"}, "Regulation28InternationalExposure": 10, "LowestReturn": "2.60%", "FeeExplanation": "An annual fee of 0.85% (excl. VAT) is payable.\r\n\r\nOther costs that are incurred in the fund include trading, custody and audit charges. All performance information is disclosed after deducting all fees and other fund costs.\r\n\r\nWe do not charge fees to access or withdraw from the fund. ", "FundReturnPercent": null, "HighestReturnDate": "Nov 2002 - Oct 2003", "LowestReturnDate": "Jun 2007 - May 2008", "TimeHorizon": "1 - 3 years", "HistoricalReports": null, "CompareFundsStandardDeviation": "1.51%", "TERTotal": 1, "DisplayCurrency": null, "QuartelyCommentaty": {"Title": "Latest Commentary", "Id": 24, "URL": "/Assets/za/Personal/QuarterlyCommentary/2017/August/2017-August-Strategic-Income-Fund-Commentary.pdf", "LastUpdated": "/Date(1504130400000)/", "Size": "0.15"}, "Regulation28EquityExposure": 10, "FundPricingClass": "A", "DisplayDescription": "Asset allocation across the yielding asset classes.", "SharingRate": "-", "FundCategoryDescription": "South African - Multi Asset - Income", "FundDisplayObjective": "The fund aims to achieve a higher return than a traditional money market or pure income fund. ", "GraphDisclaimer": null, "HideHoldingsTab": true, "StaticFactSheet": {"Title": "Static Fact Sheet", "Id": 23, "URL": "/Assets/za/Personal/StaticFactSheet/2017/August/2017-August-Strategic-Income-Fund-Static.pdf", "LastUpdated": "/Date(1504130400000)/", "Size": "0.15"}, "FundCurrency": "ZAR", "Disclaimer": "-", "FundObjective": "The fund aims to provide a higher total return than a traditional money market or pure income fund. The fund`s objective is to produce a return of at least 110% of the 3-month STeFI index.", "GraphHeader": "R100\u00a0000 invested at launch in July 2001, would have grown to R506\u00a0828 as at end September 2017.", "InceptionDate": "/Date(994024800000)/", "BenchmarkDescription": "110% of the STeFI 3-month Index", "FundDisplayHighlights": "Outperformed cash by\r\n2.4% p.a. over the past\r\n5 years and 2.7% p.a.\r\nsince launch in 2001.\r\n", "Capital": null, "TC": "0,01", "Brochure": {"Title": null, "Id": 0, "URL": null, "LastUpdated": "/Date(1507759200000)/", "Size": null}, "FundPurpose": "Conservative fund for short term investors requiring an immediate income", "PageId": 0}