{"MinimumStandardFee": "Minimum - standard: 1.00%", "IncomePercentage": 0.0, "IsFlagShip": true, "PortfolioHoldings": {"Title": "Portfolio Holdings", "Id": 12229, "URL": "/Assets/za/Personal/PortfolioHoldings/2017/June/2017-June-Top-20-Fund-Portofolio-Holdings.pdf", "LastUpdated": "/Date(1498773600000)/", "Size": "0.04"}, "SearchTags": "coronation top 20 fund,Coronation Top 20,Top 20,Top 20 Fund,General Investor Report,General Investor,Investor Report", "DisplayCapital": "R 20.12 billion", "FundSize": "R 22.40 billion", "AdviceCosts": "Advice fees are usually collected through the redemption of units. You may cancel the instruction to facilitate the payment of advice fees at any time. Advisers will only share in Coronation fees subject to prior approval by and/or disclosure to the investor. A portion of Coronation\u2019s annual management fee may be paid to administration platforms such as Linked Investment Service Providers (LISPs) as a payment for administration and distribution services.\r\n", "CompareFundAnnualManagementFee": "0.50% - 3.00%", "KIID": {"Title": null, "Id": 0, "URL": null, "LastUpdated": "/Date(1507759200000)/", "Size": null}, "MinimumDiscountedFee": "Minimum - discounted: 0.50%", "Benefits": {"Title": null, "Id": 0, "URL": null, "LastUpdated": "/Date(1507759200000)/", "Size": null}, "MaximumFee": "Maximum: 3.00%", "FundCode": "UTTOP", "NumberOfUnits": "33161821.83680", "FundProjection": "-", "FundHighlights": "Consistent top decile performer when compared to broad-based\r\nequity funds.\r\nThe fund added, on average, 6.4% per annum to the return of the\r\nmarket since launch.", "FundPerformanceChartData": {"TenYears": {"LastPerformanceDate": "2017-09-30", "FundPerformanceSeries": [{"BenchMarkReturn": 104613.76418999999, "NetReturn": null, "PerformanceDate": "2007-10-31", "FundReturn": 107650}, {"BenchMarkReturn": 101580.60319013128, "NetReturn": null, "PerformanceDate": "2007-11-30", "FundReturn": 101384.77}, {"BenchMarkReturn": 96575.13028278878, "NetReturn": null, "PerformanceDate": "2007-12-31", "FundReturn": 98586.550348}, {"BenchMarkReturn": 92449.79726157607, "NetReturn": null, "PerformanceDate": "2008-01-31", "FundReturn": 91074.2552114824}, {"BenchMarkReturn": 104491.91455386595, "NetReturn": null, "PerformanceDate": "2008-02-29", "FundReturn": 98624.3109685143}, {"BenchMarkReturn": 101502.46797148428, "NetReturn": null, "PerformanceDate": "2008-03-31", "FundReturn": 94620.16394319262}, {"BenchMarkReturn": 106507.94087887218, "NetReturn": null, "PerformanceDate": "2008-04-30", "FundReturn": 99322.7860911693}, {"BenchMarkReturn": 111364.02750914675, "NetReturn": null, "PerformanceDate": "2008-05-31", "FundReturn": 102838.8127187967}, {"BenchMarkReturn": 106869.70354866666, "NetReturn": null, "PerformanceDate": "2008-06-30", "FundReturn": 95979.46391045296}, {"BenchMarkReturn": 96108.3842616503, "NetReturn": null, "PerformanceDate": "2008-07-31", "FundReturn": 96708.90783617241}, {"BenchMarkReturn": 95658.50437482334, "NetReturn": null, "PerformanceDate": "2008-08-31", "FundReturn": 100093.71961043843}, {"BenchMarkReturn": 82006.87039297726, "NetReturn": null, "PerformanceDate": "2008-09-30", "FundReturn": 91285.47228471986}, {"BenchMarkReturn": 72207.9567050305, "NetReturn": null, "PerformanceDate": "2008-10-31", "FundReturn": 84950.2605081603}, {"BenchMarkReturn": 73380.32920594691, "NetReturn": null, "PerformanceDate": "2008-11-30", "FundReturn": 86717.22592673003}, {"BenchMarkReturn": 73806.11453024631, "NetReturn": null, "PerformanceDate": "2008-12-31", "FundReturn": 88833.12623934224}, {"BenchMarkReturn": 70358.52707533537, "NetReturn": null, "PerformanceDate": "2009-01-31", "FundReturn": 83956.18760880236}, {"BenchMarkReturn": 63008.65342625144, "NetReturn": null, "PerformanceDate": "2009-02-28", "FundReturn": 75946.7673109226}, {"BenchMarkReturn": 70791.19655321873, "NetReturn": null, "PerformanceDate": "2009-03-31", "FundReturn": 84999.62197438457}, {"BenchMarkReturn": 71198.73885250134, "NetReturn": null, "PerformanceDate": "2009-04-30", "FundReturn": 89343.10265727562}, {"BenchMarkReturn": 79240.12662292119, "NetReturn": null, "PerformanceDate": "2009-05-31", "FundReturn": 97167.32487248653}, {"BenchMarkReturn": 76267.20204997281, "NetReturn": null, "PerformanceDate": "2009-06-30", "FundReturn": 97439.39338212948}, {"BenchMarkReturn": 84126.84778126924, "NetReturn": null, "PerformanceDate": "2009-07-31", "FundReturn": 106627.92817806429}, {"BenchMarkReturn": 86587.93505127628, "NetReturn": null, "PerformanceDate": "2009-08-31", "FundReturn": 111362.20818917034}, {"BenchMarkReturn": 86424.09206175322, "NetReturn": null, "PerformanceDate": "2009-09-30", "FundReturn": 110927.89557723257}, {"BenchMarkReturn": 91901.81842009346, "NetReturn": null, "PerformanceDate": "2009-10-31", "FundReturn": 116729.42451592184}, {"BenchMarkReturn": 94690.93595481213, "NetReturn": null, "PerformanceDate": "2009-11-30", "FundReturn": 115176.92316986008}, {"BenchMarkReturn": 97225.68372003142, "NetReturn": null, "PerformanceDate": "2009-12-31", "FundReturn": 120682.3800973794}, {"BenchMarkReturn": 93545.06740233874, "NetReturn": null, "PerformanceDate": "2010-01-31", "FundReturn": 119258.32801223031}, {"BenchMarkReturn": 93373.99601842111, "NetReturn": null, "PerformanceDate": "2010-02-28", "FundReturn": 120236.2463019306}, {"BenchMarkReturn": 100938.65547735298, "NetReturn": null, "PerformanceDate": "2010-03-31", "FundReturn": 128231.95668100899}, {"BenchMarkReturn": 100508.73967565561, "NetReturn": null, "PerformanceDate": "2010-04-30", "FundReturn": 127680.55926728065}, {"BenchMarkReturn": 94798.67293831358, "NetReturn": null, "PerformanceDate": "2010-05-31", "FundReturn": 122586.10495251615}, {"BenchMarkReturn": 91462.95307137856, "NetReturn": null, "PerformanceDate": "2010-06-30", "FundReturn": 117633.6263124345}, {"BenchMarkReturn": 99059.27967595808, "NetReturn": null, "PerformanceDate": "2010-07-31", "FundReturn": 128702.95054843459}, {"BenchMarkReturn": 95074.38349837353, "NetReturn": null, "PerformanceDate": "2010-08-31", "FundReturn": 124211.21757429422}, {"BenchMarkReturn": 103708.8414431269, "NetReturn": null, "PerformanceDate": "2010-09-30", "FundReturn": 134535.10744971223}, {"BenchMarkReturn": 107533.336656894, "NetReturn": null, "PerformanceDate": "2010-10-31", "FundReturn": 138853.684398848}, {"BenchMarkReturn": 106774.70219338003, "NetReturn": null, "PerformanceDate": "2010-11-30", "FundReturn": 135812.78871051324}, {"BenchMarkReturn": 113963.83071974426, "NetReturn": null, "PerformanceDate": "2010-12-31", "FundReturn": 145550.56566105704}, {"BenchMarkReturn": 112023.53017479113, "NetReturn": null, "PerformanceDate": "2011-01-31", "FundReturn": 141358.7093700186}, {"BenchMarkReturn": 115735.12514313076, "NetReturn": null, "PerformanceDate": "2011-02-28", "FundReturn": 146843.4272935753}, {"BenchMarkReturn": 116433.1790042588, "NetReturn": null, "PerformanceDate": "2011-03-31", "FundReturn": 148752.39184839177}, {"BenchMarkReturn": 118913.88615254761, "NetReturn": null, "PerformanceDate": "2011-04-30", "FundReturn": 152619.95403644996}, {"BenchMarkReturn": 117769.05032410266, "NetReturn": null, "PerformanceDate": "2011-05-31", "FundReturn": 152742.0499996791}, {"BenchMarkReturn": 114945.51202223648, "NetReturn": null, "PerformanceDate": "2011-06-30", "FundReturn": 149946.87048468497}, {"BenchMarkReturn": 112176.70280446217, "NetReturn": null, "PerformanceDate": "2011-07-31", "FundReturn": 147547.72055693}, {"BenchMarkReturn": 111876.20923747131, "NetReturn": null, "PerformanceDate": "2011-08-31", "FundReturn": 147001.79399086937}, {"BenchMarkReturn": 107407.35657244003, "NetReturn": null, "PerformanceDate": "2011-09-30", "FundReturn": 142797.5426827305}, {"BenchMarkReturn": 118519.07960224707, "NetReturn": null, "PerformanceDate": "2011-10-31", "FundReturn": 154635.45897112886}, {"BenchMarkReturn": 120351.64306301043, "NetReturn": null, "PerformanceDate": "2011-11-30", "FundReturn": 155888.006188795}, {"BenchMarkReturn": 116475.86089451157, "NetReturn": null, "PerformanceDate": "2011-12-31", "FundReturn": 153159.96608049108}, {"BenchMarkReturn": 123482.55913788204, "NetReturn": null, "PerformanceDate": "2012-01-31", "FundReturn": 161208.5222980209}, {"BenchMarkReturn": 125273.81763884099, "NetReturn": null, "PerformanceDate": "2012-02-29", "FundReturn": 165158.1310943224}, {"BenchMarkReturn": 122418.61223970691, "NetReturn": null, "PerformanceDate": "2012-03-31", "FundReturn": 164114.33170580628}, {"BenchMarkReturn": 125985.63988705409, "NetReturn": null, "PerformanceDate": "2012-04-30", "FundReturn": 168771.89643961706}, {"BenchMarkReturn": 121203.21378421957, "NetReturn": null, "PerformanceDate": "2012-05-31", "FundReturn": 160837.92958799066}, {"BenchMarkReturn": 123109.09359669658, "NetReturn": null, "PerformanceDate": "2012-06-30", "FundReturn": 164632.09634697135}, {"BenchMarkReturn": 126251.71272472155, "NetReturn": null, "PerformanceDate": "2012-07-31", "FundReturn": 167847.3611886277}, {"BenchMarkReturn": 130169.1441671599, "NetReturn": null, "PerformanceDate": "2012-08-31", "FundReturn": 173631.3812551878}, {"BenchMarkReturn": 132495.64608631315, "NetReturn": null, "PerformanceDate": "2012-09-30", "FundReturn": 178404.50792589292}, {"BenchMarkReturn": 139154.69428212402, "NetReturn": null, "PerformanceDate": "2012-10-31", "FundReturn": 186628.9557412766}, {"BenchMarkReturn": 142883.843880766, "NetReturn": null, "PerformanceDate": "2012-11-30", "FundReturn": 186856.64306728094}, {"BenchMarkReturn": 146904.53766538168, "NetReturn": null, "PerformanceDate": "2012-12-31", "FundReturn": 194426.2056779365}, {"BenchMarkReturn": 152451.44983865088, "NetReturn": null, "PerformanceDate": "2013-01-31", "FundReturn": 202102.65778623617}, {"BenchMarkReturn": 148867.9002944485, "NetReturn": null, "PerformanceDate": "2013-02-28", "FundReturn": 200983.00906210043}, {"BenchMarkReturn": 150204.4599732882, "NetReturn": null, "PerformanceDate": "2013-03-31", "FundReturn": 204269.08126026578}, {"BenchMarkReturn": 145687.41817600184, "NetReturn": null, "PerformanceDate": "2013-04-30", "FundReturn": 199912.02175698432}, {"BenchMarkReturn": 160797.8057095167, "NetReturn": null, "PerformanceDate": "2013-05-31", "FundReturn": 218665.768518007}, {"BenchMarkReturn": 149977.62681421355, "NetReturn": null, "PerformanceDate": "2013-06-30", "FundReturn": 204636.1728098917}, {"BenchMarkReturn": 157686.16532893322, "NetReturn": null, "PerformanceDate": "2013-07-31", "FundReturn": 217061.68122290834}, {"BenchMarkReturn": 162606.9630101972, "NetReturn": null, "PerformanceDate": "2013-08-31", "FundReturn": 225728.9541541391}, {"BenchMarkReturn": 170851.08904140192, "NetReturn": null, "PerformanceDate": "2013-09-30", "FundReturn": 239164.34150539344}, {"BenchMarkReturn": 176509.1802754862, "NetReturn": null, "PerformanceDate": "2013-10-31", "FundReturn": 245511.7631289466}, {"BenchMarkReturn": 174518.4532574016, "NetReturn": null, "PerformanceDate": "2013-11-30", "FundReturn": 238605.51723212932}, {"BenchMarkReturn": 180359.2846690765, "NetReturn": null, "PerformanceDate": "2013-12-31", "FundReturn": 248700.91666622073}, {"BenchMarkReturn": 176495.37755384913, "NetReturn": null, "PerformanceDate": "2014-01-31", "FundReturn": 242804.21793206464}, {"BenchMarkReturn": 185996.55137587266, "NetReturn": null, "PerformanceDate": "2014-02-28", "FundReturn": 254031.48496924332}, {"BenchMarkReturn": 188762.7447249587, "NetReturn": null, "PerformanceDate": "2014-03-31", "FundReturn": 261723.55833411202}, {"BenchMarkReturn": 193059.49332173305, "NetReturn": null, "PerformanceDate": "2014-04-30", "FundReturn": 264997.72004887176}, {"BenchMarkReturn": 196749.0934549793, "NetReturn": null, "PerformanceDate": "2014-05-31", "FundReturn": 269285.38315926254}, {"BenchMarkReturn": 202701.27609758466, "NetReturn": null, "PerformanceDate": "2014-06-30", "FundReturn": 272713.38608687994}, {"BenchMarkReturn": 203873.82068309112, "NetReturn": null, "PerformanceDate": "2014-07-31", "FundReturn": 278448.54859628703}, {"BenchMarkReturn": 202149.4073857842, "NetReturn": null, "PerformanceDate": "2014-08-31", "FundReturn": 272244.71493356174}, {"BenchMarkReturn": 196890.7005858773, "NetReturn": null, "PerformanceDate": "2014-09-30", "FundReturn": 262177.1053753186}, {"BenchMarkReturn": 198349.45413887373, "NetReturn": null, "PerformanceDate": "2014-10-31", "FundReturn": 263697.73258649546}, {"BenchMarkReturn": 197863.6390026954, "NetReturn": null, "PerformanceDate": "2014-11-30", "FundReturn": 269744.32159470377}, {"BenchMarkReturn": 196901.57751327273, "NetReturn": null, "PerformanceDate": "2014-12-31", "FundReturn": 265562.8233471959}, {"BenchMarkReturn": 202070.92795907642, "NetReturn": null, "PerformanceDate": "2015-01-31", "FundReturn": 272746.29771873757}, {"BenchMarkReturn": 211257.3235182595, "NetReturn": null, "PerformanceDate": "2015-02-28", "FundReturn": 284078.9063889511}, {"BenchMarkReturn": 208035.19238501528, "NetReturn": null, "PerformanceDate": "2015-03-31", "FundReturn": 277931.4388546942}, {"BenchMarkReturn": 218756.58351490216, "NetReturn": null, "PerformanceDate": "2015-04-30", "FundReturn": 293231.5645636451}, {"BenchMarkReturn": 210089.9764107041, "NetReturn": null, "PerformanceDate": "2015-05-31", "FundReturn": 283267.55599977245}, {"BenchMarkReturn": 209591.0125066387, "NetReturn": null, "PerformanceDate": "2015-06-30", "FundReturn": 278083.7597249766}, {"BenchMarkReturn": 211545.56334454694, "NetReturn": null, "PerformanceDate": "2015-07-31", "FundReturn": 276376.32544026524}, {"BenchMarkReturn": 202534.8515762864, "NetReturn": null, "PerformanceDate": "2015-08-31", "FundReturn": 266150.4013989754}, {"BenchMarkReturn": 206513.27662822572, "NetReturn": null, "PerformanceDate": "2015-09-30", "FundReturn": 254998.6995803583}, {"BenchMarkReturn": 222211.41324842442, "NetReturn": null, "PerformanceDate": "2015-10-31", "FundReturn": 270659.1132167765}, {"BenchMarkReturn": 213611.35049283836, "NetReturn": null, "PerformanceDate": "2015-11-30", "FundReturn": 255387.84940130293}, {"BenchMarkReturn": 210082.53874874508, "NetReturn": null, "PerformanceDate": "2015-12-31", "FundReturn": 239432.0338118276}, {"BenchMarkReturn": 203696.00033130814, "NetReturn": null, "PerformanceDate": "2016-01-31", "FundReturn": 236174.9201398684}, {"BenchMarkReturn": 205775.67519060857, "NetReturn": null, "PerformanceDate": "2016-02-29", "FundReturn": 247558.55129061005}, {"BenchMarkReturn": 219593.01976004272, "NetReturn": null, "PerformanceDate": "2016-03-31", "FundReturn": 273067.2319741458}, {"BenchMarkReturn": 224057.59035166822, "NetReturn": null, "PerformanceDate": "2016-04-30", "FundReturn": 284789.29826799274}, {"BenchMarkReturn": 226531.0223289949, "NetReturn": null, "PerformanceDate": "2016-05-31", "FundReturn": 282061.073748445}, {"BenchMarkReturn": 220391.91469445743, "NetReturn": null, "PerformanceDate": "2016-06-30", "FundReturn": 275654.36672543024}, {"BenchMarkReturn": 223704.52550630053, "NetReturn": null, "PerformanceDate": "2016-07-31", "FundReturn": 287174.7621085495}, {"BenchMarkReturn": 222972.81860382666, "NetReturn": null, "PerformanceDate": "2016-08-31", "FundReturn": 287992.3199387963}, {"BenchMarkReturn": 221316.31443257994, "NetReturn": null, "PerformanceDate": "2016-09-30", "FundReturn": 293108.215510189}, {"BenchMarkReturn": 216104.85729873826, "NetReturn": null, "PerformanceDate": "2016-10-31", "FundReturn": 281303.34075215925}, {"BenchMarkReturn": 215938.44010840444, "NetReturn": null, "PerformanceDate": "2016-11-30", "FundReturn": 280423.93024829985}, {"BenchMarkReturn": 218357.05344433515, "NetReturn": null, "PerformanceDate": "2016-12-31", "FundReturn": 283190.1721082342}, {"BenchMarkReturn": 227600.38895421167, "NetReturn": null, "PerformanceDate": "2017-01-31", "FundReturn": 295112.4783539909}, {"BenchMarkReturn": 220402.91398214348, "NetReturn": null, "PerformanceDate": "2017-02-28", "FundReturn": 290766.59297525435}, {"BenchMarkReturn": 225514.73895870347, "NetReturn": null, "PerformanceDate": "2017-03-31", "FundReturn": 299391.57334602}, {"BenchMarkReturn": 233004.8988410905, "NetReturn": null, "PerformanceDate": "2017-04-30", "FundReturn": 310037.9376942045}, {"BenchMarkReturn": 231031.2181527463, "NetReturn": null, "PerformanceDate": "2017-05-31", "FundReturn": 306489.3674745317}, {"BenchMarkReturn": 223363.17978181157, "NetReturn": null, "PerformanceDate": "2017-06-30", "FundReturn": 294522.88855766633}, {"BenchMarkReturn": 237709.3506986692, "NetReturn": null, "PerformanceDate": "2017-07-31", "FundReturn": 314668.90208536555}, {"BenchMarkReturn": 244326.7861866344, "NetReturn": null, "PerformanceDate": "2017-08-31", "FundReturn": 324762.6623251186}, {"BenchMarkReturn": 242102.7355075374, "NetReturn": null, "PerformanceDate": "2017-09-30", "FundReturn": 321083.52355243603}], "InitialInvestedAmount": 100000}, "FiveYears": {"LastPerformanceDate": "2017-09-30", "FundPerformanceSeries": [{"BenchMarkReturn": 105025.8619, "NetReturn": null, "PerformanceDate": "2012-10-31", "FundReturn": 104610}, {"BenchMarkReturn": 107840.40691245474, "NetReturn": null, "PerformanceDate": "2012-11-30", "FundReturn": 104737.6242}, {"BenchMarkReturn": 110874.99250328723, "NetReturn": null, "PerformanceDate": "2012-12-31", "FundReturn": 108980.54535634202}, {"BenchMarkReturn": 115061.4788800967, "NetReturn": null, "PerformanceDate": "2013-01-31", "FundReturn": 113283.38063642832}, {"BenchMarkReturn": 112356.82431215122, "NetReturn": null, "PerformanceDate": "2013-02-28", "FundReturn": 112655.79070770252}, {"BenchMarkReturn": 113365.58174556078, "NetReturn": null, "PerformanceDate": "2013-03-31", "FundReturn": 114497.71288577346}, {"BenchMarkReturn": 109956.381571282, "NetReturn": null, "PerformanceDate": "2013-04-30", "FundReturn": 112055.47666991992}, {"BenchMarkReturn": 121360.82238111156, "NetReturn": null, "PerformanceDate": "2013-05-31", "FundReturn": 122567.40093632511}, {"BenchMarkReturn": 113194.381282923, "NetReturn": null, "PerformanceDate": "2013-06-30", "FundReturn": 114703.4764922505}, {"BenchMarkReturn": 119012.33737613531, "NetReturn": null, "PerformanceDate": "2013-07-31", "FundReturn": 121668.27158485996}, {"BenchMarkReturn": 122726.26898567544, "NetReturn": null, "PerformanceDate": "2013-08-31", "FundReturn": 126526.48566924343}, {"BenchMarkReturn": 128948.45535535745, "NetReturn": null, "PerformanceDate": "2013-09-30", "FundReturn": 134057.34209627679}, {"BenchMarkReturn": 133218.8532146187, "NetReturn": null, "PerformanceDate": "2013-10-31", "FundReturn": 137615.22395551196}, {"BenchMarkReturn": 131716.3683580312, "NetReturn": null, "PerformanceDate": "2013-11-30", "FundReturn": 133744.1077056434}, {"BenchMarkReturn": 136124.68786452274, "NetReturn": null, "PerformanceDate": "2013-12-31", "FundReturn": 139402.8209026692}, {"BenchMarkReturn": 133208.4357238975, "NetReturn": null, "PerformanceDate": "2014-01-31", "FundReturn": 136097.5800190669}, {"BenchMarkReturn": 140379.36858295466, "NetReturn": null, "PerformanceDate": "2014-02-28", "FundReturn": 142390.73211914857}, {"BenchMarkReturn": 142467.13027988168, "NetReturn": null, "PerformanceDate": "2014-03-31", "FundReturn": 146702.3234877164}, {"BenchMarkReturn": 145710.06597150076, "NetReturn": null, "PerformanceDate": "2014-04-30", "FundReturn": 148537.56955454775}, {"BenchMarkReturn": 148494.76134997583, "NetReturn": null, "PerformanceDate": "2014-05-31", "FundReturn": 150940.90742994036}, {"BenchMarkReturn": 152987.12228289875, "NetReturn": null, "PerformanceDate": "2014-06-30", "FundReturn": 152862.38518152348}, {"BenchMarkReturn": 153872.0906725337, "NetReturn": null, "PerformanceDate": "2014-07-31", "FundReturn": 156077.08114189093}, {"BenchMarkReturn": 152570.60390806783, "NetReturn": null, "PerformanceDate": "2014-08-31", "FundReturn": 152599.6837740496}, {"BenchMarkReturn": 148601.6381682569, "NetReturn": null, "PerformanceDate": "2014-09-30", "FundReturn": 146956.54746808525}, {"BenchMarkReturn": 149702.62042396524, "NetReturn": null, "PerformanceDate": "2014-10-31", "FundReturn": 147808.89544340014}, {"BenchMarkReturn": 149335.95544248965, "NetReturn": null, "PerformanceDate": "2014-11-30", "FundReturn": 151198.15341591727}, {"BenchMarkReturn": 148609.8474398192, "NetReturn": null, "PerformanceDate": "2014-12-31", "FundReturn": 148854.3234891282}, {"BenchMarkReturn": 152511.37220572444, "NetReturn": null, "PerformanceDate": "2015-01-31", "FundReturn": 152880.83293950913}, {"BenchMarkReturn": 159444.72875783234, "NetReturn": null, "PerformanceDate": "2015-02-28", "FundReturn": 159233.03154814572}, {"BenchMarkReturn": 157012.8517653271, "NetReturn": null, "PerformanceDate": "2015-03-31", "FundReturn": 155787.22874544386}, {"BenchMarkReturn": 165104.73360943128, "NetReturn": null, "PerformanceDate": "2015-04-30", "FundReturn": 164363.31568788056}, {"BenchMarkReturn": 158563.68312196675, "NetReturn": null, "PerformanceDate": "2015-05-31", "FundReturn": 158778.25022080637}, {"BenchMarkReturn": 158187.09421598839, "NetReturn": null, "PerformanceDate": "2015-06-30", "FundReturn": 155872.6082417656}, {"BenchMarkReturn": 159662.275397893, "NetReturn": null, "PerformanceDate": "2015-07-31", "FundReturn": 154915.55042716116}, {"BenchMarkReturn": 152861.51474316884, "NetReturn": null, "PerformanceDate": "2015-08-31", "FundReturn": 149183.6750613562}, {"BenchMarkReturn": 155864.1983553893, "NetReturn": null, "PerformanceDate": "2015-09-30", "FundReturn": 142932.87907628535}, {"BenchMarkReturn": 167712.23795811879, "NetReturn": null, "PerformanceDate": "2015-10-31", "FundReturn": 151710.9160320126}, {"BenchMarkReturn": 161221.41127089044, "NetReturn": null, "PerformanceDate": "2015-11-30", "FundReturn": 143151.00687219636}, {"BenchMarkReturn": 158558.0696077278, "NetReturn": null, "PerformanceDate": "2015-12-31", "FundReturn": 134207.39004604353}, {"BenchMarkReturn": 153737.88222339936, "NetReturn": null, "PerformanceDate": "2016-01-31", "FundReturn": 132381.6998155522}, {"BenchMarkReturn": 155307.49973214802, "NetReturn": null, "PerformanceDate": "2016-02-29", "FundReturn": 138762.4977466618}, {"BenchMarkReturn": 165736.02699140072, "NetReturn": null, "PerformanceDate": "2016-03-31", "FundReturn": 153060.72427697558}, {"BenchMarkReturn": 169105.62495442893, "NetReturn": null, "PerformanceDate": "2016-04-30", "FundReturn": 159631.223212303}, {"BenchMarkReturn": 170972.42741200962, "NetReturn": null, "PerformanceDate": "2016-05-31", "FundReturn": 158101.9880201738}, {"BenchMarkReturn": 166338.9863776241, "NetReturn": null, "PerformanceDate": "2016-06-30", "FundReturn": 154510.8752744824}, {"BenchMarkReturn": 168839.15216396636, "NetReturn": null, "PerformanceDate": "2016-07-31", "FundReturn": 160968.3328337413}, {"BenchMarkReturn": 168286.90239268166, "NetReturn": null, "PerformanceDate": "2016-08-31", "FundReturn": 161426.59358048567}, {"BenchMarkReturn": 167036.66948301488, "NetReturn": null, "PerformanceDate": "2016-09-30", "FundReturn": 164294.1755888494}, {"BenchMarkReturn": 163103.36504035664, "NetReturn": null, "PerformanceDate": "2016-10-31", "FundReturn": 157677.26052584362}, {"BenchMarkReturn": 162977.7630336119, "NetReturn": null, "PerformanceDate": "2016-11-30", "FundReturn": 157184.32987398774}, {"BenchMarkReturn": 164803.1915721128, "NetReturn": null, "PerformanceDate": "2016-12-31", "FundReturn": 158734.87469602967}, {"BenchMarkReturn": 171779.52308405924, "NetReturn": null, "PerformanceDate": "2017-01-31", "FundReturn": 165417.61292073253}, {"BenchMarkReturn": 166347.28799961015, "NetReturn": null, "PerformanceDate": "2017-02-28", "FundReturn": 162981.64006933922}, {"BenchMarkReturn": 170205.395890363, "NetReturn": null, "PerformanceDate": "2017-03-31", "FundReturn": 167816.14816055202}, {"BenchMarkReturn": 175858.53250551457, "NetReturn": null, "PerformanceDate": "2017-04-30", "FundReturn": 173783.69038914127}, {"BenchMarkReturn": 174368.91322620749, "NetReturn": null, "PerformanceDate": "2017-05-31", "FundReturn": 171794.6317824233}, {"BenchMarkReturn": 168581.52428367618, "NetReturn": null, "PerformanceDate": "2017-06-30", "FundReturn": 165087.1337174999}, {"BenchMarkReturn": 179409.17888261445, "NetReturn": null, "PerformanceDate": "2017-07-31", "FundReturn": 176379.45685547107}, {"BenchMarkReturn": 184403.63393335196, "NetReturn": null, "PerformanceDate": "2017-08-31", "FundReturn": 182037.25124480674}, {"BenchMarkReturn": 182725.04996112984, "NetReturn": null, "PerformanceDate": "2017-09-30", "FundReturn": 179975.00583662972}], "InitialInvestedAmount": 100000}, "ThreeYears": {"LastPerformanceDate": "2017-09-30", "FundPerformanceSeries": [{"BenchMarkReturn": 100740.8951, "NetReturn": null, "PerformanceDate": "2014-10-31", "FundReturn": 98867.13}, {"BenchMarkReturn": 100494.15153378142, "NetReturn": null, "PerformanceDate": "2014-11-30", "FundReturn": 102038.530475862}, {"BenchMarkReturn": 100005.52434795705, "NetReturn": null, "PerformanceDate": "2014-12-31", "FundReturn": 109018.19044517801}, {"BenchMarkReturn": 102631.01678128251, "NetReturn": null, "PerformanceDate": "2015-01-31", "FundReturn": 104761.71692289361}, {"BenchMarkReturn": 107296.75037451347, "NetReturn": null, "PerformanceDate": "2015-02-28", "FundReturn": 103562.65621568094}, {"BenchMarkReturn": 105660.24284843108, "NetReturn": null, "PerformanceDate": "2015-03-31", "FundReturn": 107245.34427071056}, {"BenchMarkReturn": 111105.59455777226, "NetReturn": null, "PerformanceDate": "2015-04-30", "FundReturn": 110426.55219327821}, {"BenchMarkReturn": 106703.85944361538, "NetReturn": null, "PerformanceDate": "2015-05-31", "FundReturn": 108800.38870036956}, {"BenchMarkReturn": 106450.43767073294, "NetReturn": null, "PerformanceDate": "2015-06-30", "FundReturn": 113380.88506465511}, {"BenchMarkReturn": 107443.14623040192, "NetReturn": null, "PerformanceDate": "2015-07-31", "FundReturn": 114499.3308053754}, {"BenchMarkReturn": 102866.64173250139, "NetReturn": null, "PerformanceDate": "2015-08-31", "FundReturn": 114141.38299741164}, {"BenchMarkReturn": 104887.26791753752, "NetReturn": null, "PerformanceDate": "2015-09-30", "FundReturn": 109544.36162546749}, {"BenchMarkReturn": 112860.28877301041, "NetReturn": null, "PerformanceDate": "2015-10-31", "FundReturn": 111490.30766538228}, {"BenchMarkReturn": 108492.35126758466, "NetReturn": null, "PerformanceDate": "2015-11-30", "FundReturn": 111807.70942227486}, {"BenchMarkReturn": 106700.08188482927, "NetReturn": null, "PerformanceDate": "2015-12-31", "FundReturn": 116480.47784138903}, {"BenchMarkReturn": 103456.3845449179, "NetReturn": null, "PerformanceDate": "2016-01-31", "FundReturn": 113834.7519157475}, {"BenchMarkReturn": 104512.64309502314, "NetReturn": null, "PerformanceDate": "2016-02-29", "FundReturn": 112744.23775934502}, {"BenchMarkReturn": 111530.41718405762, "NetReturn": null, "PerformanceDate": "2016-03-31", "FundReturn": 117584.05475133553}, {"BenchMarkReturn": 113797.95474593357, "NetReturn": null, "PerformanceDate": "2016-04-30", "FundReturn": 129700.03333696788}, {"BenchMarkReturn": 115054.20096272626, "NetReturn": null, "PerformanceDate": "2016-05-31", "FundReturn": 135951.57494380974}, {"BenchMarkReturn": 111936.17272865037, "NetReturn": null, "PerformanceDate": "2016-06-30", "FundReturn": 134102.15769406164}, {"BenchMarkReturn": 113618.6345219123, "NetReturn": null, "PerformanceDate": "2016-07-31", "FundReturn": 125723.88400824128}, {"BenchMarkReturn": 113247.00351024108, "NetReturn": null, "PerformanceDate": "2016-08-31", "FundReturn": 118630.22816278628}, {"BenchMarkReturn": 112405.67166149578, "NetReturn": null, "PerformanceDate": "2016-09-30", "FundReturn": 125915.74940610718}, {"BenchMarkReturn": 109758.79340958536, "NetReturn": null, "PerformanceDate": "2016-10-31", "FundReturn": 120639.87950599128}, {"BenchMarkReturn": 109674.27078366213, "NetReturn": null, "PerformanceDate": "2016-11-30", "FundReturn": 116176.2039642696}, {"BenchMarkReturn": 110902.67483155965, "NetReturn": null, "PerformanceDate": "2016-12-31", "FundReturn": 115462.88207192898}, {"BenchMarkReturn": 115597.32799820065, "NetReturn": null, "PerformanceDate": "2017-01-31", "FundReturn": 113349.91133001268}, {"BenchMarkReturn": 111941.75922291007, "NetReturn": null, "PerformanceDate": "2017-02-28", "FundReturn": 109498.28134301884}, {"BenchMarkReturn": 114538.03470029372, "NetReturn": null, "PerformanceDate": "2017-03-31", "FundReturn": 115526.16173095204}, {"BenchMarkReturn": 118342.25697188854, "NetReturn": null, "PerformanceDate": "2017-04-30", "FundReturn": 113026.17559109423}, {"BenchMarkReturn": 117339.83243763109, "NetReturn": null, "PerformanceDate": "2017-05-31", "FundReturn": 117722.41318690419}, {"BenchMarkReturn": 113445.26639255261, "NetReturn": null, "PerformanceDate": "2017-06-30", "FundReturn": 120906.80446360995}, {"BenchMarkReturn": 120731.62927011286, "NetReturn": null, "PerformanceDate": "2017-07-31", "FundReturn": 119032.54224378837}, {"BenchMarkReturn": 124092.59830941944, "NetReturn": null, "PerformanceDate": "2017-08-31", "FundReturn": 121761.95843743843}, {"BenchMarkReturn": 122963.01185740368, "NetReturn": null, "PerformanceDate": "2017-09-30", "FundReturn": 122468.17779637557}], "InitialInvestedAmount": 100000}, "SinceInception": {"LastPerformanceDate": "2017-09-30", "FundPerformanceSeries": [{"BenchMarkReturn": 99450, "NetReturn": null, "PerformanceDate": "2000-10-31", "FundReturn": 102930.00000000001}, {"BenchMarkReturn": 95173.65, "NetReturn": null, "PerformanceDate": "2000-11-30", "FundReturn": 105379.73400000003}, {"BenchMarkReturn": 102102.29172, "NetReturn": null, "PerformanceDate": "2000-12-31", "FundReturn": 113230.52418300003}, {"BenchMarkReturn": 111965.37310015199, "NetReturn": null, "PerformanceDate": "2001-01-31", "FundReturn": 119299.68027920884}, {"BenchMarkReturn": 112099.73154787219, "NetReturn": null, "PerformanceDate": "2001-02-28", "FundReturn": 120635.83669833599}, {"BenchMarkReturn": 100844.91850046582, "NetReturn": null, "PerformanceDate": "2001-03-31", "FundReturn": 113059.9061536805}, {"BenchMarkReturn": 112532.8445546698, "NetReturn": null, "PerformanceDate": "2001-04-30", "FundReturn": 125417.35389627777}, {"BenchMarkReturn": 118114.47364458143, "NetReturn": null, "PerformanceDate": "2001-05-31", "FundReturn": 133406.43933947067}, {"BenchMarkReturn": 114960.81719827112, "NetReturn": null, "PerformanceDate": "2001-06-30", "FundReturn": 131872.26528706675}, {"BenchMarkReturn": 105740.95965896978, "NetReturn": null, "PerformanceDate": "2001-07-31", "FundReturn": 121507.1052355033}, {"BenchMarkReturn": 111408.67509669057, "NetReturn": null, "PerformanceDate": "2001-08-31", "FundReturn": 128724.62728649219}, {"BenchMarkReturn": 99666.20074149939, "NetReturn": null, "PerformanceDate": "2001-09-30", "FundReturn": 118478.14695448741}, {"BenchMarkReturn": 106313.9363309574, "NetReturn": null, "PerformanceDate": "2001-10-31", "FundReturn": 124899.66251942063}, {"BenchMarkReturn": 118284.8855618232, "NetReturn": null, "PerformanceDate": "2001-11-30", "FundReturn": 139425.49327042926}, {"BenchMarkReturn": 132810.2695088151, "NetReturn": null, "PerformanceDate": "2001-12-31", "FundReturn": 160562.39805022633}, {"BenchMarkReturn": 132079.81302651664, "NetReturn": null, "PerformanceDate": "2002-01-31", "FundReturn": 159085.22398816425}, {"BenchMarkReturn": 140229.13749025273, "NetReturn": null, "PerformanceDate": "2002-02-28", "FundReturn": 177348.20770200551}, {"BenchMarkReturn": 142318.5516388575, "NetReturn": null, "PerformanceDate": "2002-03-31", "FundReturn": 184424.40118931554}, {"BenchMarkReturn": 142816.6665695935, "NetReturn": null, "PerformanceDate": "2002-04-30", "FundReturn": 186582.16668323055}, {"BenchMarkReturn": 144659.00156834125, "NetReturn": null, "PerformanceDate": "2002-05-31", "FundReturn": 185985.10374984422}, {"BenchMarkReturn": 137284.9470305367, "NetReturn": null, "PerformanceDate": "2002-06-30", "FundReturn": 177727.36514335114}, {"BenchMarkReturn": 117840.55705242639, "NetReturn": null, "PerformanceDate": "2002-07-31", "FundReturn": 153823.0345315704}, {"BenchMarkReturn": 124427.3423205086, "NetReturn": null, "PerformanceDate": "2002-08-31", "FundReturn": 163929.20790029457}, {"BenchMarkReturn": 122090.66481584303, "NetReturn": null, "PerformanceDate": "2002-09-30", "FundReturn": 161716.1635936406}, {"BenchMarkReturn": 120560.80237411712, "NetReturn": null, "PerformanceDate": "2002-10-31", "FundReturn": 157576.2298056434}, {"BenchMarkReturn": 122671.16017080344, "NetReturn": null, "PerformanceDate": "2002-11-30", "FundReturn": 155322.8897194227}, {"BenchMarkReturn": 118606.2230776781, "NetReturn": null, "PerformanceDate": "2002-12-31", "FundReturn": 153194.9661302666}, {"BenchMarkReturn": 111995.92407383707, "NetReturn": null, "PerformanceDate": "2003-01-31", "FundReturn": 146760.7775527954}, {"BenchMarkReturn": 106918.42672874605, "NetReturn": null, "PerformanceDate": "2003-02-28", "FundReturn": 139907.04924107986}, {"BenchMarkReturn": 98033.17377690422, "NetReturn": null, "PerformanceDate": "2003-03-31", "FundReturn": 127399.35903892732}, {"BenchMarkReturn": 96249.06906580499, "NetReturn": null, "PerformanceDate": "2003-04-30", "FundReturn": 127501.27852615845}, {"BenchMarkReturn": 110366.12825448385, "NetReturn": null, "PerformanceDate": "2003-05-31", "FundReturn": 147608.23014973363}, {"BenchMarkReturn": 107016.8904977188, "NetReturn": null, "PerformanceDate": "2003-06-30", "FundReturn": 145231.73764432292}, {"BenchMarkReturn": 112902.6725142555, "NetReturn": null, "PerformanceDate": "2003-07-31", "FundReturn": 150314.8484618742}, {"BenchMarkReturn": 118717.9133231454, "NetReturn": null, "PerformanceDate": "2003-08-31", "FundReturn": 153982.53076434394}, {"BenchMarkReturn": 114929.26262684743, "NetReturn": null, "PerformanceDate": "2003-09-30", "FundReturn": 152088.54563594252}, {"BenchMarkReturn": 126581.78837192098, "NetReturn": null, "PerformanceDate": "2003-10-31", "FundReturn": 165289.83139714232}, {"BenchMarkReturn": 125586.86342186935, "NetReturn": null, "PerformanceDate": "2003-11-30", "FundReturn": 174992.34450015458}, {"BenchMarkReturn": 134389.81829801516, "NetReturn": null, "PerformanceDate": "2003-12-31", "FundReturn": 184266.93875866276}, {"BenchMarkReturn": 141119.1555897655, "NetReturn": null, "PerformanceDate": "2004-01-31", "FundReturn": 192577.37769667842}, {"BenchMarkReturn": 141915.68339324786, "NetReturn": null, "PerformanceDate": "2004-02-29", "FundReturn": 186954.1182679354}, {"BenchMarkReturn": 139273.32732193422, "NetReturn": null, "PerformanceDate": "2004-03-31", "FundReturn": 192693.60969876102}, {"BenchMarkReturn": 135517.00801244524, "NetReturn": null, "PerformanceDate": "2004-04-30", "FundReturn": 193599.2696643452}, {"BenchMarkReturn": 136536.9163069171, "NetReturn": null, "PerformanceDate": "2004-05-31", "FundReturn": 195632.0619958208}, {"BenchMarkReturn": 132094.2898310709, "NetReturn": null, "PerformanceDate": "2004-06-30", "FundReturn": 193832.24702545928}, {"BenchMarkReturn": 135270.1137855564, "NetReturn": null, "PerformanceDate": "2004-07-31", "FundReturn": 197805.80808948117}, {"BenchMarkReturn": 147932.26056571997, "NetReturn": null, "PerformanceDate": "2004-08-31", "FundReturn": 209298.32553948002}, {"BenchMarkReturn": 156173.82499733035, "NetReturn": null, "PerformanceDate": "2004-09-30", "FundReturn": 218863.25901663429}, {"BenchMarkReturn": 153355.11590673123, "NetReturn": null, "PerformanceDate": "2004-10-31", "FundReturn": 229040.4005609078}, {"BenchMarkReturn": 164030.35200359288, "NetReturn": null, "PerformanceDate": "2004-11-30", "FundReturn": 246676.51140409766}, {"BenchMarkReturn": 165940.84304523925, "NetReturn": null, "PerformanceDate": "2004-12-31", "FundReturn": 256025.55118631298}, {"BenchMarkReturn": 168145.2557855143, "NetReturn": null, "PerformanceDate": "2005-01-31", "FundReturn": 258969.8450249556}, {"BenchMarkReturn": 178003.38956002536, "NetReturn": null, "PerformanceDate": "2005-02-28", "FundReturn": 268603.5232598839}, {"BenchMarkReturn": 177218.61862452532, "NetReturn": null, "PerformanceDate": "2005-03-31", "FundReturn": 264762.4928772676}, {"BenchMarkReturn": 166878.45326417606, "NetReturn": null, "PerformanceDate": "2005-04-30", "FundReturn": 260155.62550120315}, {"BenchMarkReturn": 184488.77184193427, "NetReturn": null, "PerformanceDate": "2005-05-31", "FundReturn": 286379.31255172443}, {"BenchMarkReturn": 189999.80369259394, "NetReturn": null, "PerformanceDate": "2005-06-30", "FundReturn": 296001.6574534624}, {"BenchMarkReturn": 203118.99871415866, "NetReturn": null, "PerformanceDate": "2005-07-31", "FundReturn": 322582.6062927834}, {"BenchMarkReturn": 206973.78179267078, "NetReturn": null, "PerformanceDate": "2005-08-31", "FundReturn": 331260.07840205927}, {"BenchMarkReturn": 228965.00328962383, "NetReturn": null, "PerformanceDate": "2005-09-30", "FundReturn": 349711.264769054}, {"BenchMarkReturn": 223305.54098099502, "NetReturn": null, "PerformanceDate": "2005-10-31", "FundReturn": 344815.30706228723}, {"BenchMarkReturn": 227636.47721130642, "NetReturn": null, "PerformanceDate": "2005-11-30", "FundReturn": 362056.07241540164}, {"BenchMarkReturn": 245987.47846969985, "NetReturn": null, "PerformanceDate": "2005-12-31", "FundReturn": 386277.623659992}, {"BenchMarkReturn": 267943.42936289805, "NetReturn": null, "PerformanceDate": "2006-01-31", "FundReturn": 414553.1457119034}, {"BenchMarkReturn": 256861.11171320928, "NetReturn": null, "PerformanceDate": "2006-02-28", "FundReturn": 406883.9125162332}, {"BenchMarkReturn": 275908.7073975211, "NetReturn": null, "PerformanceDate": "2006-03-31", "FundReturn": 427187.41975079325}, {"BenchMarkReturn": 288456.22471513087, "NetReturn": null, "PerformanceDate": "2006-04-30", "FundReturn": 439362.26121369086}, {"BenchMarkReturn": 282191.28370740707, "NetReturn": null, "PerformanceDate": "2006-05-31", "FundReturn": 424160.3269756972}, {"BenchMarkReturn": 295702.8641968565, "NetReturn": null, "PerformanceDate": "2006-06-30", "FundReturn": 429547.1631282885}, {"BenchMarkReturn": 290033.11462894286, "NetReturn": null, "PerformanceDate": "2006-07-31", "FundReturn": 428215.56692259084}, {"BenchMarkReturn": 305637.417613163, "NetReturn": null, "PerformanceDate": "2006-08-31", "FundReturn": 442946.18242472794}, {"BenchMarkReturn": 313031.0179440387, "NetReturn": null, "PerformanceDate": "2006-09-30", "FundReturn": 454507.07778601337}, {"BenchMarkReturn": 326056.1580221237, "NetReturn": null, "PerformanceDate": "2006-10-31", "FundReturn": 485595.36190657667}, {"BenchMarkReturn": 333226.3778619387, "NetReturn": null, "PerformanceDate": "2006-11-30", "FundReturn": 503319.5926161667}, {"BenchMarkReturn": 346585.11906808906, "NetReturn": null, "PerformanceDate": "2006-12-31", "FundReturn": 535431.3826250782}, {"BenchMarkReturn": 352038.8361873706, "NetReturn": null, "PerformanceDate": "2007-01-31", "FundReturn": 569591.9048365583}, {"BenchMarkReturn": 356081.7291529063, "NetReturn": null, "PerformanceDate": "2007-02-28", "FundReturn": 562902.1048734434}, {"BenchMarkReturn": 380240.6231776725, "NetReturn": null, "PerformanceDate": "2007-03-31", "FundReturn": 590990.9199066282}, {"BenchMarkReturn": 390823.2739392867, "NetReturn": null, "PerformanceDate": "2007-04-30", "FundReturn": 614689.655794884}, {"BenchMarkReturn": 398573.9891340463, "NetReturn": null, "PerformanceDate": "2007-05-31", "FundReturn": 610509.7661354787}, {"BenchMarkReturn": 396495.962724046, "NetReturn": null, "PerformanceDate": "2007-06-30", "FundReturn": 602634.190152331}, {"BenchMarkReturn": 401502.9188612777, "NetReturn": null, "PerformanceDate": "2007-07-31", "FundReturn": 595523.1067085335}, {"BenchMarkReturn": 404996.1782505074, "NetReturn": null, "PerformanceDate": "2007-08-31", "FundReturn": 605468.3425905659}, {"BenchMarkReturn": 426953.5987522381, "NetReturn": null, "PerformanceDate": "2007-09-30", "FundReturn": 616669.5069284914}, {"BenchMarkReturn": 446652.2309993851, "NetReturn": null, "PerformanceDate": "2007-10-31", "FundReturn": 663844.724208521}, {"BenchMarkReturn": 433702.0409544963, "NetReturn": null, "PerformanceDate": "2007-11-30", "FundReturn": 625208.961259585}, {"BenchMarkReturn": 412330.99424202926, "NetReturn": null, "PerformanceDate": "2007-12-31", "FundReturn": 607953.1939288204}, {"BenchMarkReturn": 394717.7364474471, "NetReturn": null, "PerformanceDate": "2008-01-31", "FundReturn": 561627.1605514443}, {"BenchMarkReturn": 446131.98959284433, "NetReturn": null, "PerformanceDate": "2008-02-29", "FundReturn": 608186.052161159}, {"BenchMarkReturn": 433368.43982658995, "NetReturn": null, "PerformanceDate": "2008-03-31", "FundReturn": 583493.6984434159}, {"BenchMarkReturn": 454739.4865392509, "NetReturn": null, "PerformanceDate": "2008-04-30", "FundReturn": 612493.3352560537}, {"BenchMarkReturn": 475472.7231657345, "NetReturn": null, "PerformanceDate": "2008-05-31", "FundReturn": 634175.5993241181}, {"BenchMarkReturn": 456284.0452768806, "NetReturn": null, "PerformanceDate": "2008-06-30", "FundReturn": 591876.0868491995}, {"BenchMarkReturn": 410338.20530774555, "NetReturn": null, "PerformanceDate": "2008-07-31", "FundReturn": 596374.3451092534}, {"BenchMarkReturn": 408417.4269408754, "NetReturn": null, "PerformanceDate": "2008-08-31", "FundReturn": 617247.4471880773}, {"BenchMarkReturn": 350131.2843669001, "NetReturn": null, "PerformanceDate": "2008-09-30", "FundReturn": 562929.6718355265}, {"BenchMarkReturn": 308294.46973758575, "NetReturn": null, "PerformanceDate": "2008-10-31", "FundReturn": 523862.3526101409}, {"BenchMarkReturn": 313299.95632103, "NetReturn": null, "PerformanceDate": "2008-11-30", "FundReturn": 534758.6895444319}, {"BenchMarkReturn": 315117.8620860852, "NetReturn": null, "PerformanceDate": "2008-12-31", "FundReturn": 547806.801569316}, {"BenchMarkReturn": 300398.2633772122, "NetReturn": null, "PerformanceDate": "2009-01-31", "FundReturn": 517732.20816316054}, {"BenchMarkReturn": 269017.7133287059, "NetReturn": null, "PerformanceDate": "2009-02-28", "FundReturn": 468340.555504395}, {"BenchMarkReturn": 302245.56128373777, "NetReturn": null, "PerformanceDate": "2009-03-31", "FundReturn": 524166.7497205189}, {"BenchMarkReturn": 303985.5777969625, "NetReturn": null, "PerformanceDate": "2009-04-30", "FundReturn": 550951.6706312373}, {"BenchMarkReturn": 338318.57227239246, "NetReturn": null, "PerformanceDate": "2009-05-31", "FundReturn": 599201.2631867679}, {"BenchMarkReturn": 325625.56381999975, "NetReturn": null, "PerformanceDate": "2009-06-30", "FundReturn": 600879.0267236908}, {"BenchMarkReturn": 359182.6041189466, "NetReturn": null, "PerformanceDate": "2009-07-31", "FundReturn": 657541.9189437348}, {"BenchMarkReturn": 369690.3047866748, "NetReturn": null, "PerformanceDate": "2009-08-31", "FundReturn": 686736.7801448366}, {"BenchMarkReturn": 368990.7712466029, "NetReturn": null, "PerformanceDate": "2009-09-30", "FundReturn": 684058.5067022718}, {"BenchMarkReturn": 392378.12106333644, "NetReturn": null, "PerformanceDate": "2009-10-31", "FundReturn": 719834.7666028006}, {"BenchMarkReturn": 404286.35875124746, "NetReturn": null, "PerformanceDate": "2009-11-30", "FundReturn": 710260.9642069833}, {"BenchMarkReturn": 415108.55555414315, "NetReturn": null, "PerformanceDate": "2009-12-31", "FundReturn": 744211.4382960772}, {"BenchMarkReturn": 399394.0317294922, "NetReturn": null, "PerformanceDate": "2010-01-31", "FundReturn": 735429.7433241835}, {"BenchMarkReturn": 398663.63629942056, "NetReturn": null, "PerformanceDate": "2010-02-28", "FundReturn": 741460.2672194418}, {"BenchMarkReturn": 430961.2220926818, "NetReturn": null, "PerformanceDate": "2010-03-31", "FundReturn": 790767.3749895347}, {"BenchMarkReturn": 429125.68110573036, "NetReturn": null, "PerformanceDate": "2010-04-30", "FundReturn": 787367.0752770797}, {"BenchMarkReturn": 404746.345679494, "NetReturn": null, "PerformanceDate": "2010-05-31", "FundReturn": 755951.1289735242}, {"BenchMarkReturn": 390504.3696633216, "NetReturn": null, "PerformanceDate": "2010-06-30", "FundReturn": 725410.7033629938}, {"BenchMarkReturn": 422937.15947454754, "NetReturn": null, "PerformanceDate": "2010-07-31", "FundReturn": 793671.8505494515}, {"BenchMarkReturn": 405923.50183780986, "NetReturn": null, "PerformanceDate": "2010-08-31", "FundReturn": 765972.7029652756}, {"BenchMarkReturn": 442788.63076568296, "NetReturn": null, "PerformanceDate": "2010-09-30", "FundReturn": 829636.9837558563}, {"BenchMarkReturn": 459117.45071496867, "NetReturn": null, "PerformanceDate": "2010-10-31", "FundReturn": 856268.3309344193}, {"BenchMarkReturn": 455878.433571621, "NetReturn": null, "PerformanceDate": "2010-11-30", "FundReturn": 837516.0544869555}, {"BenchMarkReturn": 486572.67653385684, "NetReturn": null, "PerformanceDate": "2010-12-31", "FundReturn": 897565.9555936703}, {"BenchMarkReturn": 478288.4935305702, "NetReturn": null, "PerformanceDate": "2011-01-31", "FundReturn": 871716.0560725725}, {"BenchMarkReturn": 494135.2818190032, "NetReturn": null, "PerformanceDate": "2011-02-28", "FundReturn": 905538.6390481882}, {"BenchMarkReturn": 497115.6479003183, "NetReturn": null, "PerformanceDate": "2011-03-31", "FundReturn": 917310.6413558145}, {"BenchMarkReturn": 507707.1163444414, "NetReturn": null, "PerformanceDate": "2011-04-30", "FundReturn": 941160.7180310658}, {"BenchMarkReturn": 502819.19857509073, "NetReturn": null, "PerformanceDate": "2011-05-31", "FundReturn": 941913.6466054906}, {"BenchMarkReturn": 490764.00018312526, "NetReturn": null, "PerformanceDate": "2011-06-30", "FundReturn": 924676.6268726102}, {"BenchMarkReturn": 478942.46958525415, "NetReturn": null, "PerformanceDate": "2011-07-31", "FundReturn": 909881.8008426484}, {"BenchMarkReturn": 477659.5014869677, "NetReturn": null, "PerformanceDate": "2011-08-31", "FundReturn": 906515.2381795305}, {"BenchMarkReturn": 458579.57421068137, "NetReturn": null, "PerformanceDate": "2011-09-30", "FundReturn": 880588.9023675959}, {"BenchMarkReturn": 506021.4755698238, "NetReturn": null, "PerformanceDate": "2011-10-31", "FundReturn": 953589.7223738696}, {"BenchMarkReturn": 513845.6712149715, "NetReturn": null, "PerformanceDate": "2011-11-30", "FundReturn": 961313.7991250979}, {"BenchMarkReturn": 497297.8797667681, "NetReturn": null, "PerformanceDate": "2011-12-31", "FundReturn": 944490.8076404087}, {"BenchMarkReturn": 527213.2300705481, "NetReturn": null, "PerformanceDate": "2012-01-31", "FundReturn": 994123.7995819123}, {"BenchMarkReturn": 534861.0727033478, "NetReturn": null, "PerformanceDate": "2012-02-29", "FundReturn": 1018479.8326716692}, {"BenchMarkReturn": 522670.6704999766, "NetReturn": null, "PerformanceDate": "2012-03-31", "FundReturn": 1012043.0401291843}, {"BenchMarkReturn": 537900.2234088127, "NetReturn": null, "PerformanceDate": "2012-04-30", "FundReturn": 1040764.8216080506}, {"BenchMarkReturn": 517481.48305509426, "NetReturn": null, "PerformanceDate": "2012-05-31", "FundReturn": 991838.4673442561}, {"BenchMarkReturn": 525618.7055023573, "NetReturn": null, "PerformanceDate": "2012-06-30", "FundReturn": 1015235.9367889072}, {"BenchMarkReturn": 539036.2309645362, "NetReturn": null, "PerformanceDate": "2012-07-31", "FundReturn": 1035063.4946343945}, {"BenchMarkReturn": 555761.8454866784, "NetReturn": null, "PerformanceDate": "2012-08-31", "FundReturn": 1070731.7826594957}, {"BenchMarkReturn": 565694.9291555431, "NetReturn": null, "PerformanceDate": "2012-09-30", "FundReturn": 1100166.1993648054}, {"BenchMarkReturn": 594125.9750702035, "NetReturn": null, "PerformanceDate": "2012-10-31", "FundReturn": 1150883.861155523}, {"BenchMarkReturn": 610047.7134844601, "NetReturn": null, "PerformanceDate": "2012-11-30", "FundReturn": 1152287.9394661328}, {"BenchMarkReturn": 627214.2102926844, "NetReturn": null, "PerformanceDate": "2012-12-31", "FundReturn": 1198967.123893906}, {"BenchMarkReturn": 650896.9514360833, "NetReturn": null, "PerformanceDate": "2013-01-31", "FundReturn": 1246305.4632597594}, {"BenchMarkReturn": 635596.8576940419, "NetReturn": null, "PerformanceDate": "2013-02-28", "FundReturn": 1239400.9309933004}, {"BenchMarkReturn": 641303.3473423194, "NetReturn": null, "PerformanceDate": "2013-03-31", "FundReturn": 1259665.136215041}, {"BenchMarkReturn": 622017.6748316626, "NetReturn": null, "PerformanceDate": "2013-04-30", "FundReturn": 1232796.478859574}, {"BenchMarkReturn": 686532.0181914137, "NetReturn": null, "PerformanceDate": "2013-05-31", "FundReturn": 1348445.1165413905}, {"BenchMarkReturn": 640334.8750064868, "NetReturn": null, "PerformanceDate": "2013-06-30", "FundReturn": 1261928.877864095}, {"BenchMarkReturn": 673246.7576062847, "NetReturn": null, "PerformanceDate": "2013-07-31", "FundReturn": 1338553.199328003}, {"BenchMarkReturn": 694256.2803937581, "NetReturn": null, "PerformanceDate": "2013-08-31", "FundReturn": 1392001.6285771702}, {"BenchMarkReturn": 729454.8731696566, "NetReturn": null, "PerformanceDate": "2013-09-30", "FundReturn": 1474853.5655100835}, {"BenchMarkReturn": 753612.2973142643, "NetReturn": null, "PerformanceDate": "2013-10-31", "FundReturn": 1513996.179138721}, {"BenchMarkReturn": 745112.8166692189, "NetReturn": null, "PerformanceDate": "2013-11-30", "FundReturn": 1471407.4666195489}, {"BenchMarkReturn": 770050.4565784162, "NetReturn": null, "PerformanceDate": "2013-12-31", "FundReturn": 1533662.716532222}, {"BenchMarkReturn": 753553.3660975092, "NetReturn": null, "PerformanceDate": "2014-01-31", "FundReturn": 1497299.573523243}, {"BenchMarkReturn": 794118.9696543441, "NetReturn": null, "PerformanceDate": "2014-02-28", "FundReturn": 1566534.7058029578}, {"BenchMarkReturn": 805929.331706712, "NetReturn": null, "PerformanceDate": "2014-03-31", "FundReturn": 1613969.3766946713}, {"BenchMarkReturn": 824274.4544699765, "NetReturn": null, "PerformanceDate": "2014-04-30", "FundReturn": 1634160.1335971218}, {"BenchMarkReturn": 840027.3350184388, "NetReturn": null, "PerformanceDate": "2014-05-31", "FundReturn": 1660600.8445587233}, {"BenchMarkReturn": 865440.3930153484, "NetReturn": null, "PerformanceDate": "2014-06-30", "FundReturn": 1681740.2933099556}, {"BenchMarkReturn": 870446.6143201427, "NetReturn": null, "PerformanceDate": "2014-07-31", "FundReturn": 1717107.2916782643}, {"BenchMarkReturn": 863084.1696899286, "NetReturn": null, "PerformanceDate": "2014-08-31", "FundReturn": 1678850.1412196725}, {"BenchMarkReturn": 840631.9317598975, "NetReturn": null, "PerformanceDate": "2014-09-30", "FundReturn": 1616766.262997369}, {"BenchMarkReturn": 846860.1325513419, "NetReturn": null, "PerformanceDate": "2014-10-31", "FundReturn": 1626143.5073227538}, {"BenchMarkReturn": 844785.9273441454, "NetReturn": null, "PerformanceDate": "2014-11-30", "FundReturn": 1663430.9779456644}, {"BenchMarkReturn": 840678.371192846, "NetReturn": null, "PerformanceDate": "2014-12-31", "FundReturn": 1637644.9533205344}, {"BenchMarkReturn": 862749.0989533197, "NetReturn": null, "PerformanceDate": "2015-01-31", "FundReturn": 1681943.249307855}, {"BenchMarkReturn": 901970.7453888677, "NetReturn": null, "PerformanceDate": "2015-02-28", "FundReturn": 1751827.9913165963}, {"BenchMarkReturn": 888213.7405589651, "NetReturn": null, "PerformanceDate": "2015-03-31", "FundReturn": 1713918.4335845052}, {"BenchMarkReturn": 933989.1058243205, "NetReturn": null, "PerformanceDate": "2015-04-30", "FundReturn": 1808269.6433533323}, {"BenchMarkReturn": 896986.7149032297, "NetReturn": null, "PerformanceDate": "2015-05-31", "FundReturn": 1746824.640872186}, {"BenchMarkReturn": 894856.3705583479, "NetReturn": null, "PerformanceDate": "2015-06-30", "FundReturn": 1714857.7499442252}, {"BenchMarkReturn": 903201.3957002392, "NetReturn": null, "PerformanceDate": "2015-07-31", "FundReturn": 1704328.5233595676}, {"BenchMarkReturn": 864729.8375324593, "NetReturn": null, "PerformanceDate": "2015-08-31", "FundReturn": 1641268.3679952635}, {"BenchMarkReturn": 881715.866465375, "NetReturn": null, "PerformanceDate": "2015-09-30", "FundReturn": 1572499.223376262}, {"BenchMarkReturn": 948739.6257023562, "NetReturn": null, "PerformanceDate": "2015-10-31", "FundReturn": 1669072.2189309245}, {"BenchMarkReturn": 912021.3482724307, "NetReturn": null, "PerformanceDate": "2015-11-30", "FundReturn": 1574898.9916582943}, {"BenchMarkReturn": 896954.9595378329, "NetReturn": null, "PerformanceDate": "2015-12-31", "FundReturn": 1476504.3423362575}, {"BenchMarkReturn": 869687.4039288916, "NetReturn": null, "PerformanceDate": "2016-01-31", "FundReturn": 1456418.7155152862}, {"BenchMarkReturn": 878566.6505830204, "NetReturn": null, "PerformanceDate": "2016-02-29", "FundReturn": 1526618.097603123}, {"BenchMarkReturn": 937560.3004742165, "NetReturn": null, "PerformanceDate": "2016-03-31", "FundReturn": 1683922.3529982462}, {"BenchMarkReturn": 956621.9452839956, "NetReturn": null, "PerformanceDate": "2016-04-30", "FundReturn": 1756208.761414343}, {"BenchMarkReturn": 967182.3521238805, "NetReturn": null, "PerformanceDate": "2016-05-31", "FundReturn": 1739384.6327217459}, {"BenchMarkReturn": 940971.2111469494, "NetReturn": null, "PerformanceDate": "2016-06-30", "FundReturn": 1699876.4241125674}, {"BenchMarkReturn": 955114.5222207693, "NetReturn": null, "PerformanceDate": "2016-07-31", "FundReturn": 1770919.1895178615}, {"BenchMarkReturn": 951990.4732683386, "NetReturn": null, "PerformanceDate": "2016-08-31", "FundReturn": 1775960.8193585}, {"BenchMarkReturn": 944917.9690957197, "NetReturn": null, "PerformanceDate": "2016-09-30", "FundReturn": 1807508.9873535843}, {"BenchMarkReturn": 922667.4653153524, "NetReturn": null, "PerformanceDate": "2016-10-31", "FundReturn": 1734711.9243897162}, {"BenchMarkReturn": 921956.9411322798, "NetReturn": null, "PerformanceDate": "2016-11-30", "FundReturn": 1729288.8679716892}, {"BenchMarkReturn": 932283.2978099375, "NetReturn": null, "PerformanceDate": "2016-12-31", "FundReturn": 1746347.4380097957}, {"BenchMarkReturn": 971748.0514140989, "NetReturn": null, "PerformanceDate": "2017-01-31", "FundReturn": 1819868.6651500082}, {"BenchMarkReturn": 941018.1730015621, "NetReturn": null, "PerformanceDate": "2017-02-28", "FundReturn": 1793068.9152132762}, {"BenchMarkReturn": 962843.2937009007, "NetReturn": null, "PerformanceDate": "2017-03-31", "FundReturn": 1846256.539138356}, {"BenchMarkReturn": 994822.8008710486, "NetReturn": null, "PerformanceDate": "2017-04-30", "FundReturn": 1911909.421670116}, {"BenchMarkReturn": 986396.100144285, "NetReturn": null, "PerformanceDate": "2017-05-31", "FundReturn": 1890026.4711934484}, {"BenchMarkReturn": 953657.1343658768, "NetReturn": null, "PerformanceDate": "2017-06-30", "FundReturn": 1816232.8446601126}, {"BenchMarkReturn": 1014908.6273785474, "NetReturn": null, "PerformanceDate": "2017-07-31", "FundReturn": 1940467.1669471224}, {"BenchMarkReturn": 1043162.0063395224, "NetReturn": null, "PerformanceDate": "2017-08-31", "FundReturn": 2002712.308448152}, {"BenchMarkReturn": 1033666.3419270442, "NetReturn": null, "PerformanceDate": "2017-09-30", "FundReturn": 1980024.1815194355}], "InitialInvestedAmount": 100000}, "PerformanceReturn": {"FiveYearFundReturn": "13.3%", "ThreeYearBenchmarkReturn": "6.5%", "InceptionBenchmarkReturn": "14.9%", "TenYearBenchmarkReturn": "9.9%", "InceptionFundReturn": "19.4%", "TenYearOutperformance": "2.8%", "FiveYearBenchmarkReturn": "13.4%", "FiveYearOutPerformance": "(0.1)%", "ThreeYearFundReturn": "6.1%", "ThreeYearOutPerformance": "(0.5)%", "InceptionOutperformance": "4.5%", "TenYearFundReturn": "12.7%"}}, "FundQuartileRanking": "-", "Description": "Aims to outperform the FTSE/JSE Top 40 Index, is actively managed and typically holds no more than 20 large cap stocks at any point in time.\r\n", "HighestReturn": "68.90%", "InitialFee": "Coronation: 0.00%", "FundNav": "Benchmark", "DisplayName": "Top 20", "CompareFundsSortinoRatio": "0.80", "DisplayDisclaimer": "-", "InvestorProfile": "The fund is suitable for:\r\n\r\nInvestors who are in pursuit of maximum long-term returns and are able to withstand short-term market turbulence.\r\n\r\nInvestors who are in their wealth build-up phase and require little income in the short-term.\r\n\r\nInvestors looking for an alternative to a stockbroker-managed direct share portfolio.\r\n\r\nThe fund is not appropriate for investors who are concerned by short-term capital losses or who want to generate consistent income, nor is it suitable for those who seek an equity investment that tracks the returns of the market.", "Regulation28PropertyExposure": 15, "ShowExploreLink": false, "FundProspectus": {"Title": null, "Id": 0, "URL": null, "LastUpdated": "/Date(1507759200000)/", "Size": null}, "HistoricalReportsJson": "[{\"URL\":\"/Assets/za/Personal/HistoricalReports/2014/March/2014-MARCH-CORONATION-TOP-20-FUND.pdf\",\"LastUpdated\":\"01-03-2014\"},{\"URL\":\"/assets/factsheet/2013/March/CORONATION TOP 20 FUND.pdf\",\"LastUpdated\":\"01-03-2013\"},{\"URL\":\"/assets/factsheet/2013/June/CORONATION TOP 20 FUND.pdf\",\"LastUpdated\":\"01-06-2013\"},{\"URL\":\"/assets/factsheet/2013/September/Coronation Top 20 Fund.pdf\",\"LastUpdated\":\"01-09-2013\"},{\"URL\":\"/assets/factsheet/2013/December/Coronation Top 20 Fund.pdf\",\"LastUpdated\":\"01-12-2013\"},{\"URL\":\"/assets/factsheet/2012/March/CORONATION TOP 20 FUND.pdf\",\"LastUpdated\":\"01-03-2012\"},{\"URL\":\"/assets/factsheet/2012/June/CORONATION TOP 20 FUND.pdf\",\"LastUpdated\":\"01-06-2012\"},{\"URL\":\"/assets/factsheet/2012/September/CORONATION TOP 20 FUND.pdf\",\"LastUpdated\":\"01-09-2012\"},{\"URL\":\"/assets/factsheet/2012/December/CORONATION TOP 20 FUND.pdf\",\"LastUpdated\":\"01-12-2012\"},{\"URL\":\"/assets/factsheet/2011/March/CORONATION TOP 20 FUND.pdf\",\"LastUpdated\":\"01-03-2011\"},{\"URL\":\"/assets/factsheet/2011/June/CORONATION TOP 20 FUND.pdf\",\"LastUpdated\":\"01-06-2011\"},{\"URL\":\"/assets/factsheet/2011/September/CORONATION TOP 20 FUND.pdf\",\"LastUpdated\":\"01-09-2011\"},{\"URL\":\"/assets/factsheet/2011/December/CORONATION TOP 20 FUND.pdf\",\"LastUpdated\":\"01-12-2011\"},{\"URL\":\"/assets/factsheet/2010/March/CORONATION TOP 20 FUND.pdf\",\"LastUpdated\":\"01-03-2010\"},{\"URL\":\"/assets/factsheet/2010/June/CORONATION TOP 20 FUND.pdf\",\"LastUpdated\":\"01-06-2010\"},{\"URL\":\"/assets/factsheet/2010/September/CORONATION TOP 20 FUND.pdf\",\"LastUpdated\":\"01-09-2010\"},{\"URL\":\"/assets/factsheet/2010/December/CORONATION TOP 20 FUND.pdf\",\"LastUpdated\":\"01-12-2010\"},{\"URL\":\"/assets/factsheet/2009/March/CORONATION TOP 20 FUND.pdf\",\"LastUpdated\":\"01-03-2009\"},{\"URL\":\"/assets/factsheet/2009/June/CORONATION TOP 20 FUND.pdf\",\"LastUpdated\":\"01-06-2009\"},{\"URL\":\"/assets/factsheet/2009/September/CORONATION TOP 20 FUND.pdf\",\"LastUpdated\":\"01-09-2009\"},{\"URL\":\"/assets/factsheet/2009/December/CORONATION TOP 20 FUND.pdf\",\"LastUpdated\":\"01-12-2009\"},{\"URL\":\"/assets/factsheet/2008/March/Top 20.pdf\",\"LastUpdated\":\"01-03-2008\"},{\"URL\":\"/assets/factsheet/2008/June/Top 20.pdf\",\"LastUpdated\":\"01-06-2008\"},{\"URL\":\"/assets/factsheet/2008/September/Top 20.pdf\",\"LastUpdated\":\"01-09-2008\"},{\"URL\":\"/assets/factsheet/2008/December/Top 20.pdf\",\"LastUpdated\":\"01-12-2008\"},{\"URL\":\"/assets/factsheet/2007/March/Top 20.pdf\",\"LastUpdated\":\"01-03-2007\"},{\"URL\":\"/assets/factsheet/2007/June/Top 20.pdf\",\"LastUpdated\":\"01-06-2007\"},{\"URL\":\"/assets/factsheet/2007/September/Top 20.pdf\",\"LastUpdated\":\"01-09-2007\"},{\"URL\":\"/assets/factsheet/2007/December/Top 20.pdf\",\"LastUpdated\":\"01-12-2007\"},{\"URL\":\"/assets/factsheet/2006/March/Top 20.pdf\",\"LastUpdated\":\"01-03-2006\"},{\"URL\":\"/assets/factsheet/2006/June/Top 20.pdf\",\"LastUpdated\":\"01-06-2006\"},{\"URL\":\"/assets/factsheet/2006/December/Top 20.pdf\",\"LastUpdated\":\"01-12-2006\"},{\"URL\":\"/assets/factsheet/2005/March/Top 20.pdf\",\"LastUpdated\":\"01-03-2005\"},{\"URL\":\"/assets/factsheet/2005/June/Top 20.pdf\",\"LastUpdated\":\"01-06-2005\"},{\"URL\":\"/assets/factsheet/2005/September/Top 20.pdf\",\"LastUpdated\":\"01-09-2005\"},{\"URL\":\"/assets/factsheet/2005/December/Top 20.pdf\",\"LastUpdated\":\"01-12-2005\"},{\"URL\":\"/assets/factsheet/2006/September/Top 20.pdf\",\"LastUpdated\":\"01-09-2006\"},{\"URL\":\"/Assets/za/personal/HistoricalReports/2014/June/CORONATION TOP 20 FUND.pdf\",\"LastUpdated\":\"30-06-2014\"},{\"URL\":\"/Assets/za/Personal/HistoricalReports/2014/September/CORONATION-TOP-20-FUND.pdf\",\"LastUpdated\":\"30-09-2014\"},{\"URL\":\"/Assets/za/Personal/HistoricalReports/2014/December/2014-December-Top-20-Fund.pdf\",\"LastUpdated\":\"31-12-2014\"},{\"URL\":\"/Assets/za/Personal/HistoricalReports/2015/March/2015-March-Top-20-Fund-Comprehensive.pdf\",\"LastUpdated\":\"31-03-2015\"},{\"URL\":\"/Assets/za/Personal/HistoricalReports/2015/June/2015-June-Top-20-Fund-Comprehensive.pdf\",\"LastUpdated\":\"30-06-2015\"},{\"URL\":\"/Assets/za/Personal/HistoricalReports/2015/September/2015-September-Top-20-Fund-Comprehensive.pdf\",\"LastUpdated\":\"30-09-2015\"},{\"URL\":\"/Assets/za/Personal/HistoricalReports/2015/December/2015-December-Top-20-Fund-Comprehensive.pdf\",\"LastUpdated\":\"31-12-2015\"},{\"URL\":\"/Assets/za/Personal/HistoricalReports/2016/March/2016-March-Top-20-Fund-Comprehensive.pdf\",\"LastUpdated\":\"31-03-2016\"},{\"URL\":\"/Assets/za/Personal/HistoricalReports/2016/June/2016-June-Top-20-Fund-Comprehensive.pdf\",\"LastUpdated\":\"30-06-2016\"},{\"URL\":\"/Assets/za/Personal/HistoricalReports/2016/July/2016-July-Top-20-Fund-Comprehensive.pdf\",\"LastUpdated\":\"31-07-2016\"},{\"URL\":\"/Assets/za/Personal/HistoricalReports/2016/August/2016-August-Top-20-Fund-Comprehensive.pdf\",\"LastUpdated\":\"31-08-2016\"},{\"URL\":\"/Assets/za/Personal/HistoricalReports/2016/September/2016-September-Top-20-Fund-Comprehensive.pdf\",\"LastUpdated\":\"30-09-2016\"},{\"URL\":\"/Assets/za/Personal/HistoricalReports/2016/October/2016-October-Top-20-Fund-Comprehensive.pdf\",\"LastUpdated\":\"31-10-2016\"},{\"URL\":\"/Assets/za/Personal/HistoricalReports/2016/November/2016-November-Top-20-Fund-Comprehensive.pdf\",\"LastUpdated\":\"30-11-2016\"},{\"URL\":\"/Assets/za/Personal/HistoricalReports/2016/December/2016-December-Top-20-Fund-Comprehensive.pdf\",\"LastUpdated\":\"31-12-2016\"},{\"URL\":\"/Assets/za/Personal/HistoricalReports/2017/January/2017-January-Top-20-Fund-Comprehensive.pdf\",\"LastUpdated\":\"31-01-2017\"},{\"URL\":\"/Assets/za/Personal/HistoricalReports/2017/February/2017-February-Top-20-Fund-Comprehensive.pdf\",\"LastUpdated\":\"28-02-2017\"},{\"URL\":\"/Assets/za/Personal/HistoricalReports/2017/March/2017-March-Top-20-Fund-Comprehensive.pdf\",\"LastUpdated\":\"31-03-2017\"},{\"URL\":\"/Assets/za/Personal/HistoricalReports/2017/April/2017-April-Top-20-Fund-Comprehensive.pdf\",\"LastUpdated\":\"30-04-2017\"},{\"URL\":\"/Assets/za/Personal/HistoricalReports/2017/May/2017-May-Top-20-Fund-Comprehensive.pdf\",\"LastUpdated\":\"31-05-2017\"},{\"URL\":\"/Assets/za/Personal/HistoricalReports/2017/June/2017-June-Top-20-Fund-Comprehensive.pdf\",\"LastUpdated\":\"30-06-2017\"},{\"URL\":\"/Assets/za/Personal/HistoricalReports/2017/July/2017-July-Top-20-Fund-Comprehensive.pdf\",\"LastUpdated\":\"31-07-2017\"}]", "AlternativeDescription": "A focused portfolio of our top stock picks on the JSE.", "PortfolioManagers": "Neville Chester, Pallavi Ambekar and Nicholas Stein", "BenchmarkReturnPercent": null, "RiskRating": 8, "Name": "Coronation Top 20 Fund", "IsReg28Compliant": "No", "GrowthPercentage": 100.0, "TERExplanation": "0.88% per annum, which includes a performance fee of -0.29%", "OutperformancePercent": null, "LaunchDate": "01 October 2000", "SuitableFor": null, "TERPerformance": 0.05, "NotSuitableFor": null, "TERDate": "/Date(1498773600000)/", "MonthlyFactSheet": {"Title": "MONTHLY FACTSHEET", "Id": 227470, "URL": "/Assets/za/Personal/Funds/FactsheetMonthly/2017/August/2017-August-Top-20-Fund.pdf", "LastUpdated": "/Date(1504130400000)/", "Size": null}, "MDD": {"Title": "Comprehensive Fact Sheet", "Id": 55346, "URL": "/Assets/za/Personal/Funds/FactsheetComprehensive/2017/August/2017-August-Top-20-Fund-Comprehensive.pdf", "LastUpdated": "/Date(1504130400000)/", "Size": "0.51"}, "Regulation28InternationalExposure": 0, "LowestReturn": "(31.70)%", "FeeExplanation": "<p>An annual fee of a minimum of 0.5% and a maximum of 3%, depending on the fund\u2019s performance, is payable. If the fund\u2019s return (after fees and costs) is equal to that of its benchmark, a fee of 1% will be charged. We share in 20% of performance above the benchmark, up to a maximum total annual fee of 3.00%, measured over a rolling 24 month period. \r\nWhen the fund return is below the benchmark over a rolling 60-month period the fee is discounted to 0.50%.\r\nAll fees exclude VAT. Other costs that are incurred in the fund include trading, custody and audit charges. All performance information is disclosed after deducting all fees and other portfolio costs. We do not charge fees to access or withdraw from the fund.</p>\r\n", "FundReturnPercent": null, "HighestReturnDate": "May 2005 - Apr 2006", "LowestReturnDate": "May 2002 - Apr 2003", "TimeHorizon": "5 years +", "HistoricalReports": null, "CompareFundsStandardDeviation": "12.82%", "TERTotal": 0.78, "DisplayCurrency": null, "QuartelyCommentaty": {"Title": "Latest Commentary", "Id": 28, "URL": "/Assets/za/Personal/QuarterlyCommentary/2017/June/2017-June-Top-20-Fund-Commentary.pdf", "LastUpdated": "/Date(1498773600000)/", "Size": "0.13"}, "Regulation28EquityExposure": 100, "FundPricingClass": "A", "DisplayDescription": "A focused portfolio of our top stock picks on the JSE. ", "SharingRate": "Sharing Rate: 20.00%", "FundCategoryDescription": "South African - Equity - General", "FundDisplayObjective": "The fund aims to outperform an index of the forty largest companies listed on the Johannesburg Stock Exchange (the JSE Top 40 Index) over the longer term. ", "GraphDisclaimer": null, "HideHoldingsTab": false, "StaticFactSheet": {"Title": "Static Fact Sheet", "Id": 27, "URL": "/Assets/za/Personal/StaticFactSheet/2017/August/2017-August-Top-20-Fund-Static.pdf", "LastUpdated": "/Date(1504130400000)/", "Size": "0.15"}, "FundCurrency": "ZAR", "Disclaimer": "-", "FundObjective": "Top 20 is a general equity fund aiming to significantly outperform the FTSE/JSE Top 40 Index over a 3 to 5 year period, by investing in a concentrated portfolio constructed from the 50 largest shares listed on the JSE Securities Exchange.", "GraphHeader": "R100\u00a0000 invested at launch in October 2000, would have grown to R1\u00a0980\u00a0024 as at end September 2017.", "InceptionDate": "/Date(970351200000)/", "BenchmarkDescription": "FTSE/JSE Capped All Share Index (CAPI)", "FundDisplayHighlights": "The fund added 4.5%\r\np.a. to the return of\r\nthe market. This means\r\nR100 000 invested in\r\nTop 20 at launch in Oct\r\n2000 grew to more\r\nthan R1.8 million by\r\nend-June 2017 \u2013 nearly\r\ndouble the value of its\r\ncurrent benchmark. The\r\nfund is a top quartile\r\nperformer since launch.", "Capital": null, "TC": "0,26", "Brochure": {"Title": null, "Id": 0, "URL": null, "LastUpdated": "/Date(1507759200000)/", "Size": null}, "FundPurpose": "Concentrated exposure to shares listed in South Africa", "PageId": 0}